id,address,ward,neighbourhood_158_code,neighbourhood_158_name,status_raw,status,proposed_units,proposed_res_gfa,proposed_nonres_gfa,date_received,aic_link,lon,lat
16 271211 STE 31 OZ,49 CRANFIELD RD,19,054,O'Connor-Parkview,Under Review,proposed,0,,11013,2016-12-28,http://app.toronto.ca/AIC/index.do?folderRsn=q1MYYGY6t65pFAMoSPepWw%3D%3D,-79.309132,43.713538
17 122573 STE 20 OZ,49 SPADINA AVE,10,165,Harbourfront-CityPlace,Active,active,0,,18260,2017-02-28,http://app.toronto.ca/AIC/index.do?folderRsn=TDwnjxzetSE6aVPb6oTP0A%3D%3D,-79.393717,43.641503
18 172305 WET 13 OZ,299 GLENLAKE AVE,4,088,High Park North,Active,active,123,9501,,2018-06-05,http://app.toronto.ca/AIC/index.do?folderRsn=mHNDNp2Ml0l2huLHFugJ9w%3D%3D,-79.465593,43.654927
09 190533 ESC 41 OZ,3270 X MARKHAM RD,23,130,Milliken,Active,active,0,,4669,2009-11-23,,-79.251943,43.830973
08 150183 STE 22 SA,271 RUSSELL HILL RD,12,096,Casa Loma,Active,active,8,1500.79,,2008-04-22,,-79.408022,43.683903
20 210389 NNY 17 SA,2901 BAYVIEW AVE,17,152,East Willowdale,Under Review,proposed,682,50349.25,15316.22,2020-10-23,http://app.toronto.ca/AIC/index.do?folderRsn=rzOjXOHvMBZWOr61WvpILg%3D%3D,-79.388692,43.767214
19 186975 STE 19 OZ,1821 DANFORTH AVE,19,064,Woodbine Corridor,Under Review,proposed,30,1877,74,2019-07-11,http://app.toronto.ca/AIC/index.do?folderRsn=0fCYLDauDIxKY8D3MGCxOA%3D%3D,-79.318618,43.682271
15 213190 STE 30 OZ,395 LESLIE ST,14,070,South Riverdale,Active,active,10,2811,,2015-08-26,http://app.toronto.ca/AIC/index.do?folderRsn=ZEL4YG2n9QB78KCNMlrWJQ%3D%3D,-79.333283,43.668598
21 193927 NNY 15 SA,36 YORK MILLS RD,15,041,Bridle Path-Sunnybrook-York Mills,Under Review,proposed,0,,966,2021-08-05,http://app.toronto.ca/AIC/index.do?folderRsn=hfPiGYZO8SEFaY5PEuq2eg%3D%3D,-79.406216,43.742509
21 195890 ESC 20 SA,1336 KINGSTON RD,20,122,Birchcliffe-Cliffside,Under Review,proposed,112,6996,,2021-08-09,http://app.toronto.ca/AIC/index.do?folderRsn=TU%2BfcsKxFC5j7dL2vGuYbQ%3D%3D,-79.275177,43.683497
16 118636 ESC 39 SA,1030 MCNICOLL AVE,22,,,Built,built,177,16939.19,967.27,2016-02-19,http://app.toronto.ca/AIC/index.do?folderRsn=PPrpS2GuDM%2BGafHoNzb1Bg%3D%3D,,
06 116641 ESC 35 OZ,240 DANFORTH RD,20,,,Active,active,5,1046.57,,2006-03-13,,,
13 205120 ESC 44 OZ,8861 SHEPPARD AVE E,25,143,West Rouge,Active,active,0,,343.4,2013-07-16,http://app.toronto.ca/AIC/index.do?folderRsn=ECVk22iDiZCw%2FHidF46VKw%3D%3D,-79.182764,43.803512
13 105888 STE 22 OZ,2131 YONGE ST,12,100,Yonge-Eglinton,Built,built,624,43936.4,7290.6,2013-01-15,,-79.397424,43.701842
12 138120 STE 31 OZ,1401 O'CONNOR DR,19,054,O'Connor-Parkview,Built,built,142,10711,597,2012-03-16,,-79.30683,43.710816
21 201461 ESC 21 OZ,2956 EGLINTON AVE E,21,138,Eglinton East,Under Review,proposed,935,67992,522,2021-08-19,http://app.toronto.ca/AIC/index.do?folderRsn=D6n1dFUoX6FR2TUqVfSGmg%3D%3D,-79.234291,43.738319
20 211508 WET 05 SA,74 INDUSTRY ST,5,112,Beechborough-Greenbrook,Under Review,proposed,0,,2994,2020-10-27,http://app.toronto.ca/AIC/index.do?folderRsn=YZGNNdakIpwdVtV2KovqAQ%3D%3D,-79.487978,43.690247
16 200185 STE 20 SA,4 AVENUE RD,11,079,University,Built,built,65,11003,,2016-08-02,http://app.toronto.ca/AIC/index.do?folderRsn=DAkJWpWranfVtBXeBtfNwQ%3D%3D,-79.394952,43.667204
11 257217 STE 27 OZ,21 PRICE ST,11,098,Rosedale-Moore Park,Built,built,0,,1319.93,2011-08-15,,-79.389648,43.677925
16 270578 ESC 35 SA,3258 DANFORTH AVE,20,121,Oakridge,Under Review,proposed,25,1902,73,2016-12-23,http://app.toronto.ca/AIC/index.do?folderRsn=VCbLzxBzNHD484oZvunOOg%3D%3D,-79.281711,43.69097
14 222791 STE 27 OZ,700 BAY ST,11,170,Yonge-Bay Corridor,Built,built,274,21740.2,167.9,2014-09-16,,-79.385266,43.656226
18 171361 WET 05 OZ,170 THE WEST MALL,3,159,Etobicoke City Centre,Built,built,0,,19463,2018-06-04,http://app.toronto.ca/AIC/index.do?folderRsn=077kwlX85THF3deyOOvC5Q%3D%3D,-79.56079,43.621216
14 148284 STE 28 OZ,93 BERKELEY ST,13,073,Moss Park,Built,built,330,22406,1030,2014-04-28,,-79.364805,43.651647
05 110000 WET 11 SA,55 DENISON RD E,5,,,Built,built,0,,4016,2005-02-18,,,
17 152194 STE 22 SA,43 MILLWOOD RD,12,174,South Eglinton-Davisville,Built,built,0,,7739,2017-05-01,http://app.toronto.ca/AIC/index.do?folderRsn=cV%2F2yExdxlhSdqTeQbJ1ew%3D%3D,-79.394788,43.69897
15 108969 STE 28 SA,495 SHERBOURNE ST,13,071,Cabbagetown-South St.James Town,Built,built,0,,2354,2015-01-27,,-79.374929,43.665901
08 231178 STE 28 OZ,545-565 SHERBOURNE ST,13,071,Cabbagetown-South St.James Town,Built,built,410,30422,,2008-12-19,,-79.375049,43.66649
14 264174 STE 19 OZ,65 GRAND MAGAZINE ST,10,163,Fort York-Liberty Village,Built,built,459,28500,,2014-12-15,,-79.402226,43.635187
16 245598 NNY 10 OZ,1755 STEELES AVE W,6,034,Bathurst Manor,Built,built,0,,15660.1,2016-11-01,http://app.toronto.ca/DevelopmentApplications/associatedApplicationsList.do?action=init&folderRsn=4055174&isCofASearch=false,-79.462878,43.782672
16 270525 NNY 33 OZ,1650 SHEPPARD AVE E,17,053,Henry Farm,Active,active,331,22728.72,,2016-12-23,http://app.toronto.ca/AIC/index.do?folderRsn=9rKS%2B4FI7VXe0eqtewwGXw%3D%3D,-79.34928,43.773122
15 177235 STE 19 OZ,45 DOVERCOURT RD,10,085,South Parkdale,Built,built,25,2945,,2015-06-19,,-79.421605,43.639899
19 130425 NNY 15 OZ,1 TUDOR GT,15,041,Bridle Path-Sunnybrook-York Mills,Active,active,6,1563,,2019-03-25,http://app.toronto.ca/AIC/index.do?folderRsn=QxT6m%2BsRWfYyQG90BZHWWA%3D%3D,-79.383028,43.741235
16 179683 ESC 41 OZ,25 THUNDER GRV,23,129,Agincourt North,Built,built,186,13629.24,,2016-06-23,,-79.265686,43.806809
16 255783 ESC 38 SA,801 PROGRESS AVE,24,142,Woburn North,Built,built,0,,185.81,2016-11-24,http://app.toronto.ca/AIC/index.do?folderRsn=1CE%2FLW1%2BEyM46Bmf%2BV%2FXHA%3D%3D,-79.243337,43.77773
12 256312 STE 32 OZ,1884 QUEEN ST E,19,063,The Beaches,Built,built,47,4585,590,2012-10-01,,-79.305766,43.666985
13 237724 ESC 36 OZ,2799 KINGSTON RD,20,123,Cliffcrest,Built,built,188,14409,1328,2013-09-18,http://app.toronto.ca/AIC/index.do?folderRsn=3DiFqwOvBUkbx4IGlFjctA%3D%3D,-79.237455,43.718563
16 264775 STE 14 OZ,421 RONCESVALLES AVE,4,087,High Park-Swansea,Active,active,0,,1731,2016-12-15,http://app.toronto.ca/AIC/index.do?folderRsn=WC2r27Zza0O5Mr9HS2o8qw%3D%3D,-79.451004,43.649433
18 126761 STE 32 SA,1602 QUEEN ST E,14,063,The Beaches,Built,built,8,965.8,143.4,2018-03-08,http://app.toronto.ca/AIC/index.do?folderRsn=8v3JJUk0vCiELjUGnezSFA%3D%3D,-79.317374,43.664405
18 241113 STE 32 SA,1598 QUEEN ST E,14,063,The Beaches,Built,built,10,901.8,177.4,2018-10-12,http://app.toronto.ca/AIC/index.do?folderRsn=Ns9Xj4UAXkseeJy99z8Ccw%3D%3D,-79.317501,43.664376
05 193926 STE 22 OZ,609 AVENUE RD,12,,,Built,built,160,14546,,2005-10-14,,,
16 194024 WET 12 SA,2265 KEELE ST,5,030,Brookhaven-Amesbury,Built,built,0,,22,2016-07-20,http://app.toronto.ca/AIC/index.do?folderRsn=tIgyyOJMJXrTZ8NnD%2FonGA%3D%3D,-79.476442,43.700176
20 153087 ESC 20 SA,11 MACEY AVE,20,121,Oakridge,Built,built,56,2685,,2020-06-05,http://app.toronto.ca/AIC/index.do?folderRsn=7xHxJoCYHca2P%2F6HtkDMnQ%3D%3D,-79.286933,43.690748
13 169170 STE 22 OZ,11 LILLIAN ST,12,174,South Eglinton-Davisville,Built,built,160,12237,,2013-05-15,,-79.393147,43.703583
03 172936 NNY 07 OZ,2345 FINCH AVE W,7,,,Built,built,634,56452,1183,2003-09-09,,,
14 266776 STE 22 OZ,1 EGLINTON AVE E,12,100,Yonge-Eglinton,Active,active,600,43684.6,11226,2014-12-22,http://app.toronto.ca/AIC/index.do?folderRsn=46yvaEcr9boRV19lCe5jBw%3D%3D,-79.397973,43.704591
17 115356 STE 27 CD,1133 YONGE ST,11,095,Annex,Built,built,0,,147.3,2017-02-10,http://app.toronto.ca/DevelopmentApplications/associatedApplicationsList.do?action=init&folderRsn=4105168&isCofASearch=false,-79.391286,43.679856
13 142125 STE 20 OZ,233 COLLEGE ST,11,078,Kensington-Chinatown,Built,built,150,11064.22,381.24,2013-03-28,,-79.39829,43.656077
19 109784 WET 05 OZ,2421 EGLINTON AVE W,5,110,Keelesdale-Eglinton West,Under Review,proposed,7,1021,,2019-01-30,http://app.toronto.ca/AIC/index.do?folderRsn=uvDl7Y4VcyOdZOmjBvQGXA%3D%3D,-79.466458,43.689643
14 102565 NNY 16 OZ,491 GLENCAIRN AVE,8,032,Englemount-Lawrence,Active,active,105,9907,440,2014-01-09,http://app.toronto.ca/AIC/index.do?folderRsn=eQ5luRp32x%2FhDmggk1DxrA%3D%3D,-79.427806,43.710207
17 232793 ESC 43 SA,191 GUILDWOOD PKWY,24,140,Guildwood,Built,built,0,,371.5,2017-09-14,http://app.toronto.ca/DevelopmentApplications/associatedApplicationsList.do?action=init&folderRsn=4245809&isCofASearch=false,-79.192442,43.745824
12 139054 NNY 25 OZ,6 BAYTREE CRES,15,040,St.Andrew-Windfields,Built,built,6,1867.26,,2012-03-20,,-79.386105,43.751956
18 106382 WET 02 SA,954-970 SCARLETT RD,2,008,Humber Heights-Westmount,Active,active,0,,112,2018-01-17,http://app.toronto.ca/AIC/index.do?folderRsn=xl7Iau4iAGsh0tBhvhlpWg%3D%3D,-79.527073,43.698953
18 249444 NNY 26 OZ,154 WICKSTEED AVE,15,055,Thorncliffe Park,Active,active,0,,7073.3,2018-10-29,http://app.toronto.ca/AIC/index.do?folderRsn=0Vz0pV044%2F6KCE6comsSNg%3D%3D,-79.355913,43.709934
21 233427 ESC 20 OZ,40 EGLINTON SQ,20,120,Clairlea-Birchmount,Under Review,proposed,892,70675,3752,2021-11-02,http://app.toronto.ca/AIC/index.do?folderRsn=OQvl5eIlHoCLDl1RCb6KKQ%3D%3D,-79.298582,43.722315
12 134356 NNY 23 OZ,75 CANTERBURY PL,18,,,Built,built,371,23920.57,,2012-03-08,http://app.toronto.ca/AIC/index.do?folderRsn=lsPKjbVh0whyitjvEu1U3A%3D%3D,,
19 257796 ESC 23 SA,0 SCOTTFIELD DR   S/S,23,129,Agincourt North,Active,active,0,,1859,2019-12-05,http://app.toronto.ca/AIC/index.do?folderRsn=HXn4v1oAKF2WUlbysXuRJA%3D%3D,-79.253007,43.806364
10 197695 STE 20 OZ,401-409 KING ST W,10,164,Wellington Place,Active,active,435,26582.6,17622.6,2010-06-16,,-79.394249,43.643472
11 259011 ESC 35 OZ,40 DANFORTH RD,20,121,Oakridge,Built,built,8,1267.6,,2011-08-17,,-79.276717,43.693261
14 268423 STE 22 OZ,1421 YONGE ST,12,097,Yonge-St.Clair,Active,active,198,26668,1028,2014-12-30,,-79.393815,43.685583
14 174007 STE 28 OZ,370 CHERRY ST,10,,,Active,active,590,38333.6,29000.8,2014-06-13,http://app.toronto.ca/AIC/index.do?folderRsn=MtYoG2XJFmQb9royBB7OOA%3D%3D,,
16 161156 STE 32 SA,1661 QUEEN ST E,19,063,The Beaches,Built,built,0,,407,2016-05-25,,-79.314036,43.664676
16 269352 WET 06 OZ,25 AUDLEY ST,3,160,Mimico-Queensway,Active,active,479,30437,2059,2016-12-21,http://app.toronto.ca/AIC/index.do?folderRsn=w0KRMhNEtygwZN5YHzMyOQ%3D%3D,-79.495114,43.617287
16 203845 STE 27 SA,44 GERRARD ST E,13,168,Downtown Yonge East,Built,built,0,,4149,2016-08-09,http://app.toronto.ca/DevelopmentApplications/associatedApplicationsList.do?action=init&folderRsn=4006704&isCofASearch=false,-79.379856,43.65782
17 268827 STE 28 SA,595 PARLIAMENT ST,13,071,Cabbagetown-South St.James Town,Active,active,11,2140,,2017-11-29,http://app.toronto.ca/AIC/index.do?folderRsn=aq%2F6aokhUeDc9zqgn%2F%2Bvfg%3D%3D,-79.369202,43.6658
21 235806 ESC 20 OZ,375 KENNEDY RD,20,120,Clairlea-Birchmount,Under Review,proposed,2345,163716,6321,2021-11-09,http://app.toronto.ca/AIC/index.do?folderRsn=voDhKpHHv7HQ9oPr6%2FcAXg%3D%3D,-79.259503,43.711566
14 251911 NNY 15 SA,3091 DUFFERIN ST,8,,,Built,built,372,27666,1425,2014-11-14,http://app.toronto.ca/DevelopmentApplications/associatedApplicationsList.do?action=init&folderRsn=3658977&isCofASearch=false,,
13 250500 STE 19 SA,686 OSSINGTON AVE,9,080,Palmerston-Little Italy,Built,built,0,,436.3,2013-10-15,,-79.425643,43.65862
15 215421 STE 28 SA,620 DUNDAS ST E,13,072,Regent Park,Built,built,158,14811,,2015-08-31,http://app.toronto.ca/AIC/index.do?folderRsn=4GXfvx7b2DqrqBV94ixCHA%3D%3D,-79.360906,43.658399
18 130962 STE 20 SA,536 BRUNSWICK AVE,11,095,Annex,Built,built,6,1183.86,,2018-03-19,http://app.toronto.ca/AIC/index.do?folderRsn=ec%2Fz4F0YpqKFxmYiTUXuzw%3D%3D,-79.410864,43.671731
06 199143 ESC 36 SA,3790 KINGSTON RD,24,,,Built,built,0,,59.04,2006-12-20,,,
14 265429 ESC 40 OZ,3105 SHEPPARD AVE E,22,118,Tam O'Shanter-Sullivan,Built,built,264,20543.63,1004.13,2014-12-17,,-79.317242,43.774413
15 241882 STE 29 OZ,14 DEWHURST BLVD,14,069,Blake-Jones,Built,built,32,3402,,2015-10-23,http://app.toronto.ca/DevelopmentApplications/associatedApplicationsList.do?action=init&folderRsn=3847477&isCofASearch=false,-79.340185,43.678563
17 170226 NNY 08 SA,20 DE BOERS DR,6,155,Downsview,Built,built,180,13468,,2017-05-31,http://app.toronto.ca/DevelopmentApplications/associatedApplicationsList.do?action=init&folderRsn=4173842&isCofASearch=false,-79.465445,43.749942
11 326392 ESC 38 SA,2401 ELLESMERE RD,24,141,Golfdale-Cedarbrae-Woburn,Under Review,proposed,0,,517.01,2011-12-15,http://app.toronto.ca/AIC/index.do?folderRsn=HRBb3QkuebqvA%2BY7o05zjA%3D%3D,-79.222698,43.776044
13 275737 ESC 35 SA,743 WARDEN AVE,20,120,Clairlea-Birchmount,Built,built,184,25898.59,,2013-12-09,http://app.toronto.ca/DevelopmentApplications/associatedApplicationsList.do?action=init&folderRsn=3475878&isCofASearch=false,-79.281753,43.715269
95 035702 ESC 38 OZ,1744 ELLESMERE RD,24,,,Active,active,242,18005.4,,1995-03-27,,,
15 209692 STE 14 SA,60 ATLANTIC AVE,10,085,South Parkdale,Built,built,0,,7902,2015-08-19,http://app.toronto.ca/DevelopmentApplications/associatedApplicationsList.do?action=init&folderRsn=3809704&isCofASearch=false,-79.421501,43.636383
16 136299 STE 27 SA,100 EDWARD ST,11,170,Yonge-Bay Corridor,Under Review,proposed,515,35859.4,976,2016-04-06,http://app.toronto.ca/AIC/index.do?folderRsn=d2pjSZbs6pcgZiQTElVi6Q%3D%3D,-79.385238,43.654461
13 277919 WET 11 OZ,8 OAK ST,5,113,Weston,Active,active,509,45378,,2013-12-13,http://app.toronto.ca/AIC/index.do?folderRsn=H6ygvTi9s3fBr%2FFDv%2B5szA%3D%3D,-79.531642,43.706534
17 278716 WET 17 SA,22 GEARY AVE,9,172,Dovercourt Village,Active,active,0,,670,2017-12-22,http://app.toronto.ca/AIC/index.do?folderRsn=U7G5XzfTcMYA2U0jo2yALw%3D%3D,-79.431257,43.669438
16 269918 WET 07 OZ,160 CHALKFARM DR,7,154,Oakdale-Beverley Heights,Active,active,467,32474,,2016-12-22,http://app.toronto.ca/AIC/index.do?folderRsn=HbspJEoBPzbsRKVGsqqZeA%3D%3D,-79.514944,43.722325
15 268295 STE 20 SA,115 DUPONT ST,11,095,Annex,Active,active,0,,844,2015-12-22,http://app.toronto.ca/AIC/index.do?folderRsn=xxw5Y8xf88KDa6P9acjX9w%3D%3D,-79.401498,43.673726
21 247614 ESC 25 OZ,10065 SHEPPARD AVE E,25,143,West Rouge,Under Review,proposed,11,3746.5,,2021-12-12,http://app.toronto.ca/AIC/index.do?folderRsn=ttP8TZWiYvQVmrEqWYvgMA%3D%3D,-79.163955,43.805334
20 113400 ESC 21 OZ,1940 LAWRENCE AVE E,21,119,Wexford/Maryvale,Under Review,proposed,90,13066.3,552.6,2020-02-07,http://app.toronto.ca/AIC/index.do?folderRsn=KnfHK8QAwHVj%2BgktGgGPiw%3D%3D,-79.300244,43.74269
18 243719 NNY 25 OZ,2075 BAYVIEW AVE,15,041,Bridle Path-Sunnybrook-York Mills,Built,built,0,,440,2018-10-17,http://app.toronto.ca/AIC/index.do?folderRsn=d3kRh1GnVcm%2FDeLuhTtNaA%3D%3D,-79.374836,43.71958
17 145395 NNY 33 SA,3-5 ALLENBURY GDNS,17,047,Don Valley Village,Built,built,316,28003.45,,2017-04-18,http://app.toronto.ca/AIC/index.do?folderRsn=4140506,-79.34406,43.778324
21 248821 NNY 15 OZ,2441 BAYVIEW AVE,15,041,Bridle Path-Sunnybrook-York Mills,Under Review,proposed,0,,3242,2021-12-15,http://app.toronto.ca/AIC/index.do?folderRsn=IKlmjgw7jre0EBxb1xyrGQ%3D%3D,-79.381959,43.737468
13 191712 STE 20 OZ,314 DAVENPORT RD,11,095,Annex,Active,active,100,21572,1098,2013-06-20,http://app.toronto.ca/AIC/index.do?folderRsn=Us9VIzL%2BoN%2F6oBxvwq2YCQ%3D%3D,-79.400865,43.672854
13 115551 NNY 10 OZ,719 SHEPPARD AVE W,6,033,Clanton Park,Active,active,91,6784.5,,2013-02-04,,-79.445383,43.751776
20 209468 NNY 18 SA,5799 YONGE ST,18,036,Newtonbrook West,Under Review,proposed,856,63156.2,3831.2,2020-10-22,http://app.toronto.ca/AIC/index.do?folderRsn=tB%2BvwvjI41LdzvjJcoG%2BNA%3D%3D,-79.416656,43.782871
17 274163 WET 06 SA,188 NEW TORONTO ST,3,018,New Toronto,Built,built,0,,4049,2017-12-11,http://app.toronto.ca/AIC/index.do?folderRsn=UTUQxoyeSBaHi1M%2BiC1Zqg%3D%3D,-79.501304,43.606383
21 249720 WET 01 SA,930 ALBION RD,1,003,Thistletown-Beaumond Heights,Under Review,proposed,65,4015,746,2021-12-17,http://app.toronto.ca/AIC/index.do?folderRsn=CJb1Ol36mOE8afovx%2FqTAg%3D%3D,-79.561627,43.733636
20 193551 NNY 17 OZ,25 LEITH HILL RD,17,053,Henry Farm,Under Review,proposed,292,22716.4,,2020-09-15,http://app.toronto.ca/AIC/index.do?folderRsn=w%2Bu0sLUYM6r8ekyzCx3XdA%3D%3D,-79.349786,43.774393
21 250282 ESC 20 SA,705 WARDEN AVE,20,121,Oakridge,Under Review,proposed,441,28307.4,576.2,2021-12-20,http://app.toronto.ca/AIC/index.do?folderRsn=5lhNMX14mrVA5CbB9%2B5p3g%3D%3D,-79.280831,43.711442
21 250249 ESC 20 SA,705 WARDEN AVE,20,121,Oakridge,Under Review,proposed,240,17299.4,864.8,2021-12-20,http://app.toronto.ca/AIC/index.do?folderRsn=HFvvukNw8wNuMO%2F9YxLELQ%3D%3D,-79.280831,43.711442
21 251000 STE 10 SA,53 FRASER AVE,10,085,South Parkdale,Under Review,proposed,0,,18029,2021-12-22,http://app.toronto.ca/AIC/index.do?folderRsn=32qriHclow8y17M4lPPQ4g%3D%3D,-79.423212,43.635563
21 250999 STE 10 SA,41 FRASER AVE,10,085,South Parkdale,Under Review,proposed,0,,13664,2021-12-22,http://app.toronto.ca/AIC/index.do?folderRsn=%2FRBeR%2FffSZlUvsSDkh58hg%3D%3D,-79.424033,43.635583
16 270623 WET 04 SA,4208 DUNDAS ST W,2,015,Kingsway South,Built,built,276,24651,,2016-12-23,http://app.toronto.ca/AIC/index.do?folderRsn=nD%2BX2AbWecH9gsHzDgrkXA%3D%3D,-79.511709,43.658479
12 282863 STE 19 SA,30 ORDNANCE ST,10,163,Fort York-Liberty Village,Built,built,744,52904,132,2012-11-21,http://app.toronto.ca/AIC/index.do?folderRsn=gmOe03Y6pe8A%2BW3aeZtZwg%3D%3D,-79.409342,43.637379
06 111098 NNY 10 OZ,221-245 WILMINGTON AVE,6,,,Active,active,164,25853.3,,2006-02-20,http://app.toronto.ca/AIC/index.do?folderRsn=Zq%2BLUpsTieiAaJWPdedjGQ%3D%3D,,
19 243786 ESC 23 OZ,4620 FINCH AVE E,23,129,Agincourt North,Active,active,0,,5934.97,2019-10-31,http://app.toronto.ca/AIC/index.do?folderRsn=ixwQmMpWNTOcajbKvMTSGg%3D%3D,-79.276222,43.804471
19 265498 WET 02 SA,2 GIBBS RD,2,159,Etobicoke City Centre,Under Review,proposed,741,53645,3635,2019-12-30,http://app.toronto.ca/AIC/index.do?folderRsn=eMwjNeMxDSlUPsokKZTQaA%3D%3D,-79.558352,43.63636
21 252336 NNY 06 OZ,2 CHAMPAGNE DR,6,027,York University Heights,Under Review,proposed,0,,9994,2021-12-31,http://app.toronto.ca/AIC/index.do?folderRsn=cczXcwvk%2FJroeJLWby8jgw%3D%3D,-79.472535,43.764428
13 257872 WET 05 SA,85 VICKERS RD,3,159,Etobicoke City Centre,Built,built,0,,231,2013-10-29,,-79.55439,43.622576
20 182703 NNY 16 SA,1450 DON MILLS RD,16,042,Banbury-Don Mills,Active,active,0,,3669.1,2020-08-19,http://app.toronto.ca/AIC/index.do?folderRsn=Vyz1ceF3K6vpG%2FTHGOJf8Q%3D%3D,-79.347709,43.750632
14 249503 STE 28 SA,143 LAKE SHORE BLVD E,10,166,St Lawrence-East Bayfront-The Islands,Built,built,963,63328,6736,2014-11-07,http://app.toronto.ca/AIC/index.do?folderRsn=1wUPslPOZDbgbBbJlu3bZg%3D%3D,-79.36925,43.643173
11 184256 STE 22 SA,111 ST CLAIR AVE W,12,097,Yonge-St.Clair,Built,built,400,38143,,2011-04-29,,-79.399713,43.684661
15 242710 STE 32 OZ,2301 DANFORTH AVE,19,062,East End-Danforth,Built,built,170,11793,380,2015-10-26,,-79.307336,43.684788
11 255468 NNY 10 OZ,9 TIPPETT RD,6,,,Built,built,485,35542,1075.74,2011-08-11,,,
15 230943 NNY 23 OZ,11 ALTAMONT RD,18,037,Willowdale West,Active,active,26,4375.4,,2015-09-30,http://app.toronto.ca/AIC/index.do?folderRsn=dMnv1N86nGmYlevmatlnLg%3D%3D,-79.425749,43.776617
11 131706 STE 18 SA,1150 QUEEN ST W,9,085,South Parkdale,Built,built,0,,1867,2011-02-23,http://app.toronto.ca/AIC/index.do?folderRsn=qhYe6FXVbYGMmH%2B34CPcvQ%3D%3D,-79.424596,43.641221
10 238555 ESC 42 SA,30 IRONSIDE CRES,23,144,Morningside Heights,Built,built,0,,7745.52,2010-08-12,,-79.247297,43.82354
16 103438 ESC 39 SA,2981 KENNEDY RD,22,148,East L'Amoreaux,Built,built,0,,2967.08,2016-01-12,http://app.toronto.ca/AIC/index.do?folderRsn=sqUulJPsqy3djbzskNt9Cw%3D%3D,-79.29865,43.804513
22 112137 ESC 21 OZ,963-967 PHARMACY AVE,21,119,Wexford/Maryvale,Under Review,proposed,20,1986,,2022-02-08,http://app.toronto.ca/AIC/index.do?folderRsn=e%2FiQp5yNaUIzZQ7mxLAeng%3D%3D,-79.301026,43.732635
14 125514 STE 32 OZ,1327 QUEEN ST E,14,063,The Beaches,Built,built,91,8916.83,414.65,2014-03-06,,-79.326634,43.66189
21 137662 NNY 08 OZ,425 LAWRENCE AVE W,8,039,Bedford Park-Nortown,Under Review,proposed,5,459.75,,2021-04-08,http://app.toronto.ca/AIC/index.do?folderRsn=viuGUTjHxtRfdoz72S%2BzIw%3D%3D,-79.425581,43.717993
16 269867 WET 05 OZ,784 THE QUEENSWAY,3,016,Stonegate-Queensway,Built,built,167,12865,1723,2016-12-22,http://app.toronto.ca/DevelopmentApplications/associatedApplicationsList.do?action=init&folderRsn=4083787&isCofASearch=false,-79.505657,43.624212
08 150526 STE 20 OZ,355 KING ST W,10,164,Wellington Place,Built,built,911,53011,12648,2008-04-23,,-79.391798,43.643702
15 264787 STE 28 SA,591 DUNDAS ST E,13,072,Regent Park,Built,built,370,29843,878,2015-12-14,http://app.toronto.ca/AIC/index.do?folderRsn=SyP77Zl7uQ3zjgsVrx04OQ%3D%3D,-79.358483,43.65811
17 260616 WET 07 SA,4 MILVAN DR,7,022,Humbermede,Under Review,proposed,0,,1411,2017-11-10,http://app.toronto.ca/AIC/index.do?folderRsn=wc1zQP7w%2FoEayT%2F5ycba4g%3D%3D,-79.553139,43.748514
16 200831 STE 22 SA,200 MADISON AVE,12,095,Annex,Built,built,82,7320.1,,2016-08-03,http://app.toronto.ca/DevelopmentApplications/associatedApplicationsList.do?action=init&folderRsn=4003296&isCofASearch=false,-79.406996,43.674397
16 254656 WET 03 OZ,400 THE EAST MALL,2,158,Islington,Built,built,62,4709,,2016-11-22,http://app.toronto.ca/DevelopmentApplications/associatedApplicationsList.do?action=init&folderRsn=4065753&isCofASearch=false,-79.560745,43.644599
13 280900 STE 28 SA,591 DUNDAS ST E,13,072,Regent Park,Built,built,18,4488.3,,2013-12-23,,-79.362981,43.655971
09 199580 NNY 16 OZ,515 CHAPLIN CRES,8,102,Forest Hill North,Active,active,66,5537.87,,2009-12-23,http://app.toronto.ca/AIC/index.do?folderRsn=mypVRmHwVPaBlU6DMy5SvA%3D%3D,-79.42445,43.702963
16 117808 ESC 39 OZ,2100-2122 BRIDLETOWNE CRCL,22,148,East L'Amoreaux,Built,built,60,6694.8,,2016-02-18,,-79.31362,43.796888
15 210277 ESC 43 SA,4434 KINGSTON RD,24,136,West Hill,Built,built,161,13332.02,,2015-08-20,http://app.toronto.ca/AIC/index.do?folderRsn=w39P3v9mDeDFM401UGa6Yg%3D%3D,-79.18888,43.767471
12 144991 WET 13 OZ,2114-2130 BLOOR ST W,4,087,High Park-Swansea,Built,built,62,6666,317,2012-03-28,,-79.472187,43.650311
22 119495 ESC 24 OZ,1215 MCCOWAN RD,24,156,Bendale-Glen Andrew,Under Review,proposed,1412,113104,4810,2022-03-04,http://app.toronto.ca/AIC/index.do?folderRsn=7v92Pz97a7wyVcO4bFXC4g%3D%3D,-79.251179,43.770747
17 238510 NNY 33 SA,32-50 FOREST MANOR RD,17,053,Henry Farm,Built,built,279,22482,1095,2017-09-25,http://app.toronto.ca/DevelopmentApplications/associatedApplicationsList.do?action=init&folderRsn=4252519&isCofASearch=false,-79.345059,43.770512
13 191601 ESC 42 OZ,3615 MCNICOLL AVE,23,144,Morningside Heights,Built,built,0,,5374,2013-06-20,,-79.246384,43.821678
16 137850 STE 27 OZ,219 DUNDAS ST E,13,073,Moss Park,Built,built,222,13649,210,2016-04-08,http://app.toronto.ca/DevelopmentApplications/associatedApplicationsList.do?action=init&folderRsn=3929124&isCofASearch=false,-79.373045,43.655506
16 255115 NNY 33 SA,32-50 FOREST MANOR RD,17,053,Henry Farm,Built,built,372,29088,,2016-11-23,http://app.toronto.ca/DevelopmentApplications/associatedApplicationsList.do?action=init&folderRsn=4066280&isCofASearch=false,-79.345059,43.770512
19 263887 WET 03 OZ,1306 THE QUEENSWAY,3,159,Etobicoke City Centre,Active,active,840,66440,1018,2019-12-20,http://app.toronto.ca/AIC/index.do?folderRsn=40euItFoFwE5ZAsuwzqH4g%3D%3D,-79.527996,43.619485
17 274171 STE 22 OZ,2128 YONGE ST,12,100,Yonge-Eglinton,Active,active,80,5427,221,2017-12-11,http://app.toronto.ca/AIC/index.do?folderRsn=CT9uwwtlzC%2Bk5cVUk6nt4Q%3D%3D,-79.398304,43.701484
18 247408 ESC 42 SA,3115 MARKHAM RD,23,,,Built,built,0,,12981.77,2018-10-24,http://app.toronto.ca/AIC/index.do?folderRsn=TsEwReZyYjFsd2vqRczksg%3D%3D,,
12 246860 STE 19 OZ,171 EAST LIBERTY ST,10,163,Fort York-Liberty Village,Built,built,281,18378.8,13722.71,2012-09-14,,-79.417998,43.636334
15 121457 NNY 09 SA,2945 KEELE ST,6,155,Downsview,Built,built,0,,1200,2015-02-25,http://app.toronto.ca/DevelopmentApplications/associatedApplicationsList.do?action=init&folderRsn=3705643&isCofASearch=false,-79.482673,43.746537
15 124470 STE 28 SA,261 QUEENS QUAY  E,10,166,St Lawrence-East Bayfront-The Islands,Built,built,227,31318,2807,2015-03-05,,-79.362196,43.64331
20 151415 STE 10 OZ,125R MILL ST,10,166,St Lawrence-East Bayfront-The Islands,Active,active,653,53099,23670,2020-06-02,http://app.toronto.ca/AIC/index.do?folderRsn=k%2BxjBmzed%2BECZxWhVVvi%2Fg%3D%3D,-79.35702,43.648727
13 280225 ESC 36 SA,1346 KINGSTON RD,20,122,Birchcliffe-Cliffside,Built,built,80,8091.34,,2013-12-19,http://app.toronto.ca/AIC/index.do?folderRsn=VxpbTggmmo2kwTAsOh5MUA%3D%3D,-79.274428,43.683843
12 258112 STE 19 SA,1040 QUEEN ST W,10,081,Trinity-Bellwoods,Built,built,0,,385.4,2012-10-04,,-79.414761,43.648266
15 208876 STE 20 OZ,203 COLLEGE ST,11,078,Kensington-Chinatown,Built,built,243,16081.54,2000.13,2015-08-18,http://app.toronto.ca/DevelopmentApplications/associatedApplicationsList.do?action=init&folderRsn=3808726&isCofASearch=false,-79.395635,43.656551
12 146441 ESC 41 OZ,23 GLEN WATFORD DR,23,128,Agincourt South-Malvern West,Active,active,551,58222.59,,2012-03-30,http://app.toronto.ca/AIC/index.do?folderRsn=ulRWYRarZsItYXW791Pd6w%3D%3D,-79.274548,43.784901
15 177455 STE 30 OZ,1177 DANFORTH AVE,14,069,Blake-Jones,Built,built,92,5606,719.01,2015-06-19,http://app.toronto.ca/AIC/index.do?folderRsn=RTb6DX%2FnGyPiwP3g6Bq8gw%3D%3D,-79.333139,43.67907
12 166387 WET 12 OZ,2522 KEELE ST,5,029,Maple Leaf,Built,built,128,9912,1296,2012-05-03,,-79.480079,43.71281
17 267829 NNY 33 SA,32-50 FOREST MANOR RD,17,053,Henry Farm,Built,built,254,18531,3255,2017-11-27,http://app.toronto.ca/AIC/index.do?folderRsn=FGoUhntPUQYypUkeLyr%2B7Q%3D%3D,-79.345983,43.769556
09 200486 NNY 15 OZ,50 NEPTUNE DR,8,032,Englemount-Lawrence,Active,active,164,11770.2,,2009-12-30,http://app.toronto.ca/AIC/index.do?folderRsn=ZuSoXLKysAgOtgpL3L%2BWmg%3D%3D,-79.435047,43.730025
21 169132 STE 13 SA,348 RICHMOND ST E,13,073,Moss Park,Under Review,proposed,446,35803,24936,2021-06-11,http://app.toronto.ca/AIC/index.do?folderRsn=rerch4OEWFb8gHZVtmltMA%3D%3D,-79.368717,43.651759
18 154373 NNY 26 OZ,11-19 INDUSTRIAL ST,15,055,Thorncliffe Park,Built,built,0,,7276.9,2018-05-07,http://app.toronto.ca/AIC/index.do?folderRsn=Tt2sRVpjLfdlH2dt%2BIlKTw%3D%3D,-79.360876,43.705394
22 129627 STE 13 SA,45 MUTUAL ST,13,168,Downtown Yonge East,Under Review,proposed,0,,779.63,2022-04-01,http://app.toronto.ca/AIC/index.do?folderRsn=bVR5VdEzEmh%2FK0FFuCI5DQ%3D%3D,-79.374757,43.65281
15 144325 ESC 43 SA,2950 ELLESMERE RD,24,135,Morningside,Built,built,0,,910,2015-04-21,,-79.202218,43.782172
14 263631 STE 22 OZ,131 FARNHAM AVE,12,097,Yonge-St.Clair,Built,built,18,5552.77,,2014-12-12,,-79.398598,43.680251
16 249282 WET 05 SA,2 GIBBS RD,2,158,Islington,Built,built,664,50810,2508,2016-11-09,http://app.toronto.ca/AIC/index.do?folderRsn=hBTVe0MJwJMeKKOxbWt44A%3D%3D,-79.558201,43.637033
15 167669 ESC 43 OZ,65 LIVINGSTON RD,24,140,Guildwood,Built,built,175,11135,6501,2015-06-03,,-79.198304,43.7439
13 247990 WET 06 OZ,2161 LAKE SHORE BLVD W,3,161,Humber Bay Shores,Built,built,678,53981,3475,2013-10-08,,-79.479164,43.62275
20 156414 ESC 23 SA,3825 MCNICOLL AVE,23,144,Morningside Heights,Built,built,0,,12129.65,2020-06-15,http://app.toronto.ca/AIC/index.do?folderRsn=yYLZlPLf%2Fz7p2XvfZzj1Tg%3D%3D,-79.238811,43.824328
14 157484 STE 27 OZ,270 CHURCH ST,13,168,Downtown Yonge East,Built,built,0,,26269,2014-05-15,,-79.377994,43.655224
12 298093 STE 28 SA,100 ADELAIDE ST W,10,170,Yonge-Bay Corridor,Built,built,0,,86960,2012-12-27,,-79.382682,43.647794
19 242750 WET 05 SA,69 PRITCHARD AVE,5,111,Rockcliffe-Smythe,Built,built,0,,1168,2019-10-29,http://app.toronto.ca/AIC/index.do?folderRsn=MhEhgiVzC0VAdFyg1U%2BwhA%3D%3D,-79.491328,43.667262
22 131961 STE 09 OZ,77 UNION ST,9,091,Weston-Pelham Park,Under Review,proposed,1951,127228,8467,2022-04-07,http://app.toronto.ca/AIC/index.do?folderRsn=C9%2BY8fcbRabLIbU66TbpIw%3D%3D,-79.465772,43.673059
22 137892 STE 13 OZ,495 FRONT ST E,13,166,St Lawrence-East Bayfront-The Islands,Under Review,proposed,859,62981,963,2022-04-25,http://app.toronto.ca/AIC/index.do?folderRsn=cphygqW1qbcTFwLPcCuFCg%3D%3D,-79.35443,43.651053
21 172691 STE 10 OZ,555 RICHMOND ST W,10,164,Wellington Place,Under Review,proposed,139,11461,179.9,2021-06-18,http://app.toronto.ca/AIC/index.do?folderRsn=tW7tmaIMmyGXFt0lKtdspw%3D%3D,-79.40258,43.644392
19 205241 ESC 25 SA,801 MILNER AVE,25,146,Malvern East,Built,built,0,,12705,2019-08-13,http://app.toronto.ca/AIC/index.do?folderRsn=CocBR6CfxL%2FUjTWckBkeBQ%3D%3D,-79.201041,43.797225
22 138578 WET 05 SA,2255 ST CLAIR AVE W,5,090,Junction Area,Under Review,proposed,537,34384,897,2022-04-26,http://app.toronto.ca/AIC/index.do?folderRsn=MiK8ejdMggvTqUSMOf2j1A%3D%3D,-79.476989,43.668156
22 138479 WET 05 SA,2231 ST CLAIR AVE W,5,090,Junction Area,Under Review,proposed,293,19011,512,2022-04-26,http://app.toronto.ca/AIC/index.do?folderRsn=ubrriTqjmS35pWFHHR9SVA%3D%3D,-79.476069,43.668431
22 138740 STE 10 OZ,460 KING ST W,10,164,Wellington Place,Under Review,proposed,0,,41665,2022-04-26,http://app.toronto.ca/AIC/index.do?folderRsn=Ljp44Qv9zPpS4J%2FwpENZEQ%3D%3D,-79.395648,43.643629
22 139831 WET 03 OZ,1048 ISLINGTON AVE,3,159,Etobicoke City Centre,Under Review,proposed,175,12157,,2022-04-28,http://app.toronto.ca/AIC/index.do?folderRsn=dRyuBhjQuISTrzs%2FRQXL4g%3D%3D,-79.519996,43.630997
22 139459 WET 03 OZ,2947 BLOOR ST W,3,016,Stonegate-Queensway,Under Review,proposed,126,9073,739,2022-04-28,http://app.toronto.ca/AIC/index.do?folderRsn=mUJs3HUg62WDJxqwQ8w2QQ%3D%3D,-79.508708,43.645788
12 146486 NNY 23 OZ,57 FINCH AVE W,18,037,Willowdale West,Built,built,42,5312,,2012-03-30,http://app.toronto.ca/AIC/index.do?folderRsn=lsko6zUH%2Bx5VGffNwzCF6w%3D%3D,-79.420652,43.776484
11 317628 NNY 24 OZ,2 CUSACK CRT,17,052,Bayview Village,Built,built,195,13928.2,1670.8,2011-11-29,,-79.381576,43.765912
17 222637 NNY 15 OZ,579 LAWRENCE AVE W,8,032,Englemount-Lawrence,Active,active,25,2748.3,,2017-08-24,http://app.toronto.ca/AIC/index.do?folderRsn=OCeiLS82f1HqPMbQYfryHQ%3D%3D,-79.436474,43.71559
18 125163 STE 20 OZ,544 KING ST W,10,164,Wellington Place,Active,active,95,5459.8,15500.9,2018-03-06,http://app.toronto.ca/AIC/index.do?folderRsn=%2F2X9VCfqLeQFfHDGxs7ffQ%3D%3D,-79.398713,43.643521
11 295873 STE 27 OZ,200 DUNDAS ST E,13,168,Downtown Yonge East,Built,built,1020,54085,2450,2011-10-20,,-79.374541,43.655375
19 215475 WET 07 SA,4915 STEELES AVE W,7,021,Humber Summit,Built,built,0,,201.1,2019-09-03,http://app.toronto.ca/AIC/index.do?folderRsn=dBhRFLFxD9bfBVmmgf6qow%3D%3D,-79.543894,43.768499
22 142698 ESC 20 SA,2740 KINGSTON RD,20,123,Cliffcrest,Under Review,proposed,0,,419.2,2022-05-05,http://app.toronto.ca/AIC/index.do?folderRsn=TywojYtiNhQ96TIA9jsmPw%3D%3D,-79.240565,43.717006
12 133580 STE 27 OZ,197 YONGE ST,13,170,Yonge-Bay Corridor,Built,built,695,47827.24,980.52,2012-03-07,,-79.379215,43.651396
22 143093 ESC 21 SA,1641 VICTORIA PARK AVE,21,043,Victoria Village,Under Review,proposed,27,2123.7,,2022-05-06,http://app.toronto.ca/AIC/index.do?folderRsn=OotXHyPCOQGzB0fJncA%2F2A%3D%3D,-79.305639,43.730471
21 125257 ESC 23 OZ,125 MONTEZUMA TRL,23,129,Agincourt North,Active,active,44,5185,,2021-03-10,http://app.toronto.ca/AIC/index.do?folderRsn=jx7eaYgRjr2B2vubg%2FWjnA%3D%3D,-79.280122,43.808329
22 145504 STE 14 SA,17 RHODES AVE,14,063,The Beaches,Under Review,proposed,26,2331.91,285.87,2022-05-11,http://app.toronto.ca/AIC/index.do?folderRsn=qz5RfTzjbGEAT%2Brmdw3WTw%3D%3D,-79.317845,43.664962
15 113777 STE 28 OZ,53 ONTARIO ST,13,073,Moss Park,Built,built,273,17850,650,2015-02-09,,-79.366394,43.651467
13 223368 STE 27 OZ,143 AVENUE RD,11,095,Annex,Built,built,70,7313.46,379.65,2013-08-20,,-79.39623,43.672219
22 146296 STE 14 OZ,975 DANFORTH AVE,14,069,Blake-Jones,Under Review,proposed,57,4076.49,423.63,2022-05-12,http://app.toronto.ca/AIC/index.do?folderRsn=KFxh9N45YdMEHucXlotWSg%3D%3D,-79.337632,43.678158
16 211488 WET 05 SA,144 BERRY RD,3,016,Stonegate-Queensway,Built,built,401,36697,,2016-08-23,http://app.toronto.ca/AIC/index.do?folderRsn=0kw5N%2F9PIsYxRTWfmzbSuw%3D%3D,-79.489077,43.635713
17 168973 NNY 15 OZ,3401 DUFFERIN ST,8,031,Yorkdale-Glen Park,Under Review,proposed,5126,347143,99400,2017-05-30,http://app.toronto.ca/AIC/index.do?folderRsn=IibxmjDbvGQWUwX%2BzuW5Hw%3D%3D,-79.452072,43.723742
17 278788 ESC 42 OZ,2130 MORNINGSIDE AVE,25,,,Built,built,0,,3187.9,2017-12-22,http://app.toronto.ca/AIC/index.do?folderRsn=aN%2FRx1iPVmpOaP8HsWT%2B%2BA%3D%3D,-79.219774,43.817298
17 123780 STE 32 SA,2 KELVIN AVE,19,062,East End-Danforth,Built,built,0,,13501.3,2017-03-02,http://app.toronto.ca/AIC/index.do?folderRsn=qRx1alsHgONoBXmtdlBypg%3D%3D,-79.294882,43.686358
15 270190 STE 27 SA,30 MUTUAL ST,13,,,Built,built,407,24634,810,2015-12-29,http://app.toronto.ca/AIC/index.do?folderRsn=Q7EKdgxpV4vs2h9N3y2c4g%3D%3D,,
15 192495 WET 02 OZ,50 HUMBERWOOD BLVD,1,001,West Humber-Clairville,Built,built,126,25633,,2015-07-17,,-79.612164,43.719429
15 216041 WET 06 OZ,62 LONG BRANCH AVE,3,019,Long Branch,Built,built,28,3300,,2015-09-10,http://app.toronto.ca/DevelopmentApplications/associatedApplicationsList.do?action=init&folderRsn=3816910&isCofASearch=false,-79.534139,43.591585
22 151908 STE 09 SA,833 COLLEGE ST,9,081,Trinity-Bellwoods,Under Review,proposed,5,982.48,58.4,2022-05-26,http://app.toronto.ca/AIC/index.do?folderRsn=Rm%2B33rLXfMLJU2oE%2Fk%2F0YA%3D%3D,-79.423026,43.652185
17 228689 NNY 23 SA,101 SENLAC RD,18,038,Lansing-Westgate,Built,built,0,,297,2017-09-06,http://app.toronto.ca/DevelopmentApplications/associatedApplicationsList.do?action=init&folderRsn=4240970&isCofASearch=false,-79.424243,43.761855
12 107447 STE 20 OZ,283 ADELAIDE ST W,10,164,Wellington Place,Built,built,366,29161.2,166.8,2012-01-17,,-79.390137,43.645742
16 161250 STE 28 OZ,301 QUEEN ST E,13,073,Moss Park,Active,active,144,10298,981,2016-05-25,http://app.toronto.ca/AIC/index.do?folderRsn=UhFX4lmZ%2FjAoKh%2BbCWCdwA%3D%3D,-79.366664,43.653029
21 249716 STE 10 OZ,254 ADELAIDE ST W,10,164,Wellington Place,Active,active,813,50676,1800,2021-12-17,http://app.toronto.ca/AIC/index.do?folderRsn=zOJyqrHlXE7p8IRHCZdLhg%3D%3D,-79.389479,43.646305
16 268406 WET 05 OZ,1124 ISLINGTON AVE,3,159,Etobicoke City Centre,Built,built,14,2775,,2016-12-19,http://app.toronto.ca/AIC/index.do?folderRsn=uvOHfCbX647cdkYDBYx2Cg%3D%3D,-79.521254,43.636356
16 137489 STE 21 SA,1433 BATHURST ST,12,094,Wychwood,Built,built,0,,759.7,2016-04-08,http://app.toronto.ca/DevelopmentApplications/associatedApplicationsList.do?action=init&folderRsn=3928679&isCofASearch=false,-79.417756,43.680203
22 160113 WET 02 SA,4160 DUNDAS ST W,2,015,Kingsway South,Under Review,proposed,23,2675,40,2022-06-10,http://app.toronto.ca/AIC/index.do?folderRsn=HKH%2FbkD0KqzSf4BIY4gkXQ%3D%3D,-79.509224,43.659544
19 249699 STE 13 OZ,335 YONGE ST,13,170,Yonge-Bay Corridor,Active,active,165,12203,2096,2019-11-15,http://app.toronto.ca/AIC/index.do?folderRsn=DDto%2B2GiIua%2FeIqYQIxzGQ%3D%3D,-79.38117,43.655348
16 259400 NNY 15 SA,55 BRIDGELAND AVE,8,031,Yorkdale-Glen Park,Built,built,0,,12541.9,2016-12-02,http://app.toronto.ca/DevelopmentApplications/associatedApplicationsList.do?action=init&folderRsn=4071347&isCofASearch=false,-79.460365,43.723734
17 188558 STE 22 OZ,368 EGLINTON AVE E,15,099,Mount Pleasant East,Active,active,76,5045.46,,2017-06-27,http://app.toronto.ca/AIC/index.do?folderRsn=kI%2FZ%2Bnx6bHgCWxsn6N2npg%3D%3D,-79.387094,43.707467
10 239490 STE 20 OZ,245-247 COLLEGE ST,11,078,Kensington-Chinatown,Built,built,0,,31701.3,2010-08-13,,-79.399013,43.655938
21 124036 NNY 08 OZ,2116 EGLINTON AVE W,8,109,Caledonia-Fairbank,Active,active,101,7049.69,401.56,2021-03-07,http://app.toronto.ca/AIC/index.do?folderRsn=DAG1DBBhuomsi2MxptYYLw%3D%3D,-79.458332,43.692275
20 166437 NNY 15 OZ,357 ROEHAMPTON AVE,15,099,Mount Pleasant East,Active,active,14,1422.8,,2020-07-13,http://app.toronto.ca/AIC/index.do?folderRsn=Rny7hmPY6c8YUiYGTE4QTQ%3D%3D,-79.387524,43.708069
20 230587 STE 09 OZ,1319 BLOOR ST W,9,083,Dufferin Grove,Active,active,799,59238,1200,2020-12-18,http://app.toronto.ca/AIC/index.do?folderRsn=g9gIAQZYjR4sKsvF99amyw%3D%3D,-79.44489,43.655743
16 271518 STE 20 SA,250 DAVENPORT RD,11,095,Annex,Built,built,281,26269.45,209,2016-12-29,http://app.toronto.ca/AIC/index.do?folderRsn=gfEGX2%2BA15XvPHYNbskRIA%3D%3D,-79.398459,43.672851
21 190993 NNY 16 OZ,805 DON MILLS RD,16,044,Flemingdon Park,Active,active,840,62712,3879,2021-07-28,http://app.toronto.ca/AIC/index.do?folderRsn=duj%2FUnDhS72A3%2BYqErc4DA%3D%3D,-79.338506,43.71822
21 190984 NNY 16 OZ,770 DON MILLS RD,16,044,Flemingdon Park,Active,active,1254,87155,7627,2021-07-28,http://app.toronto.ca/AIC/index.do?folderRsn=THK1R%2BRgwnW20Wht%2BOYF3Q%3D%3D,-79.339997,43.713539
22 163129 NNY 06 OZ,813 SHEPPARD AVE W,6,033,Clanton Park,Under Review,proposed,71,5889,,2022-06-16,http://app.toronto.ca/AIC/index.do?folderRsn=074AGj7HMx8aap4JfvzIGw%3D%3D,-79.450547,43.750802
18 198574 NNY 10 SA,5830 BATHURST ST,6,035,Westminster-Branson,Built,built,0,,2983,2018-07-23,http://app.toronto.ca/AIC/index.do?folderRsn=MjECedw8TyeHw0bVRD10Dw%3D%3D,-79.454318,43.774444
19 263839 STE 11 OZ,625 CHURCH ST,11,167,Church-Wellesley,Active,active,617,43074,10549,2019-12-20,http://app.toronto.ca/AIC/index.do?folderRsn=7bfiLGlN4eU%2BFyoCQvJr7w%3D%3D,-79.38255,43.667896
17 255293 NNY 33 OZ,2450 VICTORIA PARK AVE,17,053,Henry Farm,Active,active,1029,62430,6203,2017-10-30,http://app.toronto.ca/AIC/index.do?folderRsn=MUKtZjWhFHG2sLVwTs3xuA%3D%3D,-79.322251,43.769333
12 245092 WET 05 OZ,64 CORDOVA AVE,3,159,Etobicoke City Centre,Built,built,1219,91565,610,2012-09-12,,-79.525796,43.645007
20 189124 STE 11 OZ,1140 YONGE ST,11,095,Annex,Active,active,64,13788,1930,2020-09-02,http://app.toronto.ca/AIC/index.do?folderRsn=xQ4aWxIZwq4WWuR%2FCvlK%2Fg%3D%3D,-79.391249,43.67752
13 138607 STE 27 OZ,11 WELLESLEY ST W,13,169,Bay-Cloverhill,Built,built,740,46194,5500,2013-03-21,,-79.385786,43.662536
22 168547 NNY 18 OZ,5915 YONGE ST,18,036,Newtonbrook West,Under Review,proposed,496,34781.6,4215.3,2022-06-27,http://app.toronto.ca/AIC/index.do?folderRsn=X3vxwMaZOK7F6N%2B7MsTZvw%3D%3D,-79.417137,43.784703
13 247159 WET 05 OZ,1750 THE QUEENSWAY,3,159,Etobicoke City Centre,Active,active,2135,159857,,2013-10-07,,-79.557616,43.61433
12 236896 STE 20 OZ,480 UNIVERSITY AVE,11,078,Kensington-Chinatown,Built,built,453,38715,,2012-08-28,,-79.38926,43.653114
17 277574 NNY 34 OZ,1460 VICTORIA PARK AVE,16,043,Victoria Village,Active,active,113,9996,98,2017-12-20,http://app.toronto.ca/AIC/index.do?folderRsn=XHKeCeXB5IRVGg3Qe8sPDQ%3D%3D,-79.302143,43.720105
19 240129 STE 09 SA,1745 ST CLAIR AVE W,9,091,Weston-Pelham Park,Under Review,proposed,70,6228,345,2019-10-23,http://app.toronto.ca/AIC/index.do?folderRsn=R56hFGipYDK68T8ECv2EJw%3D%3D,-79.460372,43.671927
21 210146 STE 14 OZ,21 BROADVIEW AVE,14,070,South Riverdale,Under Review,proposed,340,28637.9,794,2021-09-09,http://app.toronto.ca/AIC/index.do?folderRsn=u4qF%2BPKWpgdH9r8tPgLnlw%3D%3D,-79.348961,43.655114
22 172695 ESC 24 OZ,4280-4290 KINGSTON RD,24,136,West Hill,Under Review,proposed,148,9713,431,2022-07-06,http://app.toronto.ca/AIC/index.do?folderRsn=sGblsj5iRYiYXXD8j3kI7Q%3D%3D,-79.194381,43.761315
19 264479 STE 10 OZ,655 QUEEN ST W,10,162,West Queen West,Active,active,76,4903,899,2019-12-23,http://app.toronto.ca/AIC/index.do?folderRsn=sCi8Ala4uqwjnb7B0H6Ppg%3D%3D,-79.404385,43.644992
16 192792 STE 20 OZ,100 SIMCOE ST,10,164,Wellington Place,Active,active,526,44683,22601,2016-07-18,http://app.toronto.ca/AIC/index.do?folderRsn=26lvG4MBOjYfvxZZ7oQqpA%3D%3D,-79.386962,43.646202
20 153714 STE 12 SA,155 WYCHWOOD AVE,12,094,Wychwood,Under Review,proposed,39,3143.86,204.24,2020-06-08,http://app.toronto.ca/AIC/index.do?folderRsn=TkHBIMrVWidfnb%2BGSEpHpA%3D%3D,-79.42324,43.680508
20 226957 WET 07 OZ,41-75 FOUR WINDS DR,7,027,York University Heights,Active,active,547,41691,1510,2020-12-08,http://app.toronto.ca/AIC/index.do?folderRsn=rzVYW2lEeozIhb%2Fc0Jt%2FsA%3D%3D,-79.499861,43.761329
17 278384 STE 31 OZ,2494 DANFORTH AVE,19,062,East End-Danforth,Active,active,0,,11383,2017-12-21,http://app.toronto.ca/AIC/index.do?folderRsn=QVIaPEmSd2sziaa7KmF0vw%3D%3D,-79.303927,43.686039
19 229837 NNY 06 OZ,5950 BATHURST ST,6,035,Westminster-Branson,Active,active,259,20400,,2019-10-01,http://app.toronto.ca/AIC/index.do?folderRsn=GN7n8%2FXS%2BjT2BzVOcRlhzA%3D%3D,-79.446288,43.781318
08 102445 NNY 23 OZ,228 FINCH AVE W,18,037,Willowdale West,Active,active,36,3589.13,,2008-01-11,http://app.toronto.ca/AIC/index.do?folderRsn=WstUNGf0QSS6gZUy%2B3mrEw%3D%3D,-79.435539,43.773632
19 219985 WET 05 OZ,1956 WESTON RD,5,113,Weston,Active,active,733,52077,3674,2019-09-12,http://app.toronto.ca/AIC/index.do?folderRsn=3DNd3O3YQQb9TcIfKx294A%3D%3D,-79.518704,43.698487
12 162027 STE 27 OZ,355 CHURCH ST,13,168,Downtown Yonge East,Built,built,337,21254.52,3459.6,2012-04-26,,-79.37868,43.658428
12 298600 STE 29 OZ,120 DONLANDS AVE,14,066,Danforth,Built,built,17,1772,,2012-12-31,,-79.339559,43.682273
12 146382 STE 22 OZ,95 BROADWAY AVE,12,173,North Toronto,Built,built,952,57038.6,,2012-03-30,,-79.393692,43.708478
21 139658 STE 09 OZ,1423 BLOOR ST W,9,086,Roncesvalles,Active,active,197,14272.1,361.9,2021-04-13,http://app.toronto.ca/AIC/index.do?folderRsn=TGX1j%2F8r2ZjQbwau5Nrg8g%3D%3D,-79.448135,43.654889
19 239929 STE 13 OZ,483 BAY ST,13,170,Yonge-Bay Corridor,Active,active,538,39022,5859,2019-10-23,http://app.toronto.ca/AIC/index.do?folderRsn=mc3RN9CEVoQu%2FxoMWib7Yw%3D%3D,-79.383086,43.652276
20 122745 WET 07 OZ,3 MARSH GRASSWAY,7,025,Glenfield-Jane Heights,Active,active,991,105258,4568,2020-03-05,http://app.toronto.ca/AIC/index.do?folderRsn=F12St20GD1GsMuS7ZindVw%3D%3D,-79.518407,43.748432
18 196225 STE 28 OZ,333 KING ST E,13,166,St Lawrence-East Bayfront-The Islands,Active,active,310,22623,64036,2018-07-18,http://app.toronto.ca/AIC/index.do?folderRsn=VNYwptO%2FOBC16Rx10lGYfA%3D%3D,-79.36593,43.649418
18 150984 STE 20 OZ,250 UNIVERSITY AVE,10,164,Wellington Place,Active,active,512,34980,,2018-04-30,http://app.toronto.ca/AIC/index.do?folderRsn=YpWryXVnW%2B63f5xFiNRoSw%3D%3D,-79.387221,43.648423
17 159868 STE 20 OZ,14 DUNCAN ST,10,164,Wellington Place,Active,active,369,26601.8,6765.4,2017-05-15,http://app.toronto.ca/AIC/index.do?folderRsn=GDhBUo6UD4V9gpfo9YZsbQ%3D%3D,-79.388952,43.645656
14 110001 WET 12 OZ,1780 LAWRENCE AVE W,5,030,Brookhaven-Amesbury,Built,built,88,23438,,2014-01-28,http://app.toronto.ca/AIC/index.do?folderRsn=fe282nMCch6wUwWMsp1RsQ%3D%3D,-79.498991,43.702893
16 159562 STE 28 OZ,34 KING ST E,13,168,Downtown Yonge East,Active,active,219,14897,8167,2016-05-20,http://app.toronto.ca/AIC/index.do?folderRsn=2rCJ1xO6gpNyOk8cDAxHLA%3D%3D,-79.376696,43.64775
15 257257 ESC 36 SA,1390 KINGSTON RD,20,122,Birchcliffe-Cliffside,Built,built,41,4377,,2015-11-26,http://app.toronto.ca/DevelopmentApplications/associatedApplicationsList.do?action=init&folderRsn=3865352&isCofASearch=false,-79.272928,43.684942
21 138295 NNY 06 OZ,2808 KEELE ST,6,155,Downsview,Active,active,337,24387,,2021-04-09,http://app.toronto.ca/AIC/index.do?folderRsn=3ZVg2hbqNxjHkWjg10UXVw%3D%3D,-79.483134,43.727065
20 169194 STE 09 OZ,290 OLD WESTON RD,9,090,Junction Area,Active,active,321,22450,1960,2020-07-17,http://app.toronto.ca/AIC/index.do?folderRsn=mXmi5EnvFDEVVbaSCAJeVg%3D%3D,-79.463362,43.669714
19 254711 WET 05 OZ,1821-1823 WESTON RD,5,113,Weston,Under Review,proposed,485,35241,265,2019-11-27,http://app.toronto.ca/AIC/index.do?folderRsn=1f5vBOzvm0LjrU4cprvBog%3D%3D,-79.513833,43.697429
15 209675 STE 20 OZ,49 CAMDEN ST,10,164,Wellington Place,Built,built,0,,7859.1,2015-08-19,http://app.toronto.ca/AIC/index.do?folderRsn=nYkZab4ciFxSfB%2FbiANoug%3D%3D,-79.39814,43.644754
15 129628 STE 32 OZ,1630 QUEEN ST E,19,063,The Beaches,Built,built,89,7453,659.25,2015-03-19,,-79.316159,43.664661
18 225083 STE 28 OZ,133 QUEEN ST E,13,168,Downtown Yonge East,Active,active,440,29000,500,2018-09-13,http://app.toronto.ca/AIC/index.do?folderRsn=%2BOqNRiLyUd5GhXb9pa4eBg%3D%3D,-79.373646,43.651471
16 271502 STE 20 SA,250 DAVENPORT RD,11,095,Annex,Built,built,13,950,,2016-12-29,http://app.toronto.ca/AIC/index.do?folderRsn=QCOjY%2BAPgU%2Fys1ttMQ%2FaLw%3D%3D,-79.398459,43.672851
15 136961 STE 20 OZ,400 FRONT ST W,10,165,Harbourfront-CityPlace,Active,active,2226,142036.51,2765.88,2015-04-07,http://app.toronto.ca/AIC/index.do?folderRsn=9l3DnSg4wLtql8FYWqBGJQ%3D%3D,-79.39326,43.641208
17 262422 WET 07 OZ,2370 FINCH AVE W,7,022,Humbermede,Active,active,192,14442,209,2017-11-14,http://app.toronto.ca/AIC/index.do?folderRsn=K9BS%2B0ocLE4RH41KnIvG8Q%3D%3D,-79.545365,43.750048
22 188062 STE 09 OZ,1293 BLOOR ST W,9,083,Dufferin Grove,Under Review,proposed,230,18145,247,2022-08-09,http://app.toronto.ca/AIC/index.do?folderRsn=vMis3ECuBcUfrOuU8mQ7QQ%3D%3D,-79.443253,43.656166
16 268409 STE 28 OZ,28 RIVER ST,13,073,Moss Park,Active,active,380,28268,2968,2016-12-19,http://app.toronto.ca/AIC/index.do?folderRsn=fl7NTiJaz9rNe%2Foe48P05A%3D%3D,-79.357663,43.655774
12 142013 NNY 15 OZ,3130 DUFFERIN ST,8,031,Yorkdale-Glen Park,Active,active,374,42359,1379,2012-03-23,,-79.456051,43.714303
19 263422 STE 04 OZ,1540 BLOOR ST W,4,087,High Park-Swansea,Active,active,354,23324,663,2019-12-19,http://app.toronto.ca/AIC/index.do?folderRsn=xfUqUGpX4XHy4RBLy3Q7RA%3D%3D,-79.45325,43.654399
13 277895 STE 28 OZ,230 OAK ST,13,072,Regent Park,Active,active,330,21863,298,2013-12-13,http://app.toronto.ca/AIC/index.do?folderRsn=XpkBbqBc8EeiAfgpNG3DNw%3D%3D,-79.358464,43.661013
16 119794 STE 22 OZ,22 BALLIOL ST,12,174,South Eglinton-Davisville,Active,active,414,27761,1111,2016-02-23,,-79.395735,43.695912
19 264586 STE 13 OZ,60 MILL ST,13,166,St Lawrence-East Bayfront-The Islands,Active,active,0,,25643.4,2019-12-24,http://app.toronto.ca/AIC/index.do?folderRsn=SUstlenmYR8TNCChV83K4w%3D%3D,-79.359742,43.649086
16 261191 STE 20 OZ,474 WELLINGTON ST W,10,164,Wellington Place,Active,active,0,,23764,2016-12-07,http://app.toronto.ca/AIC/index.do?folderRsn=PpLU7DfoXSxDQ5IyDwnmjQ%3D%3D,-79.398523,43.641797
22 191094 NNY 08 OZ,3400 DUFFERIN ST,8,031,Yorkdale-Glen Park,Under Review,proposed,834,59452,1366,2022-08-15,http://app.toronto.ca/AIC/index.do?folderRsn=8yLucyPiEiFXmFAqCarrWg%3D%3D,-79.45865,43.723178
15 208767 WET 01 SA,2115 CODLIN CRES,1,001,West Humber-Clairville,Built,built,0,,344,2015-08-18,http://app.toronto.ca/AIC/index.do?folderRsn=COJFttr8DmHrVhKWBYPPhA%3D%3D,-79.636772,43.747329
13 225608 NNY 10 OZ,1050 SHEPPARD AVE W,6,155,Downsview,Active,active,202,13174.71,150.1,2013-08-23,http://app.toronto.ca/AIC/index.do?folderRsn=2fDhYPvq6Po07CWnnzOeGg%3D%3D,-79.462642,43.748791
22 192733 NNY 08 OZ,3080 DUFFERIN ST,8,031,Yorkdale-Glen Park,Under Review,proposed,410,31177.83,4851.89,2022-08-18,http://app.toronto.ca/AIC/index.do?folderRsn=7nDDgBJoPZs9GIovhFNtcQ%3D%3D,-79.455466,43.712976
20 209869 NNY 17 SA,2901 BAYVIEW AVE,17,152,East Willowdale,Under Review,proposed,0,,10770,2020-10-22,http://app.toronto.ca/AIC/index.do?folderRsn=eIDZZ%2B%2FpMThKsNHmuEEQ%2BA%3D%3D,-79.388692,43.767214
17 181466 WET 11 OZ,2306 ST CLAIR AVE W,5,090,Junction Area,Built,built,242,18416,370,2017-06-16,http://app.toronto.ca/AIC/index.do?folderRsn=AdAKzV%2B%2F2pke2aF7xR%2BD%2FA%3D%3D,-79.478553,43.668693
22 194697 ESC 21 SA,1940 EGLINTON AVE E,21,119,Wexford/Maryvale,Under Review,proposed,1301,83385,1393.2,2022-08-23,http://app.toronto.ca/AIC/index.do?folderRsn=BokD3J2VosjqqbCxXhDTAQ%3D%3D,-79.290064,43.727565
22 194684 ESC 21 SA,1920 EGLINTON AVE E,21,120,Clairlea-Birchmount,Under Review,proposed,301,19788.6,13483.1,2022-08-23,http://app.toronto.ca/AIC/index.do?folderRsn=SpH1dcUyAj2TSnE1%2FGZ5qw%3D%3D,-79.291115,43.726142
13 197153 STE 28 OZ,25 RICHMOND ST E,13,168,Downtown Yonge East,Built,built,694,51934,692,2013-07-02,,-79.377134,43.649677
19 144266 STE 10 OZ,126 JOHN ST,10,164,Wellington Place,Under Review,proposed,693,49273,30438,2019-04-24,http://app.toronto.ca/AIC/index.do?folderRsn=lggiXgAXOQNXtaNdubNH1A%3D%3D,-79.391343,43.64655
18 164283 STE 28 SA,13 WINCHESTER ST,13,073,Moss Park,Built,built,35,1490.1,,2018-05-24,http://app.toronto.ca/AIC/index.do?folderRsn=wa2rLO5JPD06Dr8fnHq6%2Fw%3D%3D,-79.370541,43.663242
22 194920 ESC 20 SA,570 BIRCHMOUNT RD,20,120,Clairlea-Birchmount,Under Review,proposed,28,2610,,2022-08-24,http://app.toronto.ca/AIC/index.do?folderRsn=CwcEXH03MG5WuPr5SzUNwQ%3D%3D,-79.271735,43.711351
22 166048 STE 09 OZ,100 UNION ST,9,091,Weston-Pelham Park,Under Review,proposed,599,43002,5891,2022-06-22,http://app.toronto.ca/AIC/index.do?folderRsn=eBRwK6jRUBdnhtMC0tGWSg%3D%3D,-79.467578,43.674672
16 166716 NNY 15 SA,1 LEILA LANE,8,032,Englemount-Lawrence,Built,built,386,30809.38,1244.58,2016-06-02,http://app.toronto.ca/AIC/index.do?folderRsn=WFIWTX%2FnKB6fcaIc%2FgWzug%3D%3D,-79.446035,43.721736
22 196041 ESC 21 SA,20 ASHTONBEE RD,21,119,Wexford/Maryvale,Under Review,proposed,909,65678,2113,2022-08-26,http://app.toronto.ca/AIC/index.do?folderRsn=nBsc74%2FqR%2BzRSCOz9pAfRQ%3D%3D,-79.291188,43.727399
21 120368 STE 12 SA,523 A EGLINTON AVE W,12,101,Forest Hill South,Under Review,proposed,35,4142,263,2021-02-25,http://app.toronto.ca/AIC/index.do?folderRsn=yAvndI31cH%2FvFFXbR6JQ4Q%3D%3D,-79.413993,43.701302
20 157659 NNY 16 SA,1448 LAWRENCE AVE E,16,043,Victoria Village,Built,built,0,,261.64,2020-06-18,http://app.toronto.ca/AIC/index.do?folderRsn=5WhokDaZchAkqXHsvFABYw%3D%3D,-79.313117,43.739916
11 330266 WET 12 OZ,1465 LAWRENCE AVE W,5,030,Brookhaven-Amesbury,Built,built,216,17386,,2011-12-22,,-79.480595,43.705392
22 194723 ESC 21 SA,1940 EGLINTON AVE E,21,120,Clairlea-Birchmount,Under Review,proposed,863,57136.8,3984,2022-08-23,http://app.toronto.ca/AIC/index.do?folderRsn=xp4EoL9UD3abuJhJ7jPE6A%3D%3D,-79.288776,43.726762
22 166320 STE 09 OZ,126 UNION ST,9,091,Weston-Pelham Park,Under Review,proposed,588,41306,962,2022-06-22,http://app.toronto.ca/AIC/index.do?folderRsn=6xNY%2FDS75dk%2F6HlpHKtC3w%3D%3D,-79.467889,43.675441
17 200922 NNY 15 OZ,3000 DUFFERIN ST,8,031,Yorkdale-Glen Park,Active,active,508,35059.63,397.36,2017-07-18,http://app.toronto.ca/AIC/index.do?folderRsn=YmeGrC%2F77m21RMWNHUt%2FFA%3D%3D,-79.455231,43.709097
22 200231 NNY 16 OZ,1075 LESLIE ST,16,044,Flemingdon Park,Under Review,proposed,1846,133331,565,2022-09-06,http://app.toronto.ca/AIC/index.do?folderRsn=4pvYB755PfBnO%2FUbbm8R5A%3D%3D,-79.348229,43.717084
22 201247 ESC 20 OZ,2425 EGLINTON AVE E,20,124,Kennedy Park,Under Review,proposed,362,23090.9,5662.4,2022-09-08,http://app.toronto.ca/AIC/index.do?folderRsn=a5sUBv6dcpYk%2FtuhJXXsOQ%3D%3D,-79.267311,43.730091
13 253075 WET 06 OZ,251 MANITOBA ST,3,160,Mimico-Queensway,Built,built,498,34043,,2013-10-18,http://app.toronto.ca/AIC/index.do?folderRsn=j24sQBEG8aKOlR7p%2FovmUg%3D%3D,-79.489148,43.62187
15 177458 WET 03 OZ,19 GLEN AGAR DR,2,010,Princess-Rosethorn,Built,built,53,20164,,2015-06-19,http://app.toronto.ca/DevelopmentApplications/associatedApplicationsList.do?action=init&folderRsn=3772078&isCofASearch=false,-79.549988,43.659874
16 272001 NNY 23 OZ,325 BOGERT AVE,18,038,Lansing-Westgate,Active,active,1390,113698,2940,2016-12-30,http://app.toronto.ca/AIC/index.do?folderRsn=UsUOuRWJIagD%2FX%2BhzCindw%3D%3D,-79.425586,43.754873
22 204260 STE 14 OZ,641 QUEEN ST E,14,073,Moss Park,Under Review,proposed,94,9084.6,,2022-09-15,http://app.toronto.ca/AIC/index.do?folderRsn=IRnEyudm1Gy2ywcw9pKF0w%3D%3D,-79.352561,43.656139
16 271639 STE 27 OZ,280 JARVIS ST,13,168,Downtown Yonge East,Active,active,256,16697,854,2016-12-29,http://app.toronto.ca/AIC/index.do?folderRsn=PcwNPCw3ICbSsaB1tOFTeQ%3D%3D,-79.376576,43.658617
22 191025 STE 09 SA,158 STERLING RD,9,086,Roncesvalles,Under Review,proposed,0,,16737,2022-08-15,http://app.toronto.ca/AIC/index.do?folderRsn=16Bm8EOBl60bBS6GdzO%2BUA%3D%3D,-79.446164,43.6526
22 204662 STE 11 OZ,835 YONGE ST,11,095,Annex,Under Review,proposed,950,77873.1,17663.7,2022-09-16,http://app.toronto.ca/AIC/index.do?folderRsn=Wc2I3e4DjangGTUBt2S36Q%3D%3D,-79.38781,43.671714
13 144733 STE 20 OZ,305 KING ST W,10,164,Wellington Place,Active,active,403,27613,3051,2013-04-04,http://app.toronto.ca/AIC/index.do?folderRsn=lR6esxfMRSkfrN%2FzVReIgw%3D%3D,-79.39054,43.644155
22 208395 ESC 20 SA,1891 EGLINTON AVE E,20,120,Clairlea-Birchmount,Under Review,proposed,479,33894,475,2022-09-25,http://app.toronto.ca/AIC/index.do?folderRsn=vqmgGf6ObsxQWDONxBcd5Q%3D%3D,-79.296054,43.722943
22 208396 ESC 20 SA,1891 EGLINTON AVE E,20,120,Clairlea-Birchmount,Under Review,proposed,431,29496,341,2022-09-25,http://app.toronto.ca/AIC/index.do?folderRsn=U2IR4eRQBj464Hc%2Fk9WNQA%3D%3D,-79.296054,43.722943
22 208399 ESC 20 SA,1891 EGLINTON AVE E,20,120,Clairlea-Birchmount,Under Review,proposed,559,38019,,2022-09-26,http://app.toronto.ca/AIC/index.do?folderRsn=Q0uV84mC73OgSEiDRL9L3Q%3D%3D,-79.296054,43.722943
21 235960 NNY 15 OZ,943 EGLINTON AVE E,15,055,Thorncliffe Park,Under Review,proposed,1279,100110,3633,2021-11-09,http://app.toronto.ca/AIC/index.do?folderRsn=yaeDdwPDSF1Jodd7qVT03Q%3D%3D,-79.359145,43.712649
22 135860 ESC 20 OZ,100 EGLINTON SQ,20,120,Clairlea-Birchmount,Under Review,proposed,296,18975,1243,2022-04-19,http://app.toronto.ca/AIC/index.do?folderRsn=XXIOtiXuXPmOJg0czV4%2Bww%3D%3D,-79.298069,43.723285
16 140646 NNY 16 OZ,1580 AVENUE RD,8,039,Bedford Park-Nortown,Built,built,35,7875,725,2016-04-14,http://app.toronto.ca/DevelopmentApplications/associatedApplicationsList.do?action=init&folderRsn=3932429&isCofASearch=false,-79.417036,43.72223
08 145788 NNY 23 OZ,51 DREWRY AVE,18,036,Newtonbrook West,Under Review,proposed,551,41189.37,,2008-04-10,http://app.toronto.ca/AIC/index.do?folderRsn=ekBdJviXRGDN3sN9GUw4nA%3D%3D,-79.420017,43.784376
18 266532 NET 07 OZ,4700 KEELE ST,7,027,York University Heights,Built,built,423,25747,1238,2018-12-10,http://app.toronto.ca/AIC/index.do?folderRsn=V88%2FQda%2BJ%2B%2BJUFjIWm92Zw%3D%3D,-79.502536,43.77142
16 110485 STE 20 SA,336 QUEEN ST W,10,164,Wellington Place,Built,built,0,,3714,2016-01-29,http://app.toronto.ca/AIC/index.do?folderRsn=ILlcBogtvrU9Wz6TOZlsgQ%3D%3D,-79.395328,43.647392
15 230582 NNY 24 OZ,12 DERVOCK CRES,17,052,Bayview Village,Built,built,24,2050.35,,2015-09-30,http://app.toronto.ca/AIC/index.do?folderRsn=OOQlfEDmoi7HzrA%2F%2BqKSIg%3D%3D,-79.381213,43.765223
14 266806 STE 22 SA,50 POPLAR PLAINS RD,12,096,Casa Loma,Built,built,0,,440.55,2014-12-22,http://app.toronto.ca/AIC/index.do?folderRsn=A%2FQWQcJB2d9AFgf0DDTWTQ%3D%3D,-79.403582,43.677117
15 248841 STE 19 SA,852 ADELAIDE ST W,10,162,West Queen West,Active,active,1,163.6,171.7,2015-11-09,http://app.toronto.ca/AIC/index.do?folderRsn=IVr5OsMHjhQzOt%2FsbBq%2F7A%3D%3D,-79.412156,43.641675
09 143528 STE 27 SA,30 BOND ST,13,168,Downtown Yonge East,Built,built,0,,21044,2009-05-29,,-79.377882,43.651657
13 193884 ESC 23 SA,825 PASSMORE AVE,23,144,Morningside Heights,Active,active,0,,9134.52,2013-06-25,,-79.246654,43.828882
18 271373 STE 13 OZ,202 JARVIS ST,13,168,Downtown Yonge East,Active,active,0,,39211,2018-12-21,http://app.toronto.ca/AIC/index.do?folderRsn=Evi9s0%2F8c%2B1eV6dpEsaTIg%3D%3D,-79.375149,43.655208
18 253304 NNY 08 SA,4700 KEELE ST,7,027,York University Heights,Built,built,0,,10632,2018-11-07,http://app.toronto.ca/AIC/index.do?folderRsn=omPTGOPYSi2lzEdHyx%2B1Sw%3D%3D,-79.502536,43.77142
20 124904 STE 04 OZ,1488 QUEEN ST W,4,085,South Parkdale,Active,active,29,2550,190,2020-03-11,http://app.toronto.ca/AIC/index.do?folderRsn=HhoPRfstI1quytRnRJldcw%3D%3D,-79.437914,43.63866
22 221795 STE 14 OZ,1594 QUEEN ST E,14,063,The Beaches,Under Review,proposed,30,2526,181,2022-10-25,http://app.toronto.ca/AIC/index.do?folderRsn=s3buI9ZimbzRqLNLI39jxA%3D%3D,-79.317625,43.664323
12 285360 STE 31 SA,2156 DANFORTH AVE,19,062,East End-Danforth,Active,active,13,1375,84.28,2012-11-27,http://app.toronto.ca/AIC/index.do?folderRsn=w%2FQN5V6tepz7kniS3P%2FFfw%3D%3D,-79.311023,43.684411
13 165361 STE 20 OZ,484 SPADINA AVE,11,078,Kensington-Chinatown,Built,built,166,11113.21,573.82,2013-05-09,http://app.toronto.ca/DevelopmentApplications/associatedApplicationsList.do?action=init&folderRsn=3350946&isCofASearch=false,-79.400953,43.656295
20 159050 ESC 24 OZ,3150 EGLINTON AVE E,24,139,Scarborough Village,Under Review,proposed,145,10382.28,528.167,2020-06-23,http://app.toronto.ca/AIC/index.do?folderRsn=9Sar2gGTLRaR3mFucMPZww%3D%3D,-79.222882,43.740824
21 166739 ESC 21 OZ,2200-2206 EGLINTON AVE E,21,120,Clairlea-Birchmount,Active,active,2363,195558,3723,2021-06-07,http://app.toronto.ca/AIC/index.do?folderRsn=%2Fydz4P5GMHpuliAoxNgX5A%3D%3D,-79.279645,43.727931
11 184584 STE 27 OZ,159 WELLESLEY ST E,13,071,Cabbagetown-South St.James Town,Built,built,360,23320,160,2011-04-29,,-79.375097,43.664689
26 148441 STE 14 OZ,449 CARLAW AVE,14,,,Under Review,proposed,1080,84071,19905,2026-04-22,,,
16 172062 ESC 41 OZ,25 GLEN WATFORD DR,23,128,Agincourt South-Malvern West,Under Review,proposed,119,17828.7,758,2016-06-10,http://app.toronto.ca/AIC/index.do?folderRsn=Hong%2B3%2FHJdg6ApZysl9SiA%3D%3D,-79.27537,43.785318
19 244316 WET 03 SA,106 NORTH QUEEN ST,3,159,Etobicoke City Centre,Built,built,0,,1553,2019-11-01,http://app.toronto.ca/AIC/index.do?folderRsn=IMyGihApXxWPVt7IUBrVZg%3D%3D,-79.547781,43.619484
12 235622 STE 27 OZ,593 YONGE ST,13,169,Bay-Cloverhill,Built,built,525,34462,3085,2012-08-24,,-79.384975,43.664183
14 122777 STE 20 OZ,171 FRONT ST W,10,165,Harbourfront-CityPlace,Active,active,0,,116682,2014-02-27,http://app.toronto.ca/AIC/index.do?folderRsn=318upxgcefnHkQB%2FTPtN9A%3D%3D,-79.384655,43.642279
08 112855 WET 03 OZ,2-6 EVA RD,2,013,Etobicoke West Mall,Active,active,904,81440,,2008-02-21,,-79.562611,43.638599
19 184841 STE 09 OZ,900 DUFFERIN ST,9,083,Dufferin Grove,Active,active,1200,87895,13353,2019-07-08,http://app.toronto.ca/AIC/index.do?folderRsn=FaDhXd6XNlBjz1AHtkDp8Q%3D%3D,-79.435563,43.653827
16 254034 NNY 16 OZ,1202 AVENUE RD,8,103,Lawrence Park South,Built,built,7,1138.5,,2016-11-21,http://app.toronto.ca/AIC/index.do?folderRsn=QJy0wKkvWjtexbJqTdiKCA%3D%3D,-79.412437,43.710145
21 236250 WET 03 OZ,266 ROYAL YORK RD,3,160,Mimico-Queensway,Under Review,proposed,824,51726,14635,2021-11-09,http://app.toronto.ca/AIC/index.do?folderRsn=urRzax6GgH0AvljTYHWawA%3D%3D,-79.498268,43.612235
18 265487 NNY 18 OZ,110 SHEPPARD AVE W,18,038,Lansing-Westgate,Active,active,30,2786.09,,2018-12-06,http://app.toronto.ca/DevelopmentApplications/associatedApplicationsList.do?action=init&folderRsn=4496553&isCofASearch=false,-79.416945,43.758482
13 239577 STE 19 OZ,547 COLLEGE ST,11,081,Trinity-Bellwoods,Built,built,61,4968,553,2013-09-20,,-79.41194,43.653348
16 269378 WET 06 OZ,23 BUCKINGHAM ST,3,160,Mimico-Queensway,Active,active,749,47896,6516,2016-12-21,http://app.toronto.ca/AIC/index.do?folderRsn=QXhFKjbODezyPh9Rz59W6g%3D%3D,-79.495898,43.617022
14 267151 STE 22 OZ,701 SOUDAN AVE,15,099,Mount Pleasant East,Built,built,146,11278,1941,2014-12-23,http://app.toronto.ca/AIC/index.do?folderRsn=K13V3VMfF8nb%2Fq0h6uqQuQ%3D%3D,-79.37656,43.705932
12 235950 NNY 10 OZ,740 SHEPPARD AVE W,6,033,Clanton Park,Active,active,70,5366.2,155.1,2012-08-27,,-79.447082,43.752163
16 196378 STE 20 OZ,497 RICHMOND ST W,10,164,Wellington Place,Built,built,288,23075,8624.8,2016-07-25,http://app.toronto.ca/DevelopmentApplications/associatedApplicationsList.do?action=init&folderRsn=3997781&isCofASearch=false,-79.399648,43.645124
20 145943 STE 11 SA,1067 YONGE ST,11,095,Annex,Active,active,0,,1118.32,2020-05-15,http://app.toronto.ca/AIC/index.do?folderRsn=LGiGGpP6uTPP69uutuzTug%3D%3D,-79.390037,43.67675
15 205085 NNY 23 OZ,2932 BAYVIEW AVE,18,152,East Willowdale,Under Review,proposed,18,3910.18,,2015-08-11,http://app.toronto.ca/AIC/index.do?folderRsn=caDmPTVNrfEX%2F6Maj765OA%3D%3D,-79.389593,43.768975
02 035102 SHY 18 SA,989 COLLEGE ST,9,,,Active,active,17,991,189,2002-10-16,,,
12 296424 WET 03 SA,41-53 WARRENDER AVE,2,010,Princess-Rosethorn,Built,built,259,21568,,2012-12-20,http://app.toronto.ca/DevelopmentApplications/associatedApplicationsList.do?action=init&folderRsn=3270336&isCofASearch=false,-79.553248,43.673077
16 252547 NNY 10 OZ,6040 BATHURST ST,6,035,Westminster-Branson,Active,active,877,62870,690,2016-11-17,http://app.toronto.ca/AIC/index.do?folderRsn=KPpYKE9T7CM9agO1%2BEX61Q%3D%3D,-79.448318,43.787382
11 324675 NNY 16 OZ,228 WILSON AVE,8,039,Bedford Park-Nortown,Active,active,131,11560,,2011-12-12,,-79.427863,43.736817
16 270499 NNY 34 OZ,1299 DON MILLS RD,16,042,Banbury-Don Mills,Active,active,3,950.88,,2016-12-23,http://app.toronto.ca/AIC/index.do?folderRsn=JEx%2FBs3WNJ71f4PGKbzkBQ%3D%3D,-79.345344,43.744258
22 238620 NNY 18 OZ,237 FINCH AVE W,18,037,Willowdale West,Under Review,proposed,122,11654.69,,2022-12-12,http://app.toronto.ca/AIC/index.do?folderRsn=Ix%2Bardc%2BDsJi36wUDoEa0A%3D%3D,-79.434962,43.773279
15 164825 STE 20 OZ,19 DUNCAN ST,10,164,Wellington Place,Built,built,422,27389,15683,2015-05-28,http://app.toronto.ca/DevelopmentApplications/associatedApplicationsList.do?action=init&folderRsn=3757712&isCofASearch=false,-79.388395,43.646097
11 325998 ESC 40 OZ,3220 SHEPPARD AVE E,22,118,Tam O'Shanter-Sullivan,Built,built,234,17987,,2011-12-14,,-79.312509,43.775977
16 269637 STE 22 OZ,41 ROEHAMPTON AVE,12,174,South Eglinton-Davisville,Built,built,440,33027.2,,2016-12-21,http://app.toronto.ca/AIC/index.do?folderRsn=tgMudgx%2BYEHHyyvwuHFlhg%3D%3D,-79.397276,43.706058
15 223802 STE 20 OZ,452 RICHMOND ST W,10,164,Wellington Place,Built,built,125,7044,341,2015-09-16,http://app.toronto.ca/AIC/index.do?folderRsn=7wElX7q%2FEIgJ6Z8yXBMTwg%3D%3D,-79.397676,43.645982
19 252606 STE 11 OZ,661 HURON ST,11,095,Annex,Active,active,6,506.8,,2019-11-22,http://app.toronto.ca/AIC/index.do?folderRsn=IZSC8dYiTWA5fuEe8s6uig%3D%3D,-79.404473,43.672839
22 241754 WET 05 OZ,2636 EGLINTON AVE W,5,110,Keelesdale-Eglinton West,Under Review,proposed,370,22205,324,2022-12-22,http://app.toronto.ca/AIC/index.do?folderRsn=yOwULkyO02HXCP07u21Q4g%3D%3D,-79.474449,43.688573
19 186166 WET 02 OZ,40 RAKELY CRT,2,011,Eringate-Centennial-West Deane,Under Review,proposed,0,,92653,2019-07-10,http://app.toronto.ca/AIC/index.do?folderRsn=Ad%2BYBBFvJNAfcThNoWsAGQ%3D%3D,-79.606143,43.644946
16 163214 STE 28 SA,41 RIVER ST,13,073,Moss Park,Built,built,26,1950,132,2016-05-27,http://app.toronto.ca/AIC/index.do?folderRsn=QhY1b3Tckb5SWMh4PAr8HA%3D%3D,-79.357098,43.656713
15 260336 NNY 26 OZ,250-256 LAIRD DR,15,,,Built,built,0,,983,2015-12-03,,,
17 278418 NNY 25 OZ,2535 BAYVIEW AVE,15,041,Bridle Path-Sunnybrook-York Mills,Active,active,9,2532,,2017-12-21,http://app.toronto.ca/AIC/index.do?folderRsn=woZHoyr07ubqg4%2FOvvEtJA%3D%3D,-79.383332,43.743706
17 264641 NNY 10 OZ,6020 BATHURST ST,6,035,Westminster-Branson,Active,active,335,27337,,2017-11-20,http://app.toronto.ca/AIC/index.do?folderRsn=GIVqEWprsPuBiP9fEhsk%2Fw%3D%3D,-79.44757,43.785089
21 160168 NNY 15 SA,80 OVERLEA BLVD,15,055,Thorncliffe Park,Under Review,proposed,0,,3869,2021-05-25,http://app.toronto.ca/AIC/index.do?folderRsn=mL6ARiNijtpgb6rkZYO2sQ%3D%3D,-79.340259,43.706787
22 243305 NNY 15 OZ,2690 BAYVIEW AVE,15,040,St.Andrew-Windfields,Under Review,proposed,11,2889.93,,2022-12-30,http://app.toronto.ca/AIC/index.do?folderRsn=mdjjaaYrfFDNU0B5JoRdSg%3D%3D,-79.386877,43.756545
12 146406 ESC 44 OZ,4027 ELLESMERE RD,25,134,Highland Creek,Built,built,12,1783.6,,2012-03-30,,-79.159721,43.7911
11 291307 NNY 23 OZ,219 FINCH AVE W,18,037,Willowdale West,Active,active,0,,495.32,2011-10-12,,-79.434775,43.773313
22 143092 ESC 24 SA,750 MORNINGSIDE AVE,24,135,Morningside,Under Review,proposed,28,2873.2,,2022-05-05,http://app.toronto.ca/AIC/index.do?folderRsn=kVDROV6sad1gJnpRGFSodw%3D%3D,-79.195257,43.786208
20 232714 STE 12 OZ,2180 YONGE ST,12,100,Yonge-Eglinton,Under Review,proposed,2892,206803,47131,2020-12-21,http://app.toronto.ca/AIC/index.do?folderRsn=N59s8Qf2JU22pCem2v3syQ%3D%3D,-79.398449,43.702649
23 102712 WET 07 SA,1733 WILSON AVE,7,154,Oakdale-Beverley Heights,Under Review,proposed,0,,107,2023-01-11,http://app.toronto.ca/AIC/index.do?folderRsn=J5RlQO%2BLvfmHoKLApwWOIg%3D%3D,-79.517804,43.716523
18 139795 STE 19 SA,39 EAST LIBERTY ST,10,163,Fort York-Liberty Village,Built,built,440,26735,215,2018-04-06,http://app.toronto.ca/AIC/index.do?folderRsn=Tz1XGT6JTyfeUANicP%2BZIQ%3D%3D,-79.411411,43.637392
15 202048 ESC 44 OZ,1 DEAN PARK RD,25,143,West Rouge,Active,active,351,23316.4,,2015-08-05,http://app.toronto.ca/AIC/index.do?folderRsn=MKgWW4IKDntjaNwDqsKpLQ%3D%3D,-79.170503,43.802481
19 205018 STE 11 OZ,73 QUEEN'S PARK CRES E,11,169,Bay-Cloverhill,Active,active,0,,7024,2019-08-13,http://app.toronto.ca/AIC/index.do?folderRsn=vcABYd0cmAAqe9byHCYvUA%3D%3D,-79.392345,43.664425
15 256733 STE 20 OZ,275 ALBANY AVE,11,095,Annex,Built,built,216,24278.77,2209.53,2015-11-25,,-79.412536,43.671886
18 245467 NNY 06 SA,2995 KEELE ST,6,155,Downsview,Built,built,80,10234,,2018-10-19,http://app.toronto.ca/AIC/index.do?folderRsn=P7baxcAW33Hx%2BKGBMzZ9kQ%3D%3D,-79.483571,43.736291
20 181262 NNY 15 OZ,126 LAIRD DR,15,056,Leaside-Bennington,Active,active,132,9783.6,248.6,2020-08-17,http://app.toronto.ca/AIC/index.do?folderRsn=xdQ1ZAUaCMbja0oCI2nbbg%3D%3D,-79.362671,43.705119
16 270147 STE 20 OZ,504 WELLINGTON ST W,10,164,Wellington Place,Active,active,58,5495,,2016-12-22,http://app.toronto.ca/AIC/index.do?folderRsn=s%2FJ7d1ay5Gf0CRpkqAZ3QQ%3D%3D,-79.3992,43.641486
22 115276 ESC 25 SA,205-207 MORNINGSIDE AVE,25,136,West Hill,Under Review,proposed,130,8903.45,,2022-02-17,http://app.toronto.ca/AIC/index.do?folderRsn=aLEAmIsezRSy0tJmu5CtNw%3D%3D,-79.185201,43.763878
15 152614 NNY 16 OZ,2795-2799 BATHURST ST,8,032,Englemount-Lawrence,Active,active,165,14800,692,2015-05-06,http://app.toronto.ca/AIC/index.do?folderRsn=%2BgHh1ZrtODiWB7SqWgUlgg%3D%3D,-79.428148,43.710875
16 268947 STE 20 OZ,457 RICHMOND ST W,10,164,Wellington Place,Active,active,140,9375,107,2016-12-20,http://app.toronto.ca/AIC/index.do?folderRsn=%2B093u%2BBC6N7bdsTujWhSZQ%3D%3D,-79.397685,43.645535
17 270052 STE 28 SA,475 FRONT ST E,13,166,St Lawrence-East Bayfront-The Islands,Built,built,401,31507,1338,2017-12-01,http://app.toronto.ca/AIC/index.do?folderRsn=lTedw9%2B7HXUh4Zrb3oflrA%3D%3D,-79.355421,43.650971
19 252092 WET 03 OZ,3353 LAKE SHORE BLVD W,3,019,Long Branch,Active,active,60,4560,269,2019-11-21,http://app.toronto.ca/AIC/index.do?folderRsn=Uh6JnIk%2FgSOvSNDCz%2B7e4Q%3D%3D,-79.526141,43.593874
21 170124 WET 03 OZ,378 BERING AVE,3,159,Etobicoke City Centre,Active,active,0,,12601,2021-06-14,http://app.toronto.ca/AIC/index.do?folderRsn=zCoHEHsrTi05SEgYLeJwig%3D%3D,-79.532287,43.635198
17 133928 STE 28 SA,460 FRONT ST E,13,166,St Lawrence-East Bayfront-The Islands,Built,built,187,13267,691,2017-03-24,http://app.toronto.ca/DevelopmentApplications/associatedApplicationsList.do?action=init&folderRsn=4127075&isCofASearch=false,-79.355659,43.651583
17 192881 STE 20 OZ,450 RICHMOND ST W,10,164,Wellington Place,Active,active,117,7799,339,2017-07-05,http://app.toronto.ca/AIC/index.do?folderRsn=8WP68EW6PjmkHCP3w%2Fr4LQ%3D%3D,-79.397528,43.645992
19 101834 STE 09 OZ,646 DUFFERIN ST,9,084,Little Portugal,Active,active,135,9322,,2019-01-07,http://app.toronto.ca/AIC/index.do?folderRsn=Gdi1iSpKiZbmrHXOIbBGzw%3D%3D,-79.432188,43.648255
19 195957 STE 19 SA,425 COXWELL AVE,19,065,Greenwood-Coxwell,Built,built,12,956.43,,2019-07-26,http://app.toronto.ca/AIC/index.do?folderRsn=fS3MyYGBWdYvTtqdL4gbSg%3D%3D,-79.321116,43.675633
19 192120 ESC 23 SA,1395 TAPSCOTT RD,23,144,Morningside Heights,Built,built,0,,54178.55,2019-07-19,http://app.toronto.ca/AIC/index.do?folderRsn=wUYcVgOycwh9vxrUZHMTlg%3D%3D,-79.244501,43.833604
13 246101 STE 27 OZ,836 YONGE ST,11,169,Bay-Cloverhill,Built,built,569,38747.74,761.18,2013-10-04,,-79.387737,43.669537
19 259116 STE 11 OZ,40 HARBORD ST,11,079,University,Active,active,0,,8253,2019-12-09,http://app.toronto.ca/AIC/index.do?folderRsn=pM3yYm31Lv%2Bb5XKugJHvkg%3D%3D,-79.401027,43.661599
21 210103 WET 07 SA,15 FENMAR DR,7,021,Humber Summit,Built,built,0,,14072,2021-09-09,http://app.toronto.ca/AIC/index.do?folderRsn=fThxpy%2F62yLoesz3%2Bw9nnA%3D%3D,-79.534842,43.755846
18 169199 STE 22 SA,215 LONSDALE RD,12,096,Casa Loma,Built,built,177,24078,,2018-05-31,http://app.toronto.ca/AIC/index.do?folderRsn=096sFIIOcdqNRQzz5gPdFg%3D%3D,-79.404077,43.688366
21 235157 STE 19 OZ,2721 DANFORTH AVE,19,062,East End-Danforth,Under Review,proposed,1139,74940,390,2021-11-07,http://app.toronto.ca/AIC/index.do?folderRsn=gipubukCtrmqbGj1uvSbVA%3D%3D,-79.298235,43.686737
23 120161 WET 03 SA,722 THE QUEENSWAY,3,016,Stonegate-Queensway,Under Review,proposed,26,2303,142,2023-03-06,http://app.toronto.ca/AIC/index.do?folderRsn=syZtjACVQppOAKOWZItr%2Fw%3D%3D,-79.501557,43.624912
13 279638 STE 32 OZ,907 KINGSTON RD,19,063,The Beaches,Built,built,91,10237,4058,2013-12-18,,-79.290641,43.678095
16 174855 WET 05 SA,4872 DUNDAS ST W,3,159,Etobicoke City Centre,Active,active,5,591.14,395.68,2016-06-15,http://app.toronto.ca/AIC/index.do?folderRsn=V%2FLARRGC8qsOo%2BiAJvlKQg%3D%3D,-79.528324,43.647852
15 242771 STE 20 SA,35 MC CAUL ST,10,164,Wellington Place,Built,built,0,,5766.5,2015-10-26,http://app.toronto.ca/AIC/index.do?folderRsn=Z48vLZv%2Fl5fbZBJelubu5A%3D%3D,-79.390166,43.649463
18 149949 STE 27 SA,121 AVENUE RD,11,095,Annex,Under Review,proposed,16,3093,200,2018-04-27,http://app.toronto.ca/AIC/index.do?folderRsn=X9iL64%2Bim7SgzCVUcfOe6A%3D%3D,-79.395953,43.671555
07 245499 STE 21 OZ,1145 OSSINGTON AVE,12,,,Built,built,54,8289.5,,2007-07-20,,,
18 212287 STE 22 OZ,26 BIRCH AVE,12,095,Annex,Built,built,27,6670,,2018-08-20,http://app.toronto.ca/AIC/index.do?folderRsn=m%2FoAI6DVbTgYyuaHxzN%2F1Q%3D%3D,-79.393146,43.679338
20 181297 NNY 15 OZ,134 LAIRD DR,15,056,Leaside-Bennington,Active,active,109,7579.8,148,2020-08-17,http://app.toronto.ca/AIC/index.do?folderRsn=luw%2FQShFxBjyDmnvK62eug%3D%3D,-79.363211,43.705928
16 271912 STE 30 OZ,309 CHERRY ST,14,070,South Riverdale,Under Review,proposed,1597,107198,10670,2016-12-30,http://app.toronto.ca/AIC/index.do?folderRsn=UHejxTFEHV2B4tjuaVKr8w%3D%3D,-79.353302,43.644581
18 145062 STE 14 SA,1360 KING ST W,4,085,South Parkdale,Built,built,0,,1014,2018-04-17,http://app.toronto.ca/AIC/index.do?folderRsn=cXvvLAgb9OCiHZRo4TUG6Q%3D%3D,-79.434211,43.635861
19 153681 WET 03 SA,2 WICKMAN RD,3,020,Alderwood,Active,active,0,,9639,2019-05-13,http://app.toronto.ca/AIC/index.do?folderRsn=ETOjFILj6VeKlHoA6xX3%2BA%3D%3D,-79.530233,43.613351
18 122319 WET 02 SA,1330 MARTIN GROVE RD,1,001,West Humber-Clairville,Built,built,0,,35359,2018-02-27,http://app.toronto.ca/AIC/index.do?folderRsn=qwjbK9SPb6vWhPJozZqaMg%3D%3D,-79.582366,43.709245
16 270143 WET 01 SA,1810 ALBION RD,1,001,West Humber-Clairville,Active,active,0,,2176,2016-12-22,http://app.toronto.ca/AIC/index.do?folderRsn=%2BLjEIHpxdN6B6SR88K2zVg%3D%3D,-79.614163,43.745693
19 264278 NNY 08 SA,21 ST CLEMENTS AVE,8,100,Yonge-Eglinton,Active,active,0,,2669,2019-12-23,http://app.toronto.ca/AIC/index.do?folderRsn=osfmM1EyUHzmH2gu8g0MYQ%3D%3D,-79.400527,43.710613
11 330290 NNY 16 OZ,1678 AVENUE RD,8,039,Bedford Park-Nortown,Built,built,76,13740.16,1863,2011-12-22,,-79.418238,43.725516
16 271540 ESC 36 OZ,1376 KINGSTON RD,20,122,Birchcliffe-Cliffside,Active,active,32,3733,99,2016-12-29,http://app.toronto.ca/AIC/index.do?folderRsn=g3m2fdU6piGhz%2FdvYemv1A%3D%3D,-79.273538,43.68439
14 200553 STE 22 OZ,200 ST CLAIR AVE W,12,096,Casa Loma,Built,built,42,10700,,2014-08-01,http://app.toronto.ca/DevelopmentApplications/associatedApplicationsList.do?action=init&folderRsn=3601077&isCofASearch=false,-79.402936,43.684797
20 112107 ESC 21 OZ,1960 EGLINTON AVE E,21,120,Clairlea-Birchmount,Active,active,2061,146956,63756,2020-02-04,http://app.toronto.ca/AIC/index.do?folderRsn=iQk1dDD0bOsw35h6fw8i%2FA%3D%3D,-79.287309,43.727137
20 232820 STE 11 OZ,820 CHURCH ST,11,167,Church-Wellesley,Active,active,0,,10234,2020-12-21,http://app.toronto.ca/AIC/index.do?folderRsn=tnPz%2FVmlsbRKM2BGM5iT3w%3D%3D,-79.386021,43.670077
23 129522 WET 03 SA,208 BROWNS LINE,3,020,Alderwood,Under Review,proposed,4,563.84,45.36,2023-03-31,http://app.toronto.ca/AIC/index.do?folderRsn=UaMEnwGbbIwECiLxjL4txg%3D%3D,-79.543927,43.595563
15 135351 STE 20 SA,130 ST GEORGE ST,11,079,University,Built,built,0,,4304,2015-04-01,http://app.toronto.ca/DevelopmentApplications/associatedApplicationsList.do?action=init&folderRsn=3722407&isCofASearch=false,-79.399373,43.662538
15 120727 STE 28 OZ,75 THE ESPLANADE,10,166,St Lawrence-East Bayfront-The Islands,Built,built,308,21822,1096,2015-02-24,http://app.toronto.ca/AIC/index.do?folderRsn=lTRyFG5zMqvuG2LE2Sog%2Fg%3D%3D,-79.373678,43.644992
16 241014 WET 11 OZ,10 WILBY CRES,5,113,Weston,Built,built,233,18290,,2016-10-21,http://app.toronto.ca/AIC/index.do?folderRsn=QHckztCxN0BRFq8dncEGYg%3D%3D,-79.511632,43.695259
19 220917 ESC 22 OZ,2993 SHEPPARD AVE E,22,118,Tam O'Shanter-Sullivan,Active,active,410,26766.67,1597.56,2019-09-13,http://app.toronto.ca/AIC/index.do?folderRsn=6ZaihrBjxEqV6UD%2Fe78ZxA%3D%3D,-79.318398,43.77398
16 269523 NNY 25 OZ,2706 BAYVIEW AVE,15,040,St.Andrew-Windfields,Active,active,4,1288,,2016-12-21,http://app.toronto.ca/AIC/index.do?folderRsn=jTPam2wM6JxRx39pS9bPfA%3D%3D,-79.387001,43.757072
17 180147 STE 20 SA,14 SPADINA RD,11,079,University,Built,built,24,1349,,2017-06-14,http://app.toronto.ca/AIC/index.do?folderRsn=r%2FJdsVVsCA1OHtrJAffwag%3D%3D,-79.405157,43.665845
16 261935 STE 28 SA,261 QUEENS QUAY  E,10,166,St Lawrence-East Bayfront-The Islands,Built,built,174,24312,1418,2016-12-08,http://app.toronto.ca/DevelopmentApplications/associatedApplicationsList.do?action=init&folderRsn=4074261&isCofASearch=false,-79.362196,43.64331
16 150473 NNY 24 OZ,50 FINCH AVE E,18,151,Yonge-Doris,Active,active,42,4967,106,2016-05-04,http://app.toronto.ca/AIC/index.do?folderRsn=G3zRbAdTpLCwZpqw6sOe3Q%3D%3D,-79.412262,43.778816
18 218741 STE 20 OZ,100 DEVONSHIRE PL,11,079,University,Active,active,0,,10340,2018-08-31,http://app.toronto.ca/AIC/index.do?folderRsn=JeO5OiyZnP20tr73X2V5%2BQ%3D%3D,-79.398679,43.664671
15 258720 STE 28 OZ,65 KING ST E,13,166,St Lawrence-East Bayfront-The Islands,Built,built,0,,38369,2015-11-30,http://app.toronto.ca/AIC/index.do?folderRsn=yGtMXdQN%2BbS6I4yzmFqLew%3D%3D,-79.375423,43.647181
19 263567 WET 05 SA,7-11 INGRAM DR,5,112,Beechborough-Greenbrook,Active,active,0,,5252,2019-12-20,http://app.toronto.ca/AIC/index.do?folderRsn=dUbnd0EVdrneRGAZOO%2FA4w%3D%3D,-79.475212,43.69745
21 234506 STE 11 OZ,328 BLOOR ST W,11,079,University,Under Review,proposed,345,28071,292,2021-11-05,http://app.toronto.ca/AIC/index.do?folderRsn=UvCaXU6I%2FHdQouhreM1ryA%3D%3D,-79.403828,43.664965
15 230523 STE 27 OZ,33 GERRARD ST W,11,170,Yonge-Bay Corridor,Under Review,proposed,1709,132308,27374,2015-09-30,http://app.toronto.ca/AIC/index.do?folderRsn=AR3r7iWPDRLLoGgUMU6kWA%3D%3D,-79.383231,43.656446
16 259549 STE 27 OZ,183 AVENUE RD,11,095,Annex,Under Review,proposed,18,6193,397,2016-12-02,http://app.toronto.ca/AIC/index.do?folderRsn=rw%2BwaI7i6dUeH1iHE4d2fg%3D%3D,-79.396744,43.673239
20 144475 ESC 24 SA,941 PROGRESS AVE,24,142,Woburn North,Active,active,0,,12338,2020-05-12,http://app.toronto.ca/AIC/index.do?folderRsn=knKfeI%2FLNNBFaYRNratZdg%3D%3D,-79.227234,43.783273
22 141954 STE 10 OZ,307 LAKE SHORE BLVD E,10,166,St Lawrence-East Bayfront-The Islands,Under Review,proposed,430,30994.3,700,2022-05-04,http://app.toronto.ca/AIC/index.do?folderRsn=DaS2dN6cZkSFWWNu4CfEqA%3D%3D,-79.362128,43.645254
16 270590 STE 28 SA,55 LAKE SHORE BLVD E,10,166,St Lawrence-East Bayfront-The Islands,Built,built,0,,59204,2016-12-23,http://app.toronto.ca/AIC/index.do?folderRsn=h2u7uMYjjx5fh2i%2FmYrBfw%3D%3D,-79.373259,43.642659
16 123717 NNY 09 OZ,1326 WILSON AVE,6,154,Oakdale-Beverley Heights,Active,active,69,5715,3832,2016-03-04,http://app.toronto.ca/AIC/index.do?folderRsn=irEgGxOttJpHv39Zss5pjw%3D%3D,-79.495938,43.72188
17 120977 STE 28 SA,100 HOWARD ST,13,074,North St.James Town,Built,built,760,59327,1721,2017-02-24,http://app.toronto.ca/AIC/index.do?folderRsn=PWs84oxryMPKgDQRcXhk4w%3D%3D,-79.372126,43.669515
14 169707 STE 32 SA,1895 QUEEN ST E,19,063,The Beaches,Active,active,0,,1068,2014-06-06,,-79.305335,43.666681
13 123864 STE 27 OZ,481 UNIVERSITY AVE,11,078,Kensington-Chinatown,Active,active,709,51933,24387,2013-02-22,,-79.387948,43.653246
24 175201 WET 03 SA,2 AUDLEY ST,3,160,Mimico-Queensway,Under Review,proposed,1058,74141,3067,2024-07-05,http://app.toronto.ca/AIC/index.do?folderRsn=WzXbUmrDm%2BbS5mB5NjMQMA%3D%3D,-79.494117,43.617222
12 144920 NNY 15 OZ,36 JANE OSLER BLVD,8,031,Yorkdale-Glen Park,Active,active,8,3239.19,,2012-03-28,http://app.toronto.ca/DevelopmentApplications/associatedApplicationsList.do?action=init&folderRsn=3101959&isCofASearch=false,-79.460563,43.722178
21 225968 STE 11 SA,2 BLOOR ST W,11,169,Bay-Cloverhill,Active,active,925,66967,9762,2021-10-14,http://app.toronto.ca/AIC/index.do?folderRsn=%2FykreLP%2BKrTETwe6lEIxZw%3D%3D,-79.387433,43.66841
18 171420 NNY 34 SA,1 MOBILE DR,16,043,Victoria Village,Active,active,0,,13277,2018-06-04,http://app.toronto.ca/AIC/index.do?folderRsn=WiwdBC1TbrQh9uJ%2B5LTjyg%3D%3D,-79.314588,43.723021
12 296517 STE 22 OZ,2221 YONGE ST,12,100,Yonge-Eglinton,Built,built,605,40616.2,880,2012-12-20,,-79.397964,43.70406
15 232119 ESC 37 SA,1306 KENNEDY RD,21,126,Dorset Park,Built,built,0,,856.1,2015-10-02,http://app.toronto.ca/AIC/index.do?folderRsn=R%2B6idyOpojzC%2FASHFHKL3A%3D%3D,-79.279651,43.757315
10 194423 STE 31 OZ,825 COXWELL AVE,19,059,Danforth East York,Built,built,0,,35229,2010-06-11,,-79.325155,43.687833
23 141989 STE 14 SA,882 BROADVIEW AVE,14,067,Playter Estates-Danforth,Under Review,proposed,20,1147,47,2023-05-05,http://app.toronto.ca/AIC/index.do?folderRsn=v6egu5n96Uh2mERpNLhoUQ%3D%3D,-79.358508,43.677992
17 266470 STE 29 OZ,995 BROADVIEW AVE,14,067,Playter Estates-Danforth,Active,active,50,5341.7,371.7,2017-11-23,http://app.toronto.ca/AIC/index.do?folderRsn=SawzLJGJ2XIdbHanpX0%2BUQ%3D%3D,-79.356855,43.681959
21 242724 STE 12 OZ,2039 YONGE ST,12,100,Yonge-Eglinton,Active,active,121,10426,400,2021-11-29,http://app.toronto.ca/AIC/index.do?folderRsn=H85mnboQ6OlclK0BGWPV0w%3D%3D,-79.397263,43.699787
17 245489 NNY 25 OZ,4155 YONGE ST,15,039,Bedford Park-Nortown,Active,active,30,7130.17,,2017-10-10,http://app.toronto.ca/AIC/index.do?folderRsn=zMnaiNn1ABXgE1Rdg34D%2FQ%3D%3D,-79.407254,43.7452
22 185127 STE 14 OZ,654-656 DANFORTH AVE,14,068,North Riverdale,Under Review,proposed,496,29756,4744,2022-08-03,http://app.toronto.ca/AIC/index.do?folderRsn=bejo%2FJrnxvmp4omhwVGMHg%3D%3D,-79.344787,43.677266
15 138688 NNY 25 OZ,2851 YONGE ST,15,103,Lawrence Park South,Active,active,29,3510.4,,2015-04-09,http://app.toronto.ca/AIC/index.do?folderRsn=zCwwVwlghDtOfzx9yUm0Bw%3D%3D,-79.401101,43.718311
22 199265 STE 12 OZ,1366 YONGE ST,12,097,Yonge-St.Clair,Under Review,proposed,489,32196,100,2022-09-02,http://app.toronto.ca/AIC/index.do?folderRsn=3jhqKm3wYcZP5Z4RdYOYzA%3D%3D,-79.393791,43.68404
23 148273 ESC 22 OZ,4181 SHEPPARD AVE E,22,128,Agincourt South-Malvern West,Under Review,proposed,1009,81960.9,733.7,2023-05-19,http://app.toronto.ca/AIC/index.do?folderRsn=mfWqLOyH3G3VehXCeq8Tjg%3D%3D,-79.279287,43.782288
15 236785 STE 27 OZ,60 SHUTER ST,13,168,Downtown Yonge East,Built,built,321,22387,487,2015-10-13,http://app.toronto.ca/DevelopmentApplications/associatedApplicationsList.do?action=init&folderRsn=3841401&isCofASearch=false,-79.376455,43.653106
17 225532 WET 02 OZ,25 INTERNATIONAL BLVD,1,001,West Humber-Clairville,Built,built,0,,6195,2017-08-30,http://app.toronto.ca/DevelopmentApplications/associatedApplicationsList.do?action=init&folderRsn=4237338&isCofASearch=false,-79.589738,43.67486
23 151381 ESC 23 SA,4035 MCNICOLL AVE,23,144,Morningside Heights,Under Review,proposed,0,,4546,2023-05-26,http://app.toronto.ca/AIC/index.do?folderRsn=0rQ2RfvA9tYeb2MZGBL3QQ%3D%3D,-79.234804,43.824572
19 263883 ESC 20 OZ,2567 EGLINTON AVE E,20,124,Kennedy Park,Active,active,118,8424,432,2019-12-20,http://app.toronto.ca/AIC/index.do?folderRsn=xHAbwKP9IkqZ5auNpj0IRg%3D%3D,-79.256045,43.73258
11 187996 STE 27 OZ,501 YONGE ST,13,169,Bay-Cloverhill,Built,built,832,50470,1256,2011-05-05,,-79.383813,43.661251
11 330299 NNY 15 OZ,3636 BATHURST ST,8,032,Englemount-Lawrence,Active,active,317,21077.51,645.36,2011-12-22,http://app.toronto.ca/AIC/index.do?folderRsn=IGhNgGRTPwFgh6eIx53vnA%3D%3D,-79.433377,43.730526
18 269227 NNY 16 OZ,1861 O'CONNOR DR,16,043,Victoria Village,Active,active,245,15635.6,184.1,2018-12-17,http://app.toronto.ca/AIC/index.do?folderRsn=UW1E6pARVeooHbq3hhpkPw%3D%3D,-79.303461,43.7196
14 193239 STE 19 OZ,740 DUPONT ST,11,172,Dovercourt Village,Built,built,210,16579.9,3209.1,2014-07-18,,-79.424133,43.669543
20 148800 STE 14 SA,545 COMMISSIONERS ST,14,070,South Riverdale,Built,built,0,,1079,2020-05-26,http://app.toronto.ca/AIC/index.do?folderRsn=zM5dK5500mGb32T5cG92NQ%3D%3D,-79.329275,43.652403
22 184087 NNY 16 OZ,793 DON MILLS RD,16,044,Flemingdon Park,Under Review,proposed,2655,162530.28,,2022-07-29,http://app.toronto.ca/AIC/index.do?folderRsn=kCb%2BCHUL%2B%2BNuERbUh2i88Q%3D%3D,-79.335597,43.717024
21 136166 STE 14 OZ,880-882 EASTERN AVE,14,063,The Beaches,Active,active,180,13341.2,198.4,2021-04-06,http://app.toronto.ca/AIC/index.do?folderRsn=pw7m6TsUbN%2BE2xI0pM5%2FQw%3D%3D,-79.32599,43.660628
21 188070 WET 07 OZ,4500 JANE ST,7,024,Black Creek,Active,active,135,14207,,2021-07-22,http://app.toronto.ca/AIC/index.do?folderRsn=gJ8gM7F0FVoYSqLjs40Ieg%3D%3D,-79.520669,43.76447
22 138028 STE 12 OZ,500 MACPHERSON AVE,12,095,Annex,Active,active,150,11116,,2022-04-25,http://app.toronto.ca/AIC/index.do?folderRsn=yDJe9G9Qn2VTso9h1p2Qtg%3D%3D,-79.409738,43.673735
19 238226 STE 12 OZ,24 IMPERIAL ST,12,100,Yonge-Eglinton,Active,active,30,3762.3,,2019-10-18,http://app.toronto.ca/AIC/index.do?folderRsn=TwbrO216A7a6DAmqqCZ%2BZw%3D%3D,-79.397795,43.697865
16 208200 NNY 23 OZ,245 SHEPPARD AVE W,18,038,Lansing-Westgate,Active,active,112,11507,451,2016-08-17,http://app.toronto.ca/AIC/index.do?folderRsn=9xHbevAKJRsysfTLy7kYbw%3D%3D,-79.422811,43.756714
12 169750 STE 22 OZ,23 LASCELLES BLVD,12,097,Yonge-St.Clair,Built,built,10,3360,,2012-05-09,,-79.398741,43.693486
21 166606 STE 13 OZ,25 ST MARY ST,13,169,Bay-Cloverhill,Active,active,1283,76612,1040,2021-06-07,http://app.toronto.ca/AIC/index.do?folderRsn=j3XSwKGvUol5sWhehYEW4g%3D%3D,-79.387353,43.66534
14 183553 STE 27 OZ,75 MUTUAL ST,13,168,Downtown Yonge East,Built,built,385,22839,765,2014-07-02,,-79.375414,43.65444
19 236352 WET 02 OZ,900 THE EAST MALL,2,011,Eringate-Centennial-West Deane,Active,active,846,64701,6240,2019-10-15,http://app.toronto.ca/AIC/index.do?folderRsn=NmZEFyqXVuz9vSy6U%2F1ymA%3D%3D,-79.573152,43.665565
15 139695 NNY 23 OZ,2966 BAYVIEW AVE,18,152,East Willowdale,Built,built,6,1268.14,,2015-04-13,,-79.39002,43.770791
12 124056 STE 20 OZ,324 RICHMOND ST W,10,164,Wellington Place,Built,built,340,23284.48,251.9,2012-02-16,,-79.392646,43.646963
18 241563 STE 14 OZ,41 WABASH AVE,4,086,Roncesvalles,Active,active,15,3188,,2018-10-12,http://app.toronto.ca/AIC/index.do?folderRsn=NUZLNeBLy1cLKr32iUGaTw%3D%3D,-79.443145,43.645685
19 226732 STE 11 OZ,117 ST GEORGE ST,11,079,University,Active,active,0,,3767,2019-09-25,http://app.toronto.ca/AIC/index.do?folderRsn=ojVLnfnw4VcAW9k%2Bay8qPg%3D%3D,-79.399027,43.664682
23 165545 ESC 24 SA,1710 ELLESMERE RD,24,142,Woburn North,Under Review,proposed,1060,77036,,2023-06-23,http://app.toronto.ca/AIC/index.do?folderRsn=mwnHl25fk%2FABweQtLvJzKw%3D%3D,-79.248153,43.771177
23 165549 ESC 24 SA,1710 ELLESMERE RD,24,142,Woburn North,Under Review,proposed,1052,75270.28,,2023-06-23,http://app.toronto.ca/AIC/index.do?folderRsn=YYraEUvSfeiTmjqCYrq%2BZg%3D%3D,-79.248153,43.771177
23 165553 ESC 24 SA,1710 ELLESMERE RD,24,142,Woburn North,Under Review,proposed,280,19711.42,2402.77,2023-06-23,http://app.toronto.ca/AIC/index.do?folderRsn=QE4VBYmsycBRTE2GL1HTNw%3D%3D,-79.248616,43.771668
23 165951 ESC 24 OZ,4384 KINGSTON RD,24,136,West Hill,Under Review,proposed,78,6807.54,45.63,2023-06-25,http://app.toronto.ca/AIC/index.do?folderRsn=Yngmw6TZeEBUP9mWEGTcqA%3D%3D,-79.190865,43.765108
16 269987 NNY 34 OZ,905 DON MILLS RD,16,042,Banbury-Don Mills,Built,built,134,11579.8,,2016-12-22,http://app.toronto.ca/AIC/index.do?folderRsn=0pzB%2BMf7qwB8MQVv7Ewgfg%3D%3D,-79.340388,43.72616
23 166963 ESC 23 SA,116 SELECT AVE,23,130,Milliken,Under Review,proposed,0,,999,2023-06-27,http://app.toronto.ca/AIC/index.do?folderRsn=38RtNm6iXMo%2B4Z3PCqgbng%3D%3D,-79.257564,43.829878
23 167843 STE 10 SA,259 LAKE SHORE BLVD E,10,166,St Lawrence-East Bayfront-The Islands,Under Review,proposed,910,58994,9035,2023-06-29,http://app.toronto.ca/AIC/index.do?folderRsn=T%2FSejA1bS6%2Btw2EDPSHWUA%3D%3D,-79.364414,43.644614
19 213782 ESC 21 SA,25 CROUSE RD,21,119,Wexford/Maryvale,Under Review,proposed,0,,5604,2019-08-29,http://app.toronto.ca/AIC/index.do?folderRsn=VFFmwKJkr4DRK%2BAGohMRWQ%3D%3D,-79.283569,43.738238
18 140669 ESC 35 OZ,2787 EGLINTON AVE E,20,138,Eglinton East,Active,active,182,15750.32,,2018-04-09,http://app.toronto.ca/AIC/index.do?folderRsn=73bNxIgQ7Ej7tP1YqBGfig%3D%3D,-79.245833,43.734667
20 152169 WET 03 SA,60 BIRMINGHAM ST,3,018,New Toronto,Active,active,0,,36954,2020-06-04,http://app.toronto.ca/AIC/index.do?folderRsn=CDh5ZZL4jUv%2F5LXNu8c%2BzA%3D%3D,-79.50124,43.603688
20 220235 ESC 23 OZ,1370 NEILSON RD,23,145,Malvern West,Under Review,proposed,0,,12274.1,2020-11-19,http://app.toronto.ca/AIC/index.do?folderRsn=GukGk8EYH9vUqCl62yafxQ%3D%3D,-79.221837,43.806574
12 248832 NNY 15 OZ,293 VIEWMOUNT AVE,8,031,Yorkdale-Glen Park,Built,built,10,1217.04,,2012-09-18,,-79.443713,43.704925
16 186017 NNY 23 OZ,21 FRANKLIN AVE,18,038,Lansing-Westgate,Active,active,6,1300.73,,2016-07-06,http://app.toronto.ca/AIC/index.do?folderRsn=lhyEng3mZDqhdqJt5%2F3pzQ%3D%3D,-79.410873,43.753942
22 108249 WET 07 SA,300 BARTOR RD,7,154,Oakdale-Beverley Heights,Active,active,0,,6057,2022-01-27,http://app.toronto.ca/AIC/index.do?folderRsn=XRbpEi8bZLHrKnWcHowbOw%3D%3D,-79.527287,43.727325
18 156712 STE 18 OZ,31 GLADSTONE AVE,9,085,South Parkdale,Active,active,28,2908.52,,2018-05-10,http://app.toronto.ca/AIC/index.do?folderRsn=icF7kE9169gG%2BDUriMBC8w%3D%3D,-79.427415,43.641634
13 130220 WET 02 SA,280 CARLINGVIEW DR,1,001,West Humber-Clairville,Built,built,0,,20,2013-03-08,,-79.597374,43.687219
21 243769 STE 13 SA,66 BOND ST,13,168,Downtown Yonge East,Under Review,proposed,0,,7204,2021-12-01,http://app.toronto.ca/AIC/index.do?folderRsn=J4KiDVHjOCzNP6yUGSTnjg%3D%3D,-79.37828,43.653074
20 189568 ESC 20 OZ,3355 KINGSTON RD,20,139,Scarborough Village,Active,active,308,33766,400,2020-09-03,http://app.toronto.ca/AIC/index.do?folderRsn=qFfkD1ZnP1%2F7BcKCHykWEQ%3D%3D,-79.221364,43.732468
21 199452 WET 07 OZ,2801 JANE ST,7,025,Glenfield-Jane Heights,Active,active,224,19230,,2021-08-17,http://app.toronto.ca/AIC/index.do?folderRsn=it%2FpZ7B7EU6zrRbCrItmGw%3D%3D,-79.515365,43.748227
18 266021 STE 19 OZ,1793 DANFORTH AVE,19,064,Woodbine Corridor,Active,active,16,1292,120,2018-12-07,http://app.toronto.ca/AIC/index.do?folderRsn=pzL5Q4pQs5qUc4sTyJ8%2FjA%3D%3D,-79.319005,43.682165
20 191759 ESC 22 OZ,2499 VICTORIA PARK AVE,22,053,Henry Farm,Active,active,293,28318.3,613.9,2020-09-10,http://app.toronto.ca/AIC/index.do?folderRsn=DL7tODKGyXWgU7fyh3RCkw%3D%3D,-79.321442,43.769646
21 124295 WET 03 SA,247 PARK LAWN RD,3,016,Stonegate-Queensway,Under Review,proposed,0,,80.01,2021-03-08,http://app.toronto.ca/AIC/index.do?folderRsn=xKsrLF3mKPTye82U3aNN5A%3D%3D,-79.491814,43.630769
21 246670 STE 13 SA,340 GERRARD ST E,13,072,Regent Park,Active,active,0,,331.4,2021-12-09,http://app.toronto.ca/AIC/index.do?folderRsn=XE8NLmoWEoSH9y%2Fribou0A%3D%3D,-79.365324,43.660898
21 156568 STE 11 OZ,502 SPADINA AVE,11,078,Kensington-Chinatown,Active,active,109,8202.15,3185.51,2021-05-18,http://app.toronto.ca/AIC/index.do?folderRsn=uUww2oeK9kU5aE3krMRKUQ%3D%3D,-79.40101,43.656695
22 179753 ESC 25 OZ,4674 KINGSTON RD,25,136,West Hill,Under Review,proposed,483,30411.15,665.4,2022-07-20,http://app.toronto.ca/AIC/index.do?folderRsn=HjHPy9HC1sedenhFdey1Sw%3D%3D,-79.174571,43.774643
20 161916 NNY 16 SA,52 SCARSDALE RD,16,042,Banbury-Don Mills,Built,built,0,,3903.54,2020-06-30,http://app.toronto.ca/AIC/index.do?folderRsn=IB7ItoxNZuJbhXtnZ0ZYLg%3D%3D,-79.354906,43.746062
17 245526 STE 20 SA,440 FRONT ST W,10,165,Harbourfront-CityPlace,Built,built,330,31536,,2017-10-10,http://app.toronto.ca/AIC/index.do?folderRsn=1fRgIAqAEbjoqqYyVIcHYA%3D%3D,-79.396259,43.640834
20 198704 NNY 16 OZ,175 WYNFORD DR,16,044,Flemingdon Park,Under Review,proposed,2498,151277,14302,2020-09-25,http://app.toronto.ca/AIC/index.do?folderRsn=OchLpGMfdEnBTWsqwXarWQ%3D%3D,-79.327725,43.722987
18 261051 WET 05 SA,301 PARK LAWN RD,3,016,Stonegate-Queensway,Built,built,14,1287,,2018-11-26,http://app.toronto.ca/AIC/index.do?folderRsn=fLniHIL5SeL587TIOH%2FedQ%3D%3D,-79.492658,43.633054
22 175298 WET 02 OZ,251 THE WEST MALL,2,012,Markland Wood,Under Review,proposed,610,47432,,2022-07-12,http://app.toronto.ca/AIC/index.do?folderRsn=gyK5%2FN0sVgFUIkZpE1LE9Q%3D%3D,-79.560715,43.631265
12 145018 STE 19 OZ,41 DOVERCOURT RD,10,085,South Parkdale,Built,built,74,7453,2120,2012-03-28,,-79.421592,43.63975
14 266298 STE 27 OZ,20 EDWARD ST,11,170,Yonge-Bay Corridor,Built,built,560,38330.1,7653.1,2014-12-19,,-79.382688,43.655115
18 268543 STE 14 SA,945 LAKE SHORE BLVD E,14,070,South Riverdale,Built,built,0,,6614,2018-12-14,http://app.toronto.ca/AIC/index.do?folderRsn=p2Z7%2BEfU27nHWbhie1zwDA%3D%3D,-79.334096,43.65434
15 122324 WET 13 OZ,2115 BLOOR ST W,4,087,High Park-Swansea,Active,active,54,5207,559,2015-02-27,,-79.472371,43.649768
18 146662 ESC 36 SA,2201 KINGSTON RD,20,122,Birchcliffe-Cliffside,Built,built,190,13598,,2018-04-20,http://app.toronto.ca/AIC/index.do?folderRsn=SX1d8BWuIDirE5zhC63dXA%3D%3D,-79.252864,43.701332
17 267810 NNY 33 OZ,21 ALLENBURY GDNS,17,047,Don Valley Village,Built,built,374,26963.77,,2017-11-27,http://app.toronto.ca/DevelopmentApplications/associatedApplicationsList.do?action=init&folderRsn=4287126&isCofASearch=false,-79.342523,43.778767
18 115438 STE 21 OZ,1637 BATHURST ST,12,106,Humewood-Cedarvale,Active,active,75,8490,,2018-02-09,http://app.toronto.ca/AIC/index.do?folderRsn=6IWOU5pskyPUtck8UvPxfA%3D%3D,-79.421953,43.690619
18 158580 ESC 39 OZ,2775 BIRCHMOUNT RD,22,148,East L'Amoreaux,Built,built,0,,419.07,2018-05-14,http://app.toronto.ca/AIC/index.do?folderRsn=FMz4WWWbyhGBmnIFDcEk9A%3D%3D,-79.304749,43.794889
22 204563 STE 13 OZ,15 RICHMOND ST E,13,168,Downtown Yonge East,Under Review,proposed,565,40557,126,2022-09-16,http://app.toronto.ca/AIC/index.do?folderRsn=hSpw13Q8rz80Bgo%2FSCNZiA%3D%3D,-79.37813,43.651689
21 237249 STE 10 OZ,778 KING ST W,10,162,West Queen West,Under Review,proposed,373,24126,714,2021-11-12,http://app.toronto.ca/AIC/index.do?folderRsn=7I4jfcpRmj%2FZIoKUIWspJg%3D%3D,-79.406226,43.641509
13 181685 STE 28 OZ,48 POWER ST,13,073,Moss Park,Built,built,520,39177,4072,2013-06-05,http://app.toronto.ca/AIC/index.do?folderRsn=lNkpRLPwBagc3iYO4xhvcw%3D%3D,-79.363358,43.65233
23 110086 NNY 15 SA,551 MOUNT PLEASANT RD,15,174,South Eglinton-Davisville,Under Review,proposed,0,,1567,2023-02-03,http://app.toronto.ca/AIC/index.do?folderRsn=FMimX0HaEu6xeJZAtEmclw%3D%3D,-79.387772,43.701017
15 106950 STE 22 OZ,85 BROADWAY AVE,12,173,North Toronto,Built,built,349,23047,,2015-01-21,http://app.toronto.ca/DevelopmentApplications/associatedApplicationsList.do?action=init&folderRsn=3688556&isCofASearch=false,-79.394483,43.708308
06 128393 ESC 36 OZ,2540 GERRARD ST E,20,,,Active,active,367,26699,,2006-04-24,,,
19 122537 NNY 08 OZ,340 ST CLEMENTS AVE,8,103,Lawrence Park South,Active,active,6,1167.7,,2019-03-06,http://app.toronto.ca/AIC/index.do?folderRsn=KSMbbXY8DxnMG0jsxrlBRg%3D%3D,-79.411169,43.708608
19 203446 STE 14 SA,433 PAPE AVE,14,068,North Riverdale,Active,active,0,,270.2,2019-08-09,http://app.toronto.ca/AIC/index.do?folderRsn=If%2B2LQ2NFi%2BImNisIHjO%2BA%3D%3D,-79.34168,43.669223
17 245221 STE 20 SA,226 ST GEORGE ST,11,095,Annex,Built,built,0,,2059,2017-10-10,http://app.toronto.ca/AIC/index.do?folderRsn=8qUmv71PxsGlMpKyw9zPAQ%3D%3D,-79.402108,43.669728
12 290796 STE 27 OZ,387 BLOOR ST E,13,074,North St.James Town,Built,built,508,30800,13200,2012-12-07,,-79.377776,43.669986
15 251059 NNY 25 OZ,1 HEATHCOTE AVE,15,040,St.Andrew-Windfields,Built,built,6,1420,,2015-11-13,http://app.toronto.ca/DevelopmentApplications/associatedApplicationsList.do?action=init&folderRsn=3858229&isCofASearch=false,-79.384672,43.750001
16 182989 STE 19 SA,11 ORDNANCE ST,10,163,Fort York-Liberty Village,Built,built,579,41799,10355,2016-06-29,http://app.toronto.ca/AIC/index.do?folderRsn=cGHnqBEB0reF1NgZdokjfw%3D%3D,-79.409875,43.637194
19 254744 NNY 06 OZ,1184 WILSON AVE,6,154,Oakdale-Beverley Heights,Active,active,262,17813.12,,2019-11-27,http://app.toronto.ca/AIC/index.do?folderRsn=CSuah595E8y%2FhGDf0hHizA%3D%3D,-79.488001,43.723746
06 200047 NNY 34 OZ,4 GRAYDON HALL DR,16,,,Active,active,56,7960,,2006-12-29,,,
18 156670 WET 07 OZ,2996 WESTON RD,7,023,Pelmo Park-Humberlea,Built,built,5,1175,,2018-05-10,http://app.toronto.ca/AIC/index.do?folderRsn=8pURNUWcdpQh5q%2Br9peGsA%3D%3D,-79.536269,43.725621
15 215438 STE 14 OZ,422 RONCESVALLES AVE,4,087,High Park-Swansea,Built,built,93,8442,540,2015-08-31,http://app.toronto.ca/DevelopmentApplications/associatedApplicationsList.do?action=init&folderRsn=3816210&isCofASearch=false,-79.451687,43.649875
21 208078 STE 10 OZ,147 SPADINA AVE,10,164,Wellington Place,Under Review,proposed,226,16022,351,2021-09-03,http://app.toronto.ca/AIC/index.do?folderRsn=KrwTU3ldQB45byNSxI4AIw%3D%3D,-79.395799,43.646086
18 202629 ESC 39 SA,4080 SHEPPARD AVE E,22,128,Agincourt South-Malvern West,Built,built,0,,1205,2018-07-31,http://app.toronto.ca/AIC/index.do?folderRsn=Uno6MC6l4aId%2Bcf%2BFIoUkQ%3D%3D,-79.284911,43.782511
20 171769 NNY 18 SA,101 SENLAC RD,18,038,Lansing-Westgate,Built,built,0,,930,2020-07-23,http://app.toronto.ca/AIC/index.do?folderRsn=9%2BXHKvt9RtlTFnC2xEYDTw%3D%3D,-79.424243,43.761855
22 145695 STE 14 OZ,1763 DUNDAS ST E,14,065,Greenwood-Coxwell,Under Review,proposed,26,1412.29,,2022-05-11,http://app.toronto.ca/AIC/index.do?folderRsn=a1azmt2IdgjTOfIsVdwk7w%3D%3D,-79.323049,43.665561
13 172109 NNY 34 OZ,1970 VICTORIA PARK AVE,16,149,Parkwoods-O'Connor Hills,Built,built,67,8555.5,,2013-05-22,,-79.312456,43.746371
20 214609 STE 12 SA,636 GLENHOLME AVE,12,107,Oakwood Village,Active,active,0,,854,2020-11-03,http://app.toronto.ca/AIC/index.do?folderRsn=kAZnerpuWKMr2fULNhch3Q%3D%3D,-79.445945,43.6939
12 168197 NNY 16 OZ,2360 YONGE ST,8,100,Yonge-Eglinton,Built,built,404,28615,5883,2012-05-07,http://app.toronto.ca/DevelopmentApplications/associatedApplicationsList.do?action=init&folderRsn=3127406&isCofASearch=false,-79.399326,43.706787
21 144776 STE 19 OZ,558-560 KINGSTON RD,19,063,The Beaches,Under Review,proposed,57,3725.8,,2021-04-23,http://app.toronto.ca/AIC/index.do?folderRsn=0IVAt9rVKEbHakJtr1uX5A%3D%3D,-79.301212,43.676451
22 107364 WET 01 SA,25 CLAIREVILLE DR,1,001,West Humber-Clairville,Under Review,proposed,0,,4841,2022-01-25,http://app.toronto.ca/AIC/index.do?folderRsn=dvrwzCJBOduEOdggF378BA%3D%3D,-79.620651,43.734624
14 209662 STE 28 OZ,45 BAY ST,10,166,St Lawrence-East Bayfront-The Islands,Built,built,0,,143196,2014-08-21,,-79.377979,43.641944
19 178626 NNY 08 SA,1 RAMSDEN RD,8,109,Caledonia-Fairbank,Active,active,0,,314.06,2019-06-26,http://app.toronto.ca/AIC/index.do?folderRsn=uSvyHxmNpj8WFgIwpbPEkw%3D%3D,-79.452272,43.694293
17 147290 STE 28 OZ,187 KING ST E,13,166,St Lawrence-East Bayfront-The Islands,Under Review,proposed,16,3772,,2017-04-21,http://app.toronto.ca/AIC/index.do?folderRsn=XunaNHsoqFI3%2FlR0gddDIg%3D%3D,-79.37064,43.64861
21 204643 NNY 17 OZ,1 GREENBRIAR RD,17,052,Bayview Village,Active,active,145,10327.7,403.5,2021-08-26,http://app.toronto.ca/AIC/index.do?folderRsn=Qq1zjQVlcKPEoN9zMviyag%3D%3D,-79.380082,43.766095
22 162248 STE 13 OZ,399 YONGE ST,13,170,Yonge-Bay Corridor,Active,active,747,52771,185,2022-06-14,http://app.toronto.ca/AIC/index.do?folderRsn=IfpOrnwA4SEzyZY9rAjiYA%3D%3D,-79.382065,43.657318
20 155678 STE 12 OZ,155 BALLIOL ST,12,099,Mount Pleasant East,Active,active,442,31095,137,2020-06-12,http://app.toronto.ca/AIC/index.do?folderRsn=18jYqLWSKlTepokaIl6qIA%3D%3D,-79.392332,43.695967
21 146532 WET 03 SA,312 BROWNS LINE,3,020,Alderwood,Active,active,13,1039,75,2021-04-27,http://app.toronto.ca/AIC/index.do?folderRsn=NHApIYtO74IOp%2FvXQdwE2A%3D%3D,-79.54476,43.597539
20 200379 STE 04 OZ,1354 QUEEN ST W,4,085,South Parkdale,Active,active,172,10745,365,2020-09-29,http://app.toronto.ca/AIC/index.do?folderRsn=PHLEVsmoS3fgQbeus4Qo0A%3D%3D,-79.432785,43.639617
23 216457 ESC 21 OZ,3091 LAWRENCE AVE E,21,,,Under Review,proposed,774,50632,7849,2023-10-19,http://app.toronto.ca/AIC/index.do?folderRsn=fNvMuRVycuT3mib4kmxjpw%3D%3D,,
13 233007 STE 21 SA,836 ST CLAIR AVE W,12,094,Wychwood,Built,built,116,9488,355,2013-09-10,http://app.toronto.ca/AIC/index.do?folderRsn=I%2BDWRmhuwnrHRdwnAb11dw%3D%3D,-79.431915,43.678741
22 135742 NNY 17 OZ,2500 DON MILLS RD,17,053,Henry Farm,Active,active,1167,71838.6,1036.5,2022-04-19,http://app.toronto.ca/AIC/index.do?folderRsn=EozLEnex%2FnOUFsHYIzdQPg%3D%3D,-79.348243,43.773435
21 223792 NNY 16 OZ,1053 DON MILLS RD,16,042,Banbury-Don Mills,Under Review,proposed,1176,83707,,2021-10-08,http://app.toronto.ca/AIC/index.do?folderRsn=r7Px%2FohOC1Jeg95jEB0%2Fmw%3D%3D,-79.34193,43.731527
14 251956 WET 07 SA,1882 WILSON AVE,7,154,Oakdale-Beverley Heights,Under Review,proposed,0,,603,2014-11-14,http://app.toronto.ca/AIC/index.do?folderRsn=0TZJuEMHQVkBMbS4Uo9mtA%3D%3D,-79.526259,43.715408
15 238605 STE 20 OZ,342 DAVENPORT RD,11,095,Annex,Built,built,30,5390,700,2015-10-16,,-79.401557,43.673289
15 266570 WET 07 OZ,3415-3499 WESTON RD,7,022,Humbermede,Built,built,514,45437,,2015-12-17,http://app.toronto.ca/AIC/index.do?folderRsn=6Cpd7Beq2Vo%2FXDVLyt%2FPWA%3D%3D,-79.541859,43.748278
19 256358 ESC 25 SA,4694 KINGSTON RD,25,136,West Hill,Active,active,168,13105,65,2019-12-02,http://app.toronto.ca/AIC/index.do?folderRsn=IJ7qbOaK0IdC1tKIXaOEsQ%3D%3D,-79.173124,43.775769
18 246300 NNY 24 OZ,3358 BAYVIEW AVE,18,050,Newtonbrook East,Active,active,17,3967.46,,2018-10-22,http://app.toronto.ca/AIC/index.do?folderRsn=D9suE2eDLkJIHDEZftLkJw%3D%3D,-79.394622,43.792278
23 218594 STE 14 OZ,670 DANFORTH AVE,14,,,Under Review,proposed,439,37342,2150,2023-10-25,http://app.toronto.ca/AIC/index.do?folderRsn=5vAlbWxI%2FP1iJtd%2B4nfJzA%3D%3D,,
17 267906 WET 05 OZ,3005 BLOOR ST W,3,016,Stonegate-Queensway,Active,active,51,4917,469,2017-11-27,http://app.toronto.ca/AIC/index.do?folderRsn=m23mdrTh4V4N3x%2F1jiz%2FeQ%3D%3D,-79.510798,43.645247
16 231281 STE 20 OZ,357 KING ST W,10,164,Wellington Place,Built,built,340,25081.29,229.22,2016-09-30,http://app.toronto.ca/AIC/index.do?folderRsn=WsCMAqAQNy2cg9%2FiyAk%2Bqw%3D%3D,-79.392714,43.643792
14 142281 STE 20 SA,56 SPADINA RD,11,095,Annex,Built,built,0,,2285,2014-04-14,,-79.405617,43.667796
21 240866 STE 13 OZ,550 ADELAIDE ST E,13,073,Moss Park,Active,active,240,19298,1012,2021-11-23,http://app.toronto.ca/AIC/index.do?folderRsn=kyZxSKvjNZFV5mhvww902g%3D%3D,-79.364438,43.65145
22 127125 NNY 16 OZ,48 GRENOBLE DR,16,044,Flemingdon Park,Active,active,1054,77908,208,2022-03-25,http://app.toronto.ca/AIC/index.do?folderRsn=zXDeeIRjH%2BtdINbrcORgwQ%3D%3D,-79.331513,43.714778
21 193763 NNY 17 OZ,2135 SHEPPARD AVE E,17,053,Henry Farm,Active,active,279,20916.4,3079.7,2021-08-04,http://app.toronto.ca/AIC/index.do?folderRsn=pNRR1r1zOqk7II%2Fxo5bVag%3D%3D,-79.332251,43.772675
16 118643 WET 13 OZ,248 HIGH PARK AVE,4,088,High Park North,Active,active,70,8682.5,,2016-02-19,http://app.toronto.ca/AIC/index.do?folderRsn=6lZkyGeocUu156xCGkCZqg%3D%3D,-79.469533,43.660158
22 241856 STE 04 OZ,1313 QUEEN ST W,4,085,South Parkdale,Active,active,231,17755,10435,2022-12-22,http://app.toronto.ca/AIC/index.do?folderRsn=fVXai%2FqSiijJsAGrMv8rcg%3D%3D,-79.433432,43.638726
18 140522 NNY 25 OZ,2654 BAYVIEW AVE,15,040,St.Andrew-Windfields,Active,active,17,4711.77,,2018-04-09,http://app.toronto.ca/AIC/index.do?folderRsn=PWo6wQH1dLXihfKeFwtAEw%3D%3D,-79.386642,43.753978
20 177695 ESC 23 SA,0 PASSMORE AVE,23,,,Active,active,0,,19886,2020-08-07,http://app.toronto.ca/AIC/index.do?folderRsn=Nx8hqvlU9DBNWi60pJPWag%3D%3D,,
18 117678 STE 28 SA,620 DUNDAS ST E,13,072,Regent Park,Built,built,467,33457,2816,2018-02-15,http://app.toronto.ca/AIC/index.do?folderRsn=abvAKhihmU6SfABuoo4Obw%3D%3D,-79.358783,43.659494
17 266727 STE 21 OZ,596 R RUSHTON RD,12,106,Humewood-Cedarvale,Active,active,1,221,,2017-11-24,http://app.toronto.ca/AIC/index.do?folderRsn=t8azL5CdVyfpI9wSo5ZMpA%3D%3D,-79.43126,43.687545
16 163140 WET 13 OZ,3385 DUNDAS ST W,4,089,Runnymede-Bloor West Village,Built,built,131,10512,368,2016-05-27,http://app.toronto.ca/AIC/index.do?folderRsn=XCTFmO0PL7pu%2F2nG0YRN1Q%3D%3D,-79.484723,43.663411
10 147097 STE 28 SA,25 QUEENS QUAY  E,10,166,St Lawrence-East Bayfront-The Islands,Built,built,419,13640,1150,2010-04-07,,-79.373693,43.639983
20 216953 STE 14 OZ,380 DONLANDS AVE,14,058,Old East York,Active,active,73,5235,392,2020-11-10,http://app.toronto.ca/AIC/index.do?folderRsn=vGAlz1sXWIWTyGpkADHrTA%3D%3D,-79.343554,43.692297
13 190357 NNY 26 OZ,220 MCRAE DR,15,056,Leaside-Bennington,Built,built,8,1826.17,,2013-06-18,,-79.365438,43.707087
17 113678 ESC 39 SA,2989 KENNEDY RD,22,148,East L'Amoreaux,Active,active,0,,3216,2017-02-06,http://app.toronto.ca/AIC/index.do?folderRsn=vepGw9X8VyvCoz1iJc227g%3D%3D,-79.298989,43.804956
23 228013 NNY 08 SA,1 MARQUETTE AVE,8,032,Englemount-Lawrence,Under Review,proposed,20,1073,,2023-11-20,http://app.toronto.ca/AIC/index.do?folderRsn=t8p32zgwf8nbOVcUh7H0EQ%3D%3D,-79.433854,43.731782
18 126100 ESC 36 OZ,3686 ST CLAIR AVE E,20,123,Cliffcrest,Built,built,16,1909,75,2018-03-07,http://app.toronto.ca/DevelopmentApplications/associatedApplicationsList.do?action=init&folderRsn=4333442&isCofASearch=false,-79.249247,43.717512
19 172659 ESC 25 SA,21 OLD KINGSTON RD,25,136,West Hill,Active,active,20,2077.68,,2019-06-17,http://app.toronto.ca/AIC/index.do?folderRsn=16Cmb86or2BjFqeAW00HAw%3D%3D,-79.182528,43.772648
21 185233 ESC 25 SA,51 BEECHGROVE DR,25,136,West Hill,Active,active,0,,8282,2021-07-16,http://app.toronto.ca/AIC/index.do?folderRsn=ghHDdgcA1tDIl4X6i9mrEw%3D%3D,-79.150281,43.764136
21 176132 ESC 21 OZ,150 BOROUGH DR,21,156,Bendale-Glen Andrew,Active,active,645,51369,968,2021-06-25,http://app.toronto.ca/AIC/index.do?folderRsn=5L5PGATuaOm9PtQho6ZPPA%3D%3D,-79.257448,43.770885
16 156153 NNY 24 OZ,5959 YONGE ST,18,050,Newtonbrook East,Active,active,1941,145982,6570.84,2016-05-16,,-79.416856,43.787047
21 245219 ESC 20 OZ,2911 EGLINTON AVE E,20,138,Eglinton East,Active,active,0,,17369,2021-12-05,http://app.toronto.ca/AIC/index.do?folderRsn=iW3uE7to2EZxRb8DS3AEVw%3D%3D,-79.236772,43.736378
16 270566 STE 30 OZ,794 GERRARD ST E,14,070,South Riverdale,Built,built,58,5549,559,2016-12-23,http://app.toronto.ca/AIC/index.do?folderRsn=%2FbKTrA5fVYDIa9JsxjY7UA%3D%3D,-79.34495,43.665429
23 147008 STE 04 OZ,1437 QUEEN ST W,4,085,South Parkdale,Under Review,proposed,249,16783,793,2023-05-17,http://app.toronto.ca/AIC/index.do?folderRsn=iDP0Ar780TC1cAr1ikW8PQ%3D%3D,-79.437731,43.638246
16 124754 STE 22 OZ,492 EGLINTON AVE E,15,099,Mount Pleasant East,Built,built,92,7806,,2016-03-08,http://app.toronto.ca/AIC/index.do?folderRsn=tiAaylkqDt26vahDFvs8qw%3D%3D,-79.383304,43.708105
14 163592 NNY 09 OZ,195 EXBURY RD,6,154,Oakdale-Beverley Heights,Active,active,10,2489.36,,2014-05-28,,-79.509977,43.728136
17 215103 STE 20 OZ,582 KING ST W,10,164,Wellington Place,Active,active,0,,24428.8,2017-08-11,http://app.toronto.ca/AIC/index.do?folderRsn=kOjZ5a8lsOpjW7EBNJT2Lg%3D%3D,-79.399946,43.642977
16 269114 STE 28 SA,1 YONGE ST,10,166,St Lawrence-East Bayfront-The Islands,Built,built,596,54272,5967,2016-12-20,http://app.toronto.ca/AIC/index.do?folderRsn=bALlsSX0q3vTv0wPKgK%2BwA%3D%3D,-79.374291,43.640729
13 171352 STE 32 OZ,2359 DANFORTH AVE,19,062,East End-Danforth,Built,built,140,9289,473,2013-05-21,,-79.306246,43.684838
20 227738 STE 10 OZ,212 KING ST W,10,164,Wellington Place,Under Review,proposed,569,38679,61308,2020-12-10,http://app.toronto.ca/AIC/index.do?folderRsn=GDPMv22ePeWSPcLShJZQWQ%3D%3D,-79.386636,43.645689
18 271324 ESC 22 OZ,2075 KENNEDY RD,22,,,Active,active,1310,79200,1300,2018-12-21,http://app.toronto.ca/AIC/index.do?folderRsn=q1YlqICsOYs1srXz0ZY3fw%3D%3D,,
18 250373 STE 19 SA,270 BARTON AVE,11,172,Dovercourt Village,Active,active,0,,3985,2018-10-31,http://app.toronto.ca/AIC/index.do?folderRsn=sLchA3htuDuLmNy5%2F5LcUQ%3D%3D,-79.423217,43.663964
21 233478 ESC 23 SA,3115 MARKHAM RD,23,,,Built,built,0,,2238.9,2021-11-03,http://app.toronto.ca/AIC/index.do?folderRsn=57N002H%2BhJjWX5Bv%2Bqt1Dw%3D%3D,,
21 233648 WET 01 SA,145 CARRIER DR,1,001,West Humber-Clairville,Active,active,0,,40462,2021-11-03,http://app.toronto.ca/AIC/index.do?folderRsn=ijuxyImOuJ8Iyl7nYg3rAA%3D%3D,-79.615795,43.738721
19 213540 ESC 25 SA,0 MORNINGSIDE AVE   S/S,25,144,Morningside Heights,Built,built,0,,31876,2019-08-29,http://app.toronto.ca/AIC/index.do?folderRsn=MGWmLvu25F91BQj1LkzraA%3D%3D,-79.227731,43.818685
20 210255 STE 10 SA,230 NIAGARA ST,10,162,West Queen West,Under Review,proposed,0,,1458,2020-10-23,http://app.toronto.ca/AIC/index.do?folderRsn=nRPZFU8cIDM2MlBJL2MrpQ%3D%3D,-79.408881,43.642383
16 175390 STE 18 SA,1334 DUNDAS ST W,9,084,Little Portugal,Built,built,1,468,236,2016-06-16,http://app.toronto.ca/AIC/index.do?folderRsn=rUQZ%2FugyO3ob2cZfG46ZZg%3D%3D,-79.427233,43.647752
15 155365 STE 19 SA,918 BLOOR ST W,9,080,Palmerston-Little Italy,Active,active,12,962.1,293.7,2015-05-12,http://app.toronto.ca/AIC/index.do?folderRsn=zP6vviXVLdo0w6T%2BImJDbw%3D%3D,-79.426906,43.659945
13 268032 ESC 37 OZ,1001 ELLESMERE RD,21,126,Dorset Park,Active,active,91,16182.94,,2013-11-20,,-79.277754,43.763713
22 166923 WET 05 OZ,1240 WESTON RD,5,115,Mount Dennis,Active,active,175,10183,3387,2022-06-23,http://app.toronto.ca/AIC/index.do?folderRsn=ReEcACyGED%2FRUJBuDDgz5g%3D%3D,-79.493668,43.686083
22 106814 STE 13 OZ,306 GERRARD ST E,13,073,Moss Park,Active,active,228,16700,1470,2022-01-24,http://app.toronto.ca/AIC/index.do?folderRsn=mVG2qGqUBeuWvWvdbfXjtA%3D%3D,-79.366674,43.660475
21 125098 WET 02 OZ,5 CAPRI RD,2,158,Islington,Active,active,805,56899,806,2021-03-10,http://app.toronto.ca/AIC/index.do?folderRsn=M0qwu4FAmrYCcT2y0z285w%3D%3D,-79.564734,43.64972
21 120904 STE 10 OZ,600 KING ST W,10,164,Wellington Place,Active,active,0,,3139.1,2021-02-26,http://app.toronto.ca/AIC/index.do?folderRsn=10CQqew%2BQpOWys9x2tuvtQ%3D%3D,-79.40016,43.642746
22 153992 STE 13 OZ,90 ISABELLA ST   1,13,,,Active,active,837,52989,,2022-05-30,http://app.toronto.ca/AIC/index.do?folderRsn=fBDw2Byltp4Vq%2FOgtWBAEw%3D%3D,,
22 175863 STE 10 OZ,822 RICHMOND ST W,10,162,West Queen West,Active,active,26,2965,,2022-07-13,http://app.toronto.ca/AIC/index.do?folderRsn=cj%2BGTYLtcZG%2FGkr2FljAxQ%3D%3D,-79.411417,43.642893
22 117779 WET 02 OZ,301 DIXON RD,2,006,Kingsview Village-The Westway,Active,active,145,10375,,2022-02-28,http://app.toronto.ca/AIC/index.do?folderRsn=%2BqqJmeULzFE9bNsCcQ48tA%3D%3D,-79.552764,43.692914
21 234039 WET 05 OZ,1871 WESTON RD,5,113,Weston,Active,active,908,66570.3,4425.1,2021-11-04,http://app.toronto.ca/AIC/index.do?folderRsn=RikMCfFKuHpgSzaFpWphwA%3D%3D,-79.515462,43.698054
19 264466 WET 07 SA,4700 KEELE ST,7,027,York University Heights,Active,active,0,,4316,2019-12-23,http://app.toronto.ca/AIC/index.do?folderRsn=uiqWc%2BDtQtpay3Ry7qFl2w%3D%3D,-79.502536,43.77142
16 241940 STE 30 OZ,485 LOGAN AVE,14,070,South Riverdale,Built,built,41,4175,,2016-10-24,http://app.toronto.ca/DevelopmentApplications/associatedApplicationsList.do?action=init&folderRsn=4050626&isCofASearch=false,-79.344727,43.664829
19 172019 WET 01 SA,1621 ALBION RD,1,001,West Humber-Clairville,Under Review,proposed,0,,1237,2019-06-14,http://app.toronto.ca/AIC/index.do?folderRsn=GO6xIdIS4H6rJsrXdvBgWQ%3D%3D,-79.593404,43.73937
17 122730 WET 17 SA,1779 ST CLAIR AVE W,9,091,Weston-Pelham Park,Built,built,269,20704,705,2017-03-01,http://app.toronto.ca/AIC/index.do?folderRsn=Ns2jSHjUH43Y8caz36quMQ%3D%3D,-79.461531,43.671674
22 123884 WET 05 OZ,65 MC CORMACK ST,5,090,Junction Area,Under Review,proposed,263,19209,2256,2022-03-17,http://app.toronto.ca/AIC/index.do?folderRsn=dKb46B5yz6ZDJExRoWeI0A%3D%3D,-79.475122,43.674216
18 120060 NNY 15 SA,755 CALEDONIA RD,8,108,Briar Hill-Belgravia,Under Review,proposed,0,,25820.96,2018-02-22,http://app.toronto.ca/AIC/index.do?folderRsn=5exRgwzjdIUND2NwjiZfig%3D%3D,-79.462983,43.698517
12 176179 NNY 16 OZ,200 RIDLEY BLVD,8,039,Bedford Park-Nortown,Active,active,20,6321.93,,2012-05-18,,-79.419903,43.736237
16 270213 STE 28 SA,170 EASTERN AVE,13,166,St Lawrence-East Bayfront-The Islands,Built,built,156,11786,227,2016-12-22,http://app.toronto.ca/DevelopmentApplications/associatedApplicationsList.do?action=init&folderRsn=4084275&isCofASearch=false,-79.355227,43.65301
22 241838 NNY 08 OZ,280 VIEWMOUNT AVE,8,031,Yorkdale-Glen Park,Under Review,proposed,342,22064,296,2022-12-22,http://app.toronto.ca/AIC/index.do?folderRsn=vNekp4Jn8lcvq%2Fn6qHuu0Q%3D%3D,-79.443216,43.705516
22 242012 STE 11 OZ,124 BEDFORD RD,11,095,Annex,Active,active,0,,118.11,2022-12-22,http://app.toronto.ca/AIC/index.do?folderRsn=U9Kw%2FKl2gZIRUmNh9%2B61zg%3D%3D,-79.399686,43.670726
21 221292 STE 13 OZ,102 BERKELEY ST,13,073,Moss Park,Under Review,proposed,257,15480,120,2021-10-04,http://app.toronto.ca/AIC/index.do?folderRsn=SqJcY4eZVmZUTPErhIP0DQ%3D%3D,-79.365923,43.651764
21 131020 ESC 24 SA,525 MARKHAM RD,24,141,Golfdale-Cedarbrae-Woburn,Active,active,62,3928.3,,2021-03-23,http://app.toronto.ca/AIC/index.do?folderRsn=Q06TlVK6K1mnlOuoivMjrw%3D%3D,-79.223982,43.753971
16 211026 ESC 41 OZ,3662 MIDLAND AVE,22,130,Milliken,Active,active,0,,398.35,2016-08-22,http://app.toronto.ca/AIC/index.do?folderRsn=M5F6qzYZ%2BmMfz%2BYSjS5a0w%3D%3D,-79.293039,43.811943
12 256738 STE 27 SA,178 VICTORIA ST,13,170,Yonge-Bay Corridor,Built,built,0,,5621.7,2012-10-02,,-79.37922,43.652001
21 248581 STE 11 SA,2 BLOOR ST W,11,169,Bay-Cloverhill,Active,active,725,50170,1446,2021-12-14,http://app.toronto.ca/AIC/index.do?folderRsn=AOdn4UTaK7b1jZpEvQl6Ww%3D%3D,-79.387433,43.66841
21 234490 STE 13 OZ,619 YONGE ST,13,169,Bay-Cloverhill,Under Review,proposed,803,62194,2534,2021-11-05,http://app.toronto.ca/AIC/index.do?folderRsn=OaVpnIjTouEMoTJJbbVS5g%3D%3D,-79.385403,43.665131
14 176036 STE 28 OZ,125 QUEENS QUAY  E,10,166,St Lawrence-East Bayfront-The Islands,Built,built,0,,40053,2014-06-18,,-79.367208,43.642303
21 174461 ESC 20 SA,701 WARDEN AVE,20,120,Clairlea-Birchmount,Active,active,0,,3748,2021-06-22,http://app.toronto.ca/AIC/index.do?folderRsn=uzITr0izWM2T0j20wbEOXw%3D%3D,-79.279676,43.709606
15 256717 STE 30 OZ,1117 GERRARD ST E,14,070,South Riverdale,Built,built,36,2212,235,2015-11-25,http://app.toronto.ca/AIC/index.do?folderRsn=WqLfvA95CkUQTgm6ZMOW1A%3D%3D,-79.333689,43.667463
22 106787 STE 10 OZ,178 QUEENS QUAY  E,10,166,St Lawrence-East Bayfront-The Islands,Under Review,proposed,609,39542,2306,2022-01-24,http://app.toronto.ca/AIC/index.do?folderRsn=u%2FYrKMgKGHya8hfwTCcw9w%3D%3D,-79.367105,43.64297
13 133203 WET 12 SA,2660 EGLINTON AVE W,5,110,Keelesdale-Eglinton West,Built,built,0,,9848,2013-03-14,http://app.toronto.ca/AIC/index.do?folderRsn=HSsHwursgajLIOzU1oR%2Fmg%3D%3D,-79.474829,43.687974
13 133545 WET 12 SA,2400 EGLINTON AVE W,5,110,Keelesdale-Eglinton West,Built,built,0,,307,2013-03-14,http://app.toronto.ca/AIC/index.do?folderRsn=KwjlWJES7eP3OCxNZgy7oA%3D%3D,-79.467425,43.690215
15 260338 NNY 16 OZ,1155 EGLINTON AVE E,16,,,Built,built,0,,1551.33,2015-12-03,,,
15 260325 NNY 16 OZ,574 EGLINTON AVE W,8,,,Built,built,0,,719,2015-12-03,,,
15 257871 STE 21 OZ,842 EGLINTON AVE W,8,,,Built,built,0,,1087,2015-11-27,,,
13 139459 STE 22 SA,256 EGLINTON AVE E,12,174,South Eglinton-Davisville,Built,built,0,,1268.6,2013-03-25,http://app.toronto.ca/AIC/index.do?folderRsn=wPKEPr0NDDkpe%2F5xEn63BA%3D%3D,-79.390689,43.706623
21 235326 STE 11 OZ,595 BAY ST,11,170,Yonge-Bay Corridor,Under Review,proposed,317,21974,,2021-11-08,http://app.toronto.ca/AIC/index.do?folderRsn=1kjh8p9WVJmVtKeg7Rgk2w%3D%3D,-79.38155,43.654631
16 269540 STE 20 SA,440 FRONT ST W,10,165,Harbourfront-CityPlace,Built,built,0,,80206.14,2016-12-21,http://app.toronto.ca/AIC/index.do?folderRsn=p45756E02bSlPcnLEN7%2Ftg%3D%3D,-79.396259,43.640834
12 116875 STE 19 SA,51 EAST LIBERTY ST,10,163,Fort York-Liberty Village,Built,built,303,20852.3,298.2,2012-02-03,http://app.toronto.ca/DevelopmentApplications/associatedApplicationsList.do?action=init&folderRsn=3070448&isCofASearch=false,-79.41192,43.636783
15 244771 STE 27 OZ,11 CENTRE AVE,10,170,Yonge-Bay Corridor,Built,built,0,,60725,2015-10-29,,-79.386375,43.651739
15 222827 NNY 23 OZ,101 SHEPPARD AVE E,18,153,Avondale,Built,built,0,,1160,2015-09-15,http://app.toronto.ca/DevelopmentApplications/associatedApplicationsList.do?action=init&folderRsn=3824879&isCofASearch=false,-79.405433,43.760599
20 233385 WET 07 SA,2111 FINCH AVE W,7,025,Glenfield-Jane Heights,Built,built,0,,23575,2020-12-23,http://app.toronto.ca/AIC/index.do?folderRsn=rD4ODxQvF2XOn1rRrd1UVw%3D%3D,-79.526811,43.753174
15 177189 STE 20 OZ,217 ADELAIDE ST W,10,164,Wellington Place,Active,active,0,,18622,2015-06-19,http://app.toronto.ca/AIC/index.do?folderRsn=cFRpSAWpOO9uU7ZMD%2FqxIw%3D%3D,-79.387609,43.646284
15 260333 NNY 26 OZ,1787 BAYVIEW AVE,15,,,Built,built,0,,741.6,2015-12-03,,,
15 260303 NNY 15 OZ,1578 EGLINTON AVE W,8,,,Built,built,0,,1272.6,2015-12-03,,,
24 106385 ESC 22 OZ,3175 SHEPPARD AVE E,22,118,Tam O'Shanter-Sullivan,Under Review,proposed,194,18919,468,2024-01-19,http://app.toronto.ca/AIC/index.do?folderRsn=jTpvg6%2FSHNsJe8pyeHM4%2Bg%3D%3D,-79.314434,43.774989
12 236801 STE 18 OZ,299 CAMPBELL AVE,9,171,Junction-Wallace Emerson,Built,built,236,19751,1226,2012-08-28,,-79.44971,43.663658
20 164697 ESC 22 OZ,75-85 SILVER SPRINGS BLVD,22,148,East L'Amoreaux,Active,active,604,46539,,2020-07-08,http://app.toronto.ca/AIC/index.do?folderRsn=RglaxR03s%2BNnz71gediFkw%3D%3D,-79.304121,43.798436
16 181970 NNY 09 SA,35 CARL HALL RD,6,155,Downsview,Built,built,474,35224,,2016-06-28,http://app.toronto.ca/AIC/index.do?folderRsn=tWlxvDpT9f0TTGgXRhMPFw%3D%3D,-79.47857,43.744811
21 153222 WET 03 SA,1226 ISLINGTON AVE,3,159,Etobicoke City Centre,Active,active,0,,2762,2021-05-11,http://app.toronto.ca/AIC/index.do?folderRsn=TX8cDMmqN0uhdYKRsr9SGg%3D%3D,-79.524243,43.643227
17 108234 STE 19 SA,1221 DUNDAS ST W,10,081,Trinity-Bellwoods,Built,built,0,,491,2017-01-24,http://app.toronto.ca/AIC/index.do?folderRsn=ApUEBm88xG1mU3rFxoZZ2Q%3D%3D,-79.423181,43.647159
22 186084 STE 13 OZ,119 CHURCH ST,13,168,Downtown Yonge East,Active,active,690,41884,616,2022-08-04,http://app.toronto.ca/AIC/index.do?folderRsn=EuizkruJ6mXTxYPzkuYP2A%3D%3D,-79.375569,43.650948
18 123996 STE 20 SA,371 BLOOR ST W,11,079,University,Built,built,0,,3478,2018-03-02,http://app.toronto.ca/AIC/index.do?folderRsn=OLZbzQmHqZDphiNiHxPogg%3D%3D,-79.402708,43.664572
22 212546 NNY 06 OZ,3750 BATHURST ST,6,032,Englemount-Lawrence,Active,active,479,36687,853,2022-10-03,http://app.toronto.ca/AIC/index.do?folderRsn=YNblGo6pCPzMHxApNllzHg%3D%3D,-79.434385,43.734609
22 165979 STE 12 OZ,141 DAVISVILLE AVE,12,174,South Eglinton-Davisville,Active,active,432,24369,,2022-06-22,http://app.toronto.ca/AIC/index.do?folderRsn=veojtYit2sR4wrIO9SkOHg%3D%3D,-79.391617,43.697193
22 162082 STE 12 OZ,33 DAVISVILLE AVE,12,174,South Eglinton-Davisville,Active,active,540,30200,,2022-06-14,http://app.toronto.ca/AIC/index.do?folderRsn=hEwgF57gDwcklotR9KrtLg%3D%3D,-79.395123,43.696397
16 118020 NNY 09 OZ,1629 SHEPPARD AVE W,6,155,Downsview,Active,active,7,1183.82,,2016-02-18,http://app.toronto.ca/AIC/index.do?folderRsn=sYJ3dXDNCftzNeymMYg5YA%3D%3D,-79.493794,43.74105
22 203450 STE 13 OZ,69 YONGE ST,13,170,Yonge-Bay Corridor,Active,active,127,11567,,2022-09-14,http://app.toronto.ca/AIC/index.do?folderRsn=WuPZRUJB342aHRVNeYi3Zw%3D%3D,-79.377759,43.646988
13 173771 WET 17 SA,1800 DAVENPORT RD,9,091,Weston-Pelham Park,Built,built,0,,1855,2013-05-24,http://app.toronto.ca/AIC/index.do?folderRsn=3360449,-79.455731,43.672963
22 115570 ESC 20 OZ,150 CLONMORE DR,20,122,Birchcliffe-Cliffside,Active,active,290,18144.2,,2022-02-18,http://app.toronto.ca/AIC/index.do?folderRsn=o2jdX3mE9h3ZyBu9tezmeg%3D%3D,-79.278279,43.687576
16 112811 STE 22 OZ,89 ROEHAMPTON AVE,12,174,South Eglinton-Davisville,Built,built,256,20423,,2016-02-04,http://app.toronto.ca/AIC/index.do?folderRsn=S10JSZMU20DPGqQkF3Fo4g%3D%3D,-79.396103,43.706344
20 199975 STE 09 OZ,1405 BLOOR ST W,9,083,Dufferin Grove,Under Review,proposed,344,20594,445,2020-09-29,http://app.toronto.ca/AIC/index.do?folderRsn=%2FdisPgPkQXwPDNPtGKwfxQ%3D%3D,-79.447235,43.655259
19 264170 STE 09 OZ,466 DOVERCOURT RD,9,084,Little Portugal,Active,active,30,2279,993,2019-12-23,http://app.toronto.ca/AIC/index.do?folderRsn=toB%2BkN5OygCNjVdBd5bcMw%3D%3D,-79.42699,43.651994
17 158876 ESC 39 SA,185 WINTERMUTE BLVD,22,116,Steeles,Built,built,0,,2653,2017-05-12,http://app.toronto.ca/AIC/index.do?folderRsn=9swLLTqO4eZmVm6omguIZg%3D%3D,-79.318889,43.813909
20 230362 ESC 20 OZ,260 BRIMLEY RD,20,123,Cliffcrest,Under Review,proposed,1337,128300,,2020-12-18,http://app.toronto.ca/AIC/index.do?folderRsn=gLhHWFOZDp%2F3CFXKJGa52g%3D%3D,-79.247574,43.724522
22 161885 STE 12 SA,131 FARNHAM AVE,12,097,Yonge-St.Clair,Active,active,0,,4066,2022-06-14,http://app.toronto.ca/AIC/index.do?folderRsn=7O0X%2B2ghWmyiOF0ZznHUvQ%3D%3D,-79.398598,43.680251
16 121271 WET 11 OZ,82 BUTTONWOOD AVE,5,115,Mount Dennis,Built,built,0,,54033,2016-02-26,http://app.toronto.ca/DevelopmentApplications/associatedApplicationsList.do?action=init&folderRsn=3908274&isCofASearch=false,-79.509165,43.687299
22 114462 NNY 16 SA,1695 EGLINTON AVE E,16,043,Victoria Village,Active,active,0,,970,2022-02-15,http://app.toronto.ca/AIC/index.do?folderRsn=WZapsMKuPHFCLjzJLpqExQ%3D%3D,-79.315543,43.723705
19 229948 NNY 06 SA,2850 KEELE ST,6,155,Downsview,Under Review,proposed,4,332.33,,2019-10-01,http://app.toronto.ca/AIC/index.do?folderRsn=kRl8aL7%2BSdHlwLvckA0T4Q%3D%3D,-79.483776,43.729254
13 253911 ESC 20 OZ,45 THORA AVE,20,122,Birchcliffe-Cliffside,Active,active,12,1864.6,,2013-10-21,http://app.toronto.ca/AIC/index.do?folderRsn=o%2BaH2ZJAa2nh5X6s6omeQA%3D%3D,-79.28684,43.68907
19 264594 STE 13 SA,300 BAYVIEW AVE,13,073,Moss Park,Under Review,proposed,0,,1956.5,2019-12-24,http://app.toronto.ca/AIC/index.do?folderRsn=muYcgj2pQX5Exskomikqdg%3D%3D,-79.355669,43.656563
14 249552 WET 11 SA,2336 ST CLAIR AVE W,5,090,Junction Area,Built,built,0,,3626,2014-11-07,,-79.479682,43.668484
15 260310 STE 21 OZ,1250 EGLINTON AVE W,8,,,Built,built,0,,5602.14,2015-12-03,,,
15 260326 NNY 16 OZ,1024 AVENUE RD,8,,,Built,built,0,,1294,2015-12-03,,,
13 204146 ESC 35 SA,2439 EGLINTON AVE E,20,124,Kennedy Park,Built,built,0,,1447.71,2013-07-15,http://app.toronto.ca/AIC/index.do?folderRsn=%2B6n55CCbIHhHgsy72anTBw%3D%3D,-79.262807,43.731008
15 244093 WET 05 OZ,30 ZORRA ST,3,160,Mimico-Queensway,Built,built,459,31626,,2015-10-28,http://app.toronto.ca/AIC/index.do?folderRsn=pmMmxWUIebjyyLuXWJNsBA%3D%3D,-79.522002,43.617834
08 196808 NNY 24 OZ,1181 SHEPPARD AVE E,17,,,Active,active,798,55615.08,7262.8,2008-08-25,,,
21 180732 NNY 08 OZ,500 DUPLEX AVE,8,100,Yonge-Eglinton,Active,active,514,36863,,2021-07-07,http://app.toronto.ca/AIC/index.do?folderRsn=wSiBEgYS%2Bd%2BO3PjW0oQHhQ%3D%3D,-79.401673,43.70777
16 269597 WET 13 OZ,111 PACIFIC AVE,4,088,High Park North,Active,active,688,45594,,2016-12-21,http://app.toronto.ca/AIC/index.do?folderRsn=ZHhjwWpZt96ZWTyfoxKTtQ%3D%3D,-79.463888,43.654655
20 233160 STE 13 OZ,250 KING ST E,13,166,St Lawrence-East Bayfront-The Islands,Active,active,509,33508,537,2020-12-22,http://app.toronto.ca/AIC/index.do?folderRsn=JJjQ10f6dPLAVzPj6I4m5w%3D%3D,-79.368043,43.649598
21 251437 STE 10 OZ,111 STRACHAN AVE,10,162,West Queen West,Active,active,322,21122,,2021-12-24,http://app.toronto.ca/AIC/index.do?folderRsn=cFZhdOeakGQQHPBCs3K0Bg%3D%3D,-79.412034,43.640816
17 224564 STE 28 SA,85 RICHMOND ST W,10,170,Yonge-Bay Corridor,Built,built,0,,1903,2017-08-29,http://app.toronto.ca/AIC/index.do?folderRsn=0G4%2FJMjmCzcFkt%2BbgUm44A%3D%3D,-79.383149,43.648576
17 239225 ESC 44 OZ,3300 ELLESMERE RD,25,134,Highland Creek,Built,built,0,23659.94,,2017-09-26,http://app.toronto.ca/AIC/index.do?folderRsn=ObG0UbPbIKAMuIC2C%2BPG4A%3D%3D,-79.187323,43.785505
13 125924 WET 13 OZ,1926 LAKE SHORE BLVD W,4,,,Built,built,720,57480,315,2013-02-27,,-79.467587,43.633866
18 238507 STE 30 SA,101 COMMISSIONERS ST,14,070,South Riverdale,Built,built,0,,21019,2018-10-05,http://app.toronto.ca/AIC/index.do?folderRsn=6OQVwCASxUJpu1T9BrPmbg%3D%3D,-79.341837,43.645693
16 271597 WET 13 OZ,35 HIGH PARK AVE,4,087,High Park-Swansea,Active,active,764,56250,212,2016-12-29,http://app.toronto.ca/AIC/index.do?folderRsn=jkkHlJJM0Yi%2FhbX8b1xMfg%3D%3D,-79.465482,43.652728
19 240165 NNY 18 OZ,290 SHEPPARD AVE W,18,038,Lansing-Westgate,Active,active,0,,1478.96,2019-10-23,http://app.toronto.ca/AIC/index.do?folderRsn=wANLeX8k39fwrlc7faQD1g%3D%3D,-79.425172,43.756645
13 282215 NNY 25 OZ,2659 BAYVIEW AVE,15,040,St.Andrew-Windfields,Active,active,12,5803.36,,2013-12-31,http://app.toronto.ca/AIC/index.do?folderRsn=7wsClec4T5XVta7wbUmJ%2Bw%3D%3D,-79.385006,43.754809
20 188489 STE 13 OZ,252 PARLIAMENT ST,13,073,Moss Park,Active,active,80,5033,116.3,2020-09-01,http://app.toronto.ca/AIC/index.do?folderRsn=bYUxlv8JDzxw2YzF7TYUew%3D%3D,-79.365949,43.655818
23 160588 STE 13 SA,393 DUNDAS ST E,13,073,Moss Park,Active,active,12,612.2,,2023-06-14,http://app.toronto.ca/AIC/index.do?folderRsn=4drfndnwM%2BIwTW2zfYSGyw%3D%3D,-79.368161,43.656776
17 218341 NNY 23 OZ,5306 YONGE ST,18,037,Willowdale West,Active,active,439,30588.4,252.5,2017-08-17,http://app.toronto.ca/AIC/index.do?folderRsn=1Ja8FZoEceOtoosx0eXm8g%3D%3D,-79.414311,43.770657
22 232811 STE 09 OZ,323 SYMINGTON AVE,9,171,Junction-Wallace Emerson,Under Review,proposed,847,51593,1006,2022-11-24,http://app.toronto.ca/AIC/index.do?folderRsn=64SgmQDY6YfwvMVP1DdmZQ%3D%3D,-79.451304,43.664267
20 126113 ESC 21 SA,1236 BIRCHMOUNT RD,21,119,Wexford/Maryvale,Built,built,220,15070,193,2020-03-13,http://app.toronto.ca/AIC/index.do?folderRsn=ma64TYKeRL7zzph0rXuAtg%3D%3D,-79.28534,43.744431
16 152088 STE 27 SA,2 QUEEN ST W,13,170,Yonge-Bay Corridor,Active,active,0,,780,2016-05-09,http://app.toronto.ca/AIC/index.do?folderRsn=AGaDGNFJy3eq6NBdJakvWQ%3D%3D,-79.379861,43.650574
19 194902 NNY 15 OZ,44 BROADWAY AVE,15,173,North Toronto,Active,active,412,26331,2692,2019-07-24,http://app.toronto.ca/AIC/index.do?folderRsn=IQIo1SUMcD2bxnv1xn2ETg%3D%3D,-79.396908,43.708716
21 165800 ESC 20 OZ,3431 ST CLAIR AVE E,20,120,Clairlea-Birchmount,Active,active,388,25887.9,419.3,2021-06-04,http://app.toronto.ca/AIC/index.do?folderRsn=8CdxMUvXQzjKXo0iWNKCCw%3D%3D,-79.272574,43.711636
13 101373 WET 02 SA,10 VICE REGENT BLVD,1,001,West Humber-Clairville,Built,built,0,,6198,2013-01-04,http://app.toronto.ca/AIC/index.do?folderRsn=FufrFHaDsb%2Fuhz35Ap0ANw%3D%3D,-79.590667,43.710155
18 251580 STE 28 SA,181 MILL ST,10,166,St Lawrence-East Bayfront-The Islands,Built,built,770,57888,349,2018-11-02,http://app.toronto.ca/AIC/index.do?folderRsn=7WxLgNGyhKA3DQYAqlnY4g%3D%3D,-79.356936,43.649249
20 219179 ESC 22 SA,188 SILVER STAR BLVD,22,130,Milliken,Active,active,0,,2339.35,2020-11-17,http://app.toronto.ca/AIC/index.do?folderRsn=AupNl2JE8cY5o2j0kmGjhg%3D%3D,-79.294095,43.808739
17 192555 STE 32 OZ,1285 QUEEN ST E,14,063,The Beaches,Built,built,76,6451.14,689.39,2017-07-05,http://app.toronto.ca/AIC/index.do?folderRsn=BBd3vIax30EMav29b%2BTf6Q%3D%3D,-79.328587,43.661395
16 240218 ESC 44 OZ,511 CONLINS RD,25,134,Highland Creek,Active,active,19,3639.8,31.36,2016-10-20,http://app.toronto.ca/AIC/index.do?folderRsn=KJzKelAs%2Ft%2FyKaIp4oyAjg%3D%3D,-79.187084,43.797294
20 115715 STE 14 SA,475 UNWIN AVE,14,070,South Riverdale,Active,active,0,,876,2020-02-14,http://app.toronto.ca/AIC/index.do?folderRsn=tlETUIXOjZRBhahCnl4%2B6g%3D%3D,-79.322349,43.648946
20 203471 ESC 20 OZ,1625-1641 KINGSTON RD,20,122,Birchcliffe-Cliffside,Active,active,278,19537,113,2020-10-06,http://app.toronto.ca/AIC/index.do?folderRsn=r6CTdbfWi%2F1DARztduvUrQ%3D%3D,-79.265335,43.689029
23 173464 ESC 21 SA,3051 LAWRENCE AVE E,21,157,Bendale South,Under Review,proposed,0,,23924.24,2023-07-12,http://app.toronto.ca/AIC/index.do?folderRsn=l%2FFH8JiPJymOZEgx%2B%2Bmgjw%3D%3D,-79.245865,43.752884
06 200146 ESC 37 OZ,1680 BRIMLEY RD,21,,,Active,active,1591,135054.5,3551.5,2006-12-29,http://app.toronto.ca/AIC/index.do?folderRsn=MwzN4VyaVfPSNmeybACYpg%3D%3D,,
22 172660 STE 11 OZ,350 BLOOR ST E,11,074,North St.James Town,Active,active,806,48627,484,2022-07-06,http://app.toronto.ca/AIC/index.do?folderRsn=ZyUpWKyT%2B8vhFSyay1XrXw%3D%3D,-79.378965,43.670309
22 240999 STE 11 OZ,931 YONGE ST,11,095,Annex,Active,active,250,18576,150,2022-12-19,http://app.toronto.ca/AIC/index.do?folderRsn=WBPJ5X%2FQ1ndsbcD0JjbAMg%3D%3D,-79.388749,43.673525
22 241865 STE 13 OZ,646 YONGE ST,13,169,Bay-Cloverhill,Active,active,647,46394,364,2022-12-22,http://app.toronto.ca/AIC/index.do?folderRsn=AvAlnW0VGqufibTh6xwtuA%3D%3D,-79.385734,43.664759
21 249190 WET 03 OZ,3326 BLOOR ST W,3,159,Etobicoke City Centre,Active,active,1415,112575,9637,2021-12-16,http://app.toronto.ca/AIC/index.do?folderRsn=lZIwLlt73sApkZgR9PfdBw%3D%3D,-79.52559,43.642601
21 120678 ESC 24 OZ,1125 MARKHAM RD,24,142,Woburn North,Active,active,997,71038.4,1157.7,2021-02-26,http://app.toronto.ca/AIC/index.do?folderRsn=4Q7GYh770LkUBPDK7Utcqw%3D%3D,-79.231357,43.773525
18 213676 STE 21 SA,465-467 VAUGHAN RD,12,107,Oakwood Village,Built,built,7,922.55,,2018-08-22,http://app.toronto.ca/AIC/index.do?folderRsn=m%2FUcLLJVMtji%2BOc5y7MaNQ%3D%3D,-79.434834,43.687616
22 121898 STE 13 OZ,215 WELLESLEY ST E,13,071,Cabbagetown-South St.James Town,Active,active,48,1844.4,219.9,2022-03-11,http://app.toronto.ca/AIC/index.do?folderRsn=rlrTpa4fE%2F%2BRKSMyAuxulw%3D%3D,-79.373179,43.66515
16 269407 STE 20 OZ,150 PEARL ST,10,164,Wellington Place,Active,active,482,38574.7,2089.3,2016-12-21,http://app.toronto.ca/AIC/index.do?folderRsn=NQ40dxdnbGOI1eIsGnILXg%3D%3D,-79.387743,43.645947
20 154599 ESC 21 OZ,2200 EGLINTON AVE E,21,120,Clairlea-Birchmount,Active,active,1009,64861.27,837.68,2020-06-10,http://app.toronto.ca/AIC/index.do?folderRsn=5%2Bv4klFkAU2bMxe3gfl3IA%3D%3D,-79.278362,43.728128
16 270602 STE 28 SA,55 LAKE SHORE BLVD E,10,166,St Lawrence-East Bayfront-The Islands,Built,built,1670,123846,7073,2016-12-23,http://app.toronto.ca/AIC/index.do?folderRsn=ahp66oLlLd8XL519K7CGlA%3D%3D,-79.371407,43.642924
17 225944 WET 02 SA,407 REXDALE BLVD,1,001,West Humber-Clairville,Active,active,0,,5636,2017-08-31,http://app.toronto.ca/AIC/index.do?folderRsn=ivhjcgnArISggRUvkrYdhA%3D%3D,-79.591508,43.713654
20 152778 STE 12 SA,101 HEATH ST W,12,097,Yonge-St.Clair,Active,active,9,1553,,2020-06-05,http://app.toronto.ca/AIC/index.do?folderRsn=Oa4FI%2FedXPWBESGczmpyQA%3D%3D,-79.399787,43.687054
23 198805 NNY 18 OZ,26 NIPIGON AVE,18,050,Newtonbrook East,Under Review,proposed,569,38686.77,,2023-09-06,http://app.toronto.ca/AIC/index.do?folderRsn=Uu7Pe8ExwvIHDeqe%2BY0ROg%3D%3D,-79.418119,43.795797
17 278471 WET 13 OZ,1978 LAKE SHORE BLVD W,4,,,Active,active,702,46146,146,2017-12-21,http://app.toronto.ca/AIC/index.do?folderRsn=26d4RBIlTU2HgJsViiSWXg%3D%3D,-79.468808,43.63332
20 212771 NNY 06 OZ,147 OVERBROOK PL,6,034,Bathurst Manor,Active,active,10,2194.37,,2020-10-29,http://app.toronto.ca/AIC/index.do?folderRsn=GTRqoNDr%2FKr09UulwuM8gg%3D%3D,-79.458067,43.760444
23 119635 NNY 15 OZ,49 LAWRENCE AVE E,15,103,Lawrence Park South,Under Review,proposed,40,5755,,2023-03-03,http://app.toronto.ca/AIC/index.do?folderRsn=dhp74kBsVN1xWUoxcrsWsA%3D%3D,-79.399807,43.72341
20 146801 WET 03 OZ,3199 LAKE SHORE BLVD W,3,018,New Toronto,Active,active,0,,31599,2020-05-20,http://app.toronto.ca/AIC/index.do?folderRsn=s57uKrc5Y%2F4t7S%2BdvOFEjA%3D%3D,-79.520582,43.595329
15 215444 STE 32 OZ,650 KINGSTON RD,19,063,The Beaches,Built,built,68,4866,616,2015-08-31,http://app.toronto.ca/AIC/index.do?folderRsn=hla7Hq2TgRJ2SyMnH3HlyA%3D%3D,-79.298652,43.676997
20 106684 WET 05 SA,40 PRITCHARD AVE,5,111,Rockcliffe-Smythe,Active,active,0,,154,2020-01-20,http://app.toronto.ca/AIC/index.do?folderRsn=zpUt2JZHSdiDugf%2B%2B4CaKw%3D%3D,-79.489243,43.668706
21 226962 NNY 08 OZ,155 ELM RIDGE DR,8,102,Forest Hill North,Active,active,106,11099.3,,2021-10-18,http://app.toronto.ca/AIC/index.do?folderRsn=TOt0EuS8pLHZZDAYLKUmWA%3D%3D,-79.438832,43.700558
16 183287 STE 14 OZ,57 BROCK AVE,4,086,Roncesvalles,Built,built,103,8566,,2016-06-30,http://app.toronto.ca/AIC/index.do?folderRsn=ZC3Bf2PN6IN3a6BNwbQ%2FEg%3D%3D,-79.433153,43.641649
23 126217 NNY 18 OZ,5 TANGREEN CRT,18,036,Newtonbrook West,Under Review,proposed,3358,207633,894,2023-03-23,http://app.toronto.ca/AIC/index.do?folderRsn=zK4kyY9GVfRJ1swHmv95EA%3D%3D,-79.425461,43.794167
22 214225 WET 03 OZ,10 ZORRA ST,3,159,Etobicoke City Centre,Active,active,319,24644,,2022-10-06,http://app.toronto.ca/AIC/index.do?folderRsn=La2By725s%2FwMsNhZCtDoHg%3D%3D,-79.522551,43.619289
11 216486 STE 27 OZ,2 GLOUCESTER ST,13,169,Bay-Cloverhill,Built,built,232,17594,295,2011-06-10,,-79.385083,43.664885
22 204279 STE 13 OZ,645 YONGE ST,13,169,Bay-Cloverhill,Active,active,789,54671,1442,2022-09-15,http://app.toronto.ca/AIC/index.do?folderRsn=psFqSnbjWWlPigy%2FsM0H8A%3D%3D,-79.385794,43.665875
22 193284 NNY 18 OZ,5320 YONGE ST,18,037,Willowdale West,Active,active,963,58136.23,1579.05,2022-08-19,http://app.toronto.ca/AIC/index.do?folderRsn=zrSaf8qGxFa0HUgSN0SrlQ%3D%3D,-79.415018,43.771418
20 233607 STE 13 OZ,401 DUNDAS ST E,13,073,Moss Park,Active,active,137,8519,292,2020-12-23,http://app.toronto.ca/AIC/index.do?folderRsn=Tf%2BfNtxzYLQf11cESovZlQ%3D%3D,-79.367784,43.656771
18 117180 NNY 34 SA,7 GRETNA AVE,16,043,Victoria Village,Built,built,0,,636.38,2018-02-14,http://app.toronto.ca/AIC/index.do?folderRsn=HNo789JaHfHLF%2BuZlYWBzQ%3D%3D,-79.315614,43.732663
19 176083 NNY 06 SA,788-796 SHEPPARD AVE W,6,033,Clanton Park,Active,active,0,,886.1,2019-06-21,http://app.toronto.ca/AIC/index.do?folderRsn=UclG5OX6GMPn915dNTryBg%3D%3D,-79.449238,43.751597
22 101192 WET 05 SA,300 SIDNEY BELSEY CRES,5,115,Mount Dennis,Under Review,proposed,1239,154755.37,,2022-01-06,http://app.toronto.ca/AIC/index.do?folderRsn=%2BR5h%2FoY4soJ7mRy85S4TJg%3D%3D,-79.509688,43.689035
21 173932 ESC 20 SA,1711 KINGSTON RD,20,122,Birchcliffe-Cliffside,Under Review,proposed,60,3964,,2021-06-21,http://app.toronto.ca/AIC/index.do?folderRsn=ccXGrVPZbM%2Flx2zcKOTSAw%3D%3D,-79.263223,43.690235
23 210259 STE 09 OZ,1117 QUEEN ST W,9,085,South Parkdale,Under Review,proposed,272,16464.8,918.9,2023-10-03,http://app.toronto.ca/AIC/index.do?folderRsn=3g%2FlkARRA%2FvANQwb6aGO2w%3D%3D,-79.424029,43.640968
19 164750 NNY 15 OZ,196 VALLEY RD,15,041,Bridle Path-Sunnybrook-York Mills,Active,active,6,1564.5,,2019-06-03,http://app.toronto.ca/AIC/index.do?folderRsn=ncyLv3RWBUqP%2BzVqOc7%2FMA%3D%3D,-79.384091,43.742378
18 224916 NNY 34 SA,1260 LAWRENCE AVE E,16,043,Victoria Village,Built,built,0,,387,2018-09-13,http://app.toronto.ca/AIC/index.do?folderRsn=RIbN9RwzwyRArGk3P9knMQ%3D%3D,-79.317925,43.739643
20 115792 ESC 21 SA,8 WILLIAM KITCHEN RD,21,126,Dorset Park,Built,built,0,,544,2020-02-14,http://app.toronto.ca/AIC/index.do?folderRsn=o%2FCW9qMewOups9tstx623A%3D%3D,-79.280576,43.769709
22 109589 WET 01 SA,1030 MARTIN GROVE RD,1,001,West Humber-Clairville,Active,active,0,,848,2022-02-01,http://app.toronto.ca/AIC/index.do?folderRsn=sQ%2Fb%2FEtki3NuRW7sfYzDXw%3D%3D,-79.573695,43.693635
22 168974 STE 12 OZ,141 ROEHAMPTON AVE   201,12,174,South Eglinton-Davisville,Under Review,proposed,762,47675,,2022-06-28,http://app.toronto.ca/AIC/index.do?folderRsn=xP7%2BDNXhtnlQ4ORCaY%2FRBQ%3D%3D,-79.394481,43.706552
19 206311 ESC 22 SA,1028 MCNICOLL AVE,22,,,Under Review,proposed,0,,1103.86,2019-08-15,http://app.toronto.ca/AIC/index.do?folderRsn=Y0siz55YVxQgKOVuZqJejA%3D%3D,,
15 247245 STE 22 OZ,18 BROWNLOW AVE,12,174,South Eglinton-Davisville,Built,built,180,14271,,2015-11-04,http://app.toronto.ca/AIC/index.do?folderRsn=szae04YmP4fIPJxF6XEXYA%3D%3D,-79.392044,43.70377
20 205133 STE 12 SA,147 VAUGHAN RD,12,106,Humewood-Cedarvale,Under Review,proposed,80,5517,,2020-10-09,http://app.toronto.ca/AIC/index.do?folderRsn=FiO2Dc504t5JBgodqhQUNQ%3D%3D,-79.421679,43.683283
13 169365 STE 20 OZ,57 SPADINA AVE,10,164,Wellington Place,Built,built,286,22543,4150,2013-05-15,,-79.394616,43.64301
18 150460 NNY 10 SA,4 TIPPETT RD,6,033,Clanton Park,Built,built,265,18017,,2018-04-30,http://app.toronto.ca/AIC/index.do?folderRsn=QXk4ZMHVGfCwDI4YwUXomg%3D%3D,-79.447255,43.730477
17 214190 NNY 24 SA,1001-1019 SHEPPARD AVE E,17,052,Bayview Village,Built,built,692,58000,,2017-08-10,http://app.toronto.ca/AIC/index.do?folderRsn=qGQYy0LHkT1ewkd6oz7GAw%3D%3D,-79.373239,43.766533
18 264285 STE 04 SA,1221 KING ST W,4,085,South Parkdale,Built,built,307,21386.3,1518.3,2018-12-04,http://app.toronto.ca/AIC/index.do?folderRsn=mX4BjE9YBoen5UbbNGbqSw%3D%3D,-79.427864,43.636586
13 236747 ESC 25 OZ,10 CLEMES DR,25,133,Centennial Scarborough,Built,built,7,2340,,2013-09-17,,-79.150621,43.779452
12 279689 STE 20 OZ,520 RICHMOND ST W,10,164,Wellington Place,Built,built,125,8579,215,2012-11-15,http://app.toronto.ca/AIC/index.do?folderRsn=3251652,-79.399858,43.645537
20 162056 STE 09 SA,409 ROGERS RD,9,091,Weston-Pelham Park,Built,built,0,,1070.4,2020-06-30,http://app.toronto.ca/AIC/index.do?folderRsn=H6fhezlFe9N2E6Y0bsv5Gw%3D%3D,-79.462168,43.680875
23 207902 STE 10 SA,191 NIAGARA ST,10,163,Fort York-Liberty Village,Active,active,0,,1230.62,2023-09-27,http://app.toronto.ca/AIC/index.do?folderRsn=cGrnGoaeytQHTW7VOblHXw%3D%3D,-79.407501,43.640184
23 106317 STE 14 SA,743 PAPE AVE,14,068,North Riverdale,Active,active,0,,44.55,2023-01-23,http://app.toronto.ca/AIC/index.do?folderRsn=o6iwoo9p2T3PLxccBNwAxg%3D%3D,-79.345216,43.677897
15 267780 NNY 25 OZ,2716 BAYVIEW AVE,15,040,St.Andrew-Windfields,Active,active,21,5800.18,,2015-12-21,http://app.toronto.ca/AIC/index.do?folderRsn=p9l9T%2FAFsxZg%2BY51AB%2F1Ug%3D%3D,-79.387005,43.757339
24 166177 ESC 24 OZ,710 PROGRESS AVE,24,142,Woburn North,Under Review,proposed,935,57529.18,368.2,2024-06-17,http://app.toronto.ca/AIC/index.do?folderRsn=oAbKFCT%2FmbuoDouib2U%2BzQ%3D%3D,-79.247682,43.776662
11 248053 WET 03 OZ,600 THE EAST MALL,2,158,Islington,Active,active,757,55574,1345,2011-07-28,,-79.565087,43.653473
14 265043 STE 27 OZ,215 CHURCH ST,13,168,Downtown Yonge East,Built,built,604,39460,464,2014-12-17,http://app.toronto.ca/DevelopmentApplications/associatedApplicationsList.do?action=init&folderRsn=3674443&isCofASearch=false,-79.376833,43.654091
22 139701 STE 12 OZ,214 MERTON ST,12,099,Mount Pleasant East,Active,active,434,27980,347,2022-04-28,http://app.toronto.ca/AIC/index.do?folderRsn=GaCjNJ78tq9LeWLP9V52JA%3D%3D,-79.390076,43.695709
17 247432 STE 32 OZ,1249 QUEEN ST E,14,070,South Riverdale,Active,active,29,2859.5,213.3,2017-10-13,http://app.toronto.ca/AIC/index.do?folderRsn=tovop4whVFpZVIiyhDesRQ%3D%3D,-79.329423,43.661266
19 213795 ESC 20 SA,345 DANFORTH RD,20,121,Oakridge,Built,built,0,,8215,2019-08-29,http://app.toronto.ca/AIC/index.do?folderRsn=9OjaDtKh0p3ke6DHGFxY5Q%3D%3D,-79.270465,43.700345
15 192524 NNY 24 SA,1001 SHEPPARD AVE E,17,052,Bayview Village,Built,built,0,,12342,2015-07-17,http://app.toronto.ca/DevelopmentApplications/associatedApplicationsList.do?action=init&folderRsn=3789508&isCofASearch=false,-79.374974,43.769121
21 108745 NNY 06 SA,580 FINCH AVE W,6,035,Westminster-Branson,Active,active,0,,1393,2021-01-25,http://app.toronto.ca/AIC/index.do?folderRsn=0np2xU4dqcuVUB9XMT6dUA%3D%3D,-79.449789,43.771048
22 118276 ESC 25 SA,4260 LAWRENCE AVE E,25,136,West Hill,Active,active,0,,110.6,2022-03-01,http://app.toronto.ca/AIC/index.do?folderRsn=pZnG5uVIDTV7AJcJofyJCg%3D%3D,-79.180707,43.768222
22 188783 NNY 18 OZ,19 POYNTZ AVE,18,038,Lansing-Westgate,Active,active,8,839.12,,2022-08-10,http://app.toronto.ca/AIC/index.do?folderRsn=SPiqyglyrEZyAI2pu1eh9w%3D%3D,-79.411668,43.757546
20 152132 ESC 20 OZ,528 BIRCHMOUNT RD,20,120,Clairlea-Birchmount,Active,active,9,3486.51,,2020-06-04,http://app.toronto.ca/AIC/index.do?folderRsn=d0LQ7aKXyZHgOQybDxL7Wg%3D%3D,-79.269894,43.70807
23 158798 STE 13 OZ,135 ISABELLA ST,13,074,North St.James Town,Active,active,814,52055,,2023-06-09,http://app.toronto.ca/AIC/index.do?folderRsn=dvlQbx5U3dDpNL40ZLBwhw%3D%3D,-79.3775,43.667051
24 113561 STE 11 OZ,247 DAVENPORT RD,11,095,Annex,Active,active,66,7769.4,287,2024-02-09,http://app.toronto.ca/AIC/index.do?folderRsn=QEsYfzwsUmNmaAngAK9VmA%3D%3D,-79.397689,43.672365
23 210768 WET 05 OZ,2400 EGLINTON AVE W,5,110,Keelesdale-Eglinton West,Active,active,4057,232736,6599,2023-10-04,http://app.toronto.ca/AIC/index.do?folderRsn=IS7Ufkf%2FNvq56wsO29o6eQ%3D%3D,-79.465746,43.690765
22 162242 STE 11 OZ,180 DUNDAS ST W,11,170,Yonge-Bay Corridor,Active,active,1551,102260,431,2022-06-14,http://app.toronto.ca/AIC/index.do?folderRsn=5CN%2FsNeGg8zFKjMCnywAog%3D%3D,-79.387,43.653639
23 131317 STE 19 OZ,9 BENLAMOND AVE,19,063,The Beaches,Active,active,16,1715,,2023-04-05,http://app.toronto.ca/AIC/index.do?folderRsn=HfZAQKi5RcCb6puwDJjMaQ%3D%3D,-79.299964,43.678381
16 270106 STE 22 OZ,1984 YONGE ST,12,100,Yonge-Eglinton,Active,active,20,1902.66,1225.43,2016-12-22,http://app.toronto.ca/DevelopmentApplications/associatedApplicationsList.do?action=init&folderRsn=4084134&isCofASearch=false,-79.397484,43.698091
22 207923 STE 12 OZ,632 NORTHCLIFFE BLVD,12,107,Oakwood Village,Active,active,442,30829,,2022-09-23,http://app.toronto.ca/AIC/index.do?folderRsn=IGpgkm3jC9ZXpKJuxdtYBg%3D%3D,-79.44756,43.691925
23 120855 NNY 18 OZ,23 POYNTZ AVE,18,,,Under Review,proposed,41,3378.7,656.3,2023-03-07,http://app.toronto.ca/AIC/index.do?folderRsn=%2B%2B7%2Bfq%2FG%2FYwdHdfc5fbcag%3D%3D,,
21 250525 ESC 25 SA,8150 SHEPPARD AVE E,25,144,Morningside Heights,Active,active,0,,3840.04,2021-12-21,http://app.toronto.ca/AIC/index.do?folderRsn=tLeLLZb2RJDIDU5kgtgs2g%3D%3D,-79.197473,43.801444
12 176374 WET 06 SA,520 EVANS AVE,3,020,Alderwood,Built,built,0,,887,2012-05-18,,-79.541078,43.610756
11 146719 STE 28 OZ,154 FRONT ST E,13,166,St Lawrence-East Bayfront-The Islands,Built,built,481,35061,1054,2011-03-16,,-79.36872,43.648484
24 174001 ESC 24 OZ,1050 MARKHAM RD,24,142,Woburn North,Under Review,proposed,635,39911.1,,2024-07-03,http://app.toronto.ca/AIC/index.do?folderRsn=TngtdPKkQa0LhmPzGaSisw%3D%3D,-79.231775,43.772373
19 216670 NNY 18 SA,5840 YONGE ST,18,036,Newtonbrook West,Built,built,0,,2260.7,2019-09-05,http://app.toronto.ca/AIC/index.do?folderRsn=J9xuUu6lIyqVaJ%2BjrPabNA%3D%3D,-79.417904,43.783441
20 229112 NNY 18 OZ,5051-5061 YONGE ST,18,038,Lansing-Westgate,Under Review,proposed,365,25073.3,1875.23,2020-12-14,http://app.toronto.ca/AIC/index.do?folderRsn=t4gGRP%2B6Q4s1tg4UVgSJfg%3D%3D,-79.412179,43.765192
21 117518 STE 12 OZ,11 PLEASANT BLVD,12,097,Yonge-St.Clair,Under Review,proposed,87,5817,,2021-02-18,http://app.toronto.ca/AIC/index.do?folderRsn=i0FXrZleyQKUdAPIY40d9Q%3D%3D,-79.393151,43.685093
19 112144 NNY 08 SA,1924 EGLINTON AVE W,8,109,Caledonia-Fairbank,Built,built,27,2062,216,2019-02-05,http://app.toronto.ca/AIC/index.do?folderRsn=3sMjNQIoJDFMSUio6cD1wg%3D%3D,-79.453027,43.693365
20 161770 STE 11 SA,2 SUSSEX AVE,11,079,University,Active,active,0,,1867,2020-06-30,http://app.toronto.ca/AIC/index.do?folderRsn=VcuNdh4eaNnNMpS4a2R37A%3D%3D,-79.399805,43.663571
18 132442 NNY 16 OZ,3311 BATHURST ST,8,032,Englemount-Lawrence,Built,built,24,2965.1,,2018-03-21,http://app.toronto.ca/AIC/index.do?folderRsn=%2FO8M9uHz6CKEMaMRnwZGrw%3D%3D,-79.430627,43.722692
22 150557 ESC 22 SA,4120 FINCH AVE E,22,148,East L'Amoreaux,Under Review,proposed,0,,2765,2022-05-24,http://app.toronto.ca/AIC/index.do?folderRsn=iTG%2Fc5GE3o3YKg5s%2BXISPA%3D%3D,-79.292516,43.80055
23 170868 ESC 23 SA,4700 SHEPPARD AVE E,23,128,Agincourt South-Malvern West,Under Review,proposed,0,,10239.5,2023-07-06,http://app.toronto.ca/AIC/index.do?folderRsn=j82yxCYUXC6DixhjUYHXOQ%3D%3D,-79.257617,43.788515
15 226007 WET 17 SA,898 ST CLAIR AVE W,9,094,Wychwood,Built,built,121,10658.6,981.9,2015-09-21,http://app.toronto.ca/AIC/index.do?folderRsn=PIu6WmX%2B52%2B1ZOG%2F1O9m0g%3D%3D,-79.433729,43.678338
15 131971 NNY 09 SA,1300 WILSON AVE,6,154,Oakdale-Beverley Heights,Built,built,0,,2741,2015-03-25,,-79.494795,43.722513
19 252363 WET 02 OZ,375-385 THE WEST MALL,2,013,Etobicoke West Mall,Active,active,626,45640.2,4136,2019-11-22,http://app.toronto.ca/AIC/index.do?folderRsn=M5dIByQqEi14CZuGrKigug%3D%3D,-79.565392,43.639779
21 149511 ESC 24 OZ,42 TUXEDO CRT,24,142,Woburn North,Active,active,644,41841,667,2021-05-03,http://app.toronto.ca/AIC/index.do?folderRsn=pGvT0qrWYjk22ZZ8%2Bds%2F0A%3D%3D,-79.230964,43.779268
17 241092 NNY 34 SA,150 DUNCAN MILL RD,16,040,St.Andrew-Windfields,Built,built,0,,3540,2017-09-29,http://app.toronto.ca/DevelopmentApplications/associatedApplicationsList.do?action=init&folderRsn=4255591&isCofASearch=false,-79.357442,43.759423
14 260003 NNY 23 OZ,36 CHURCHILL AVE,18,037,Willowdale West,Built,built,14,3333,,2014-12-03,http://app.toronto.ca/AIC/index.do?folderRsn=zGdxc29Wg3AahBsfynQcyA%3D%3D,-79.417284,43.771486
16 152027 NNY 16 OZ,2525 BATHURST ST,8,102,Forest Hill North,Built,built,150,11286,,2016-05-09,http://app.toronto.ca/DevelopmentApplications/associatedApplicationsList.do?action=init&folderRsn=3946339&isCofASearch=false,-79.426304,43.704023
23 127502 NNY 08 OZ,444 EGLINTON AVE W,8,101,Forest Hill South,Under Review,proposed,183,14564.4,419.9,2023-03-27,http://app.toronto.ca/AIC/index.do?folderRsn=aEWysQsOF5udkhKHMlAvDw%3D%3D,-79.412091,43.702166
20 150912 NNY 06 OZ,379 WILSON AVE,6,033,Clanton Park,Active,active,277,18658.9,488.2,2020-06-01,http://app.toronto.ca/AIC/index.do?folderRsn=LTOb5COiZ55iiHLJPazPQA%3D%3D,-79.438287,43.734209
22 188521 STE 10 OZ,46 SPADINA AVE,10,164,Wellington Place,Under Review,proposed,550,37388,774,2022-08-10,http://app.toronto.ca/AIC/index.do?folderRsn=G9KUHlZEx%2BPc%2B8XgqN%2FiqQ%3D%3D,-79.395218,43.642482
17 249811 ESC 42 SA,2275 MARKHAM RD,23,145,Malvern West,Under Review,proposed,1,368,,2017-10-18,http://app.toronto.ca/AIC/index.do?folderRsn=nJ1wfb48JiNCl%2BYyKFHJyQ%3D%3D,-79.242226,43.80882
21 228762 WET 05 OZ,955 WESTON RD,5,111,Rockcliffe-Smythe,Active,active,984,60686.5,,2021-10-21,http://app.toronto.ca/AIC/index.do?folderRsn=QuIdVSeWHl%2BQIroPrE2rtQ%3D%3D,-79.482506,43.682035
24 135519 STE 14 OZ,400 BROADVIEW AVE,14,070,South Riverdale,Active,active,0,,43880.5,2024-04-12,http://app.toronto.ca/AIC/index.do?folderRsn=BybI9qfLNeOGK0Yip8bDgQ%3D%3D,-79.353614,43.664434
15 209995 STE 31 OZ,90 EASTDALE AVE,19,061,Taylor-Massey,Built,built,484,36600.73,,2015-08-20,http://app.toronto.ca/AIC/index.do?folderRsn=DQWJ8i3TPCHBkd05B0%2BaDw%3D%3D,-79.301453,43.692612
21 234538 NNY 06 OZ,155 ANTIBES DR,6,035,Westminster-Branson,Active,active,892,58019,873,2021-11-05,http://app.toronto.ca/AIC/index.do?folderRsn=XV%2FinnWX9%2BgNisbNCI2jXw%3D%3D,-79.446112,43.78009
22 216036 ESC 20 OZ,27 PARKCREST DR,20,139,Scarborough Village,Active,active,112,11837.28,,2022-10-12,http://app.toronto.ca/AIC/index.do?folderRsn=YpqFdXozb48fi1hkdG99Sw%3D%3D,-79.218462,43.734126
21 252354 NNY 17 OZ,26 GREENBRIAR RD,17,040,St.Andrew-Windfields,Active,active,373,23813,,2021-12-31,http://app.toronto.ca/AIC/index.do?folderRsn=OXONUeJh0dSEZNnlkJ1BwA%3D%3D,-79.379878,43.764378
19 244758 NNY 16 OZ,801 YORK MILLS RD,16,042,Banbury-Don Mills,Active,active,470,40085.7,1363,2019-11-04,http://app.toronto.ca/AIC/index.do?folderRsn=mP%2Blkc1WB2cyb%2B5MsqyqTw%3D%3D,-79.358619,43.750846
15 264025 STE 27 OZ,59 MUTUAL ST,13,168,Downtown Yonge East,Built,built,268,17879,,2015-12-11,http://app.toronto.ca/DevelopmentApplications/associatedApplicationsList.do?action=init&folderRsn=3873130&isCofASearch=false,-79.375115,43.653668
13 262018 STE 18 OZ,1181 QUEEN ST W,9,085,South Parkdale,Built,built,121,11604,694,2013-11-06,http://app.toronto.ca/AIC/index.do?folderRsn=GRtNIZYrs3Bl40Jc%2FHKnBw%3D%3D,-79.426699,43.640191
19 232241 STE 13 SA,88 QUEEN ST E,13,,,Built,built,542,45158,909.2,2019-10-04,http://app.toronto.ca/AIC/index.do?folderRsn=bfC4NF2vF7RJoV6dYbtOhA%3D%3D,,
20 222977 WET 02 OZ,4340 BLOOR ST W,2,012,Markland Wood,Active,active,211,22772,,2020-11-26,http://app.toronto.ca/AIC/index.do?folderRsn=0Aw4GNLs4jzhHdusM%2Fap0g%3D%3D,-79.576352,43.63012
17 209538 NNY 34 OZ,104-110 BARTLEY DR,16,043,Victoria Village,Built,built,84,13216.41,,2017-08-01,http://app.toronto.ca/AIC/index.do?folderRsn=oV69xyzSg74sbA5wGo%2BcXQ%3D%3D,-79.308162,43.720612
19 101840 STE 09 OZ,1494 DUNDAS ST W,9,084,Little Portugal,Active,active,57,3966,372,2019-01-07,http://app.toronto.ca/AIC/index.do?folderRsn=9fbxFnwnAHG0%2FAjFW%2FdYTw%3D%3D,-79.432176,43.64789
23 238316 WET 07 OZ,1911 FINCH AVE W,7,025,Glenfield-Jane Heights,Active,active,4600,325383,14964,2023-12-22,http://app.toronto.ca/AIC/index.do?folderRsn=x6%2BIofYWnxj0i2xI3s8suw%3D%3D,-79.517374,43.755072
18 263069 WET 17 SA,1474 ST CLAIR AVE W,9,092,Corso Italia-Davenport,Active,active,60,4428,237,2018-11-30,http://app.toronto.ca/AIC/index.do?folderRsn=lBUlaGzerbl0soLxhO2z3g%3D%3D,-79.453539,43.674027
18 209662 STE 29 SA,17 DEWHURST BLVD,14,069,Blake-Jones,Built,built,0,,292.5,2018-08-15,http://app.toronto.ca/AIC/index.do?folderRsn=BlI74oC0MSknQlJ9gSRbTg%3D%3D,-79.339581,43.678525
19 262484 NNY 06 OZ,1881 STEELES AVE W,6,034,Bathurst Manor,Under Review,proposed,1138,88305.8,3431.1,2019-12-17,http://app.toronto.ca/AIC/index.do?folderRsn=NJDL3J9TOsn3scJtWO622g%3D%3D,-79.468917,43.78437
18 209651 STE 29 SA,30 DONLANDS AVE,14,069,Blake-Jones,Built,built,0,,142.16,2018-08-15,http://app.toronto.ca/AIC/index.do?folderRsn=0IzdsCTRUhqL8mZgalGbog%3D%3D,-79.338022,43.678992
22 179828 STE 10 OZ,467 WELLINGTON ST W,10,165,Harbourfront-CityPlace,Active,active,172,15767.6,417,2022-07-20,http://app.toronto.ca/AIC/index.do?folderRsn=Eti6MdHcIX7Zp8wLA8J9fg%3D%3D,-79.398072,43.641102
10 104813 WET 06 OZ,36 PARK LAWN RD,3,160,Mimico-Queensway,Built,built,422,32648,703,2010-01-14,,-79.484349,43.621607
22 191099 NNY 18 OZ,18 ATHABASKA AVE,18,050,Newtonbrook East,Under Review,proposed,516,31863,120,2022-08-15,http://app.toronto.ca/AIC/index.do?folderRsn=YRUSDDuZ3f5qjYsu8aAGjQ%3D%3D,-79.417783,43.794094
12 212172 STE 18 OZ,1183 DUFFERIN ST,9,171,Junction-Wallace Emerson,Built,built,14,1358.22,,2012-07-16,,-79.437391,43.662944
16 268586 STE 28 OZ,187 PARLIAMENT ST,13,073,Moss Park,Active,active,15,2120,6818,2016-12-19,http://app.toronto.ca/AIC/index.do?folderRsn=VRvwBDnFt1QT7n4Wqbbt%2Bg%3D%3D,-79.364563,43.654159
15 114759 STE 27 OZ,826 YONGE ST,11,169,Bay-Cloverhill,Built,built,400,28694,432,2015-02-11,,-79.387595,43.669202
21 201761 ESC 20 SA,32 UPTON RD,20,120,Clairlea-Birchmount,Under Review,proposed,0,,1734,2021-08-20,http://app.toronto.ca/AIC/index.do?folderRsn=f%2BRGKFn2ecYvXIoRIonFLQ%3D%3D,-79.280581,43.717538
17 256142 STE 20 OZ,517 WELLINGTON ST W,10,165,Harbourfront-CityPlace,Built,built,0,,49635,2017-11-01,http://app.toronto.ca/AIC/index.do?folderRsn=sZdV%2BzCco9oAh4hrVFteXw%3D%3D,-79.398567,43.639774
16 268551 STE 28 SA,591 DUNDAS ST E,13,072,Regent Park,Built,built,434,32201.61,2572,2016-12-19,http://app.toronto.ca/AIC/index.do?folderRsn=5L9jZMjvb88E8ZTUnIYVew%3D%3D,-79.359794,43.659116
21 181193 ESC 22 SA,95 MILLIKEN BLVD,22,130,Milliken,Under Review,proposed,0,,908.8,2021-07-07,http://app.toronto.ca/AIC/index.do?folderRsn=UokpR%2F%2BhRPbIoxgUYaItlA%3D%3D,-79.296598,43.807011
23 177928 STE 10 OZ,8 CAMDEN ST,10,164,Wellington Place,Active,active,185,10535.1,308,2023-07-21,http://app.toronto.ca/AIC/index.do?folderRsn=GHQC%2BlWzgqFb4kNUmiRxTw%3D%3D,-79.396807,43.645443
20 126634 STE 11 OZ,33 AVENUE RD,11,079,University,Active,active,70,27349,3697,2020-03-16,http://app.toronto.ca/AIC/index.do?folderRsn=5V3oipejUe2F6QfPZXV4WA%3D%3D,-79.394667,43.668571
18 198833 ESC 24 OZ,3060 EGLINTON AVE E,24,123,Cliffcrest,Active,active,80,10040.11,,2018-07-24,http://app.toronto.ca/AIC/index.do?folderRsn=osZJ%2BaZ1QrZt61PzgT%2Fohg%3D%3D,-79.228212,43.739622
11 317575 STE 14 OZ,2376 DUNDAS ST W,4,087,High Park-Swansea,Built,built,393,26745.5,566,2011-11-29,,-79.452807,43.655988
05 140481 ESC 44 OZ,30 DEAN PARK RD,25,,,Active,active,58,5092.6,,2005-06-08,,,
20 229554 STE 10 OZ,61 HANNA AVE,10,163,Fort York-Liberty Village,Active,active,963,71253.7,11847.1,2020-12-16,http://app.toronto.ca/AIC/index.do?folderRsn=BDUZJtgCUp3UUDfnoDwqqQ%3D%3D,-79.419503,43.63782
24 106919 WET 05 OZ,17 LOCUST ST,5,115,Mount Dennis,Under Review,proposed,517,30512,,2024-01-22,http://app.toronto.ca/AIC/index.do?folderRsn=%2B3JtZ9QchXFQHYH7ffWY5Q%3D%3D,-79.490516,43.68606
23 134668 WET 03 OZ,220 LAKE PROMENADE,3,,,Under Review,proposed,2021,129343,,2023-04-17,http://app.toronto.ca/AIC/index.do?folderRsn=U2DNBK8JG96LLKjEv%2BZieA%3D%3D,-79.529922,43.587749
15 167971 NNY 23 SA,170 SHEPPARD AVE E,18,153,Avondale,Active,active,0,,427.6,2015-06-03,,-79.403357,43.761461
02 035332 STE 20 OZ,15 GLEN MORRIS ST,11,,,Active,active,7,1724,,2002-08-26,,,
17 222387 NNY 15 SA,1-87 BREDONHILL CRT,8,032,Englemount-Lawrence,Built,built,102,18411.79,,2017-08-24,http://app.toronto.ca/AIC/index.do?folderRsn=itmg4PglUxH%2BYtrI%2BQBGMQ%3D%3D,-79.444209,43.720734
23 151345 ESC 21 SA,191 ASHTONBEE RD,21,119,Wexford/Maryvale,Under Review,proposed,0,,12453.03,2023-05-26,http://app.toronto.ca/AIC/index.do?folderRsn=hlcb9WjYPDVoKqxcqOl9vg%3D%3D,-79.281674,43.730949
13 109447 STE 27 OZ,31 SHERBOURNE ST N,11,098,Rosedale-Moore Park,Active,active,4,1630,,2013-01-22,http://app.toronto.ca/AIC/index.do?folderRsn=n1bK6rbmcImooAoRk6%2BzUw%3D%3D,-79.378189,43.674278
22 196927 ESC 25 SA,850 MILNER AVE,25,144,Morningside Heights,Under Review,proposed,0,,1025,2022-08-28,http://app.toronto.ca/AIC/index.do?folderRsn=hccbvk5PEdmu0SjQAHDs2Q%3D%3D,-79.198011,43.798699
16 183537 STE 20 OZ,102 PETER ST,10,164,Wellington Place,Built,built,696,45832,3838,2016-06-30,http://app.toronto.ca/DevelopmentApplications/associatedApplicationsList.do?action=init&folderRsn=3983031&isCofASearch=false,-79.393481,43.645631
11 320041 STE 18 OZ,440 DUFFERIN ST,9,086,Roncesvalles,Built,built,357,26734,8776,2011-12-02,,-79.429871,43.642391
10 314966 STE 22 OZ,129 ST CLAIR AVE W,12,097,Yonge-St.Clair,Built,built,258,20760,,2010-12-15,,-79.400393,43.684466
20 126608 WET 02 SA,25-35 WARRENDER AVE,2,010,Princess-Rosethorn,Under Review,proposed,296,19357.9,,2020-03-16,http://app.toronto.ca/AIC/index.do?folderRsn=7EOI1BDemYjJ5qPKnFNx%2FQ%3D%3D,-79.552451,43.673218
20 174630 WET 03 SA,1640 THE QUEENSWAY,3,159,Etobicoke City Centre,Under Review,proposed,0,,288.3,2020-07-30,http://app.toronto.ca/AIC/index.do?folderRsn=5D0H4Ra74DLj2QMxbhiJKg%3D%3D,-79.54637,43.615324
16 255319 STE 22 OZ,44 JACKES AVE,12,098,Rosedale-Moore Park,Built,built,263,22728,,2016-11-23,http://app.toronto.ca/AIC/index.do?folderRsn=G24PDaCRBv6N%2Fsrn2h8ttw%3D%3D,-79.391377,43.683796
16 270113 WET 06 OZ,1 BLUE GOOSE ST,3,160,Mimico-Queensway,Active,active,12,2284,,2016-12-22,http://app.toronto.ca/AIC/index.do?folderRsn=wihkF56vvWXYl2BQL6HOcQ%3D%3D,-79.495951,43.614756
14 266756 ESC 35 OZ,35 DANFORTH RD,20,121,Oakridge,Built,built,116,9596.8,,2014-12-22,,-79.275969,43.692963
16 207248 STE 27 OZ,203 JARVIS ST,13,168,Downtown Yonge East,Built,built,179,11722,9484,2016-08-15,http://app.toronto.ca/AIC/index.do?folderRsn=7E0cQ4HuVR13kjtVP32kWw%3D%3D,-79.373827,43.653661
21 153866 ESC 21 SA,39 DUNDALK DR,21,126,Dorset Park,Built,built,57,3598.25,,2021-05-12,http://app.toronto.ca/AIC/index.do?folderRsn=twYFbk1y2dRu3OsVSqEsbw%3D%3D,-79.285116,43.766412
21 213425 STE 04 SA,3470 DUNDAS ST W,4,089,Runnymede-Bloor West Village,Active,active,0,,14239.3,2021-09-16,http://app.toronto.ca/AIC/index.do?folderRsn=Ac3p04A4wmgUXezA98AQzQ%3D%3D,-79.488166,43.663873
19 240160 STE 13 OZ,20 MAITLAND ST,13,167,Church-Wellesley,Active,active,516,33794,206,2019-10-23,http://app.toronto.ca/AIC/index.do?folderRsn=ZZtXDHQufcELqJRhMXcykw%3D%3D,-79.383231,43.662341
20 213392 NNY 06 OZ,1875 STEELES AVE W,6,034,Bathurst Manor,Under Review,proposed,960,79796,,2020-10-30,http://app.toronto.ca/AIC/index.do?folderRsn=7pZyCRapH1eh1QZZfHfumw%3D%3D,-79.467915,43.785104
22 141536 STE 10 OZ,595 FRONT ST W,10,165,Harbourfront-CityPlace,Under Review,proposed,3868,327982,94051,2022-05-03,http://app.toronto.ca/AIC/index.do?folderRsn=DrdfJIhXMtB%2F0yd9Gl8FYA%3D%3D,-79.394552,43.640385
17 196947 STE 19 OZ,877 COLLEGE ST,9,081,Trinity-Bellwoods,Built,built,112,10720,1658,2017-07-12,http://app.toronto.ca/AIC/index.do?folderRsn=OrmG91lbkr7BS1PyKtFXkw%3D%3D,-79.42471,43.651894
18 270572 WET 02 OZ,1 RICHVIEW RD,2,009,Edenbridge-Humber Valley,Active,active,306,22450,,2018-12-20,http://app.toronto.ca/AIC/index.do?folderRsn=xtpKMvRiqdli2C8cRFMoAg%3D%3D,-79.51345,43.683163
13 211324 STE 22 OZ,33 HOLLY ST,12,174,South Eglinton-Davisville,Built,built,545,43335,,2013-07-26,http://app.toronto.ca/AIC/index.do?folderRsn=OhVy0ObGHW0mD0DHsb559g%3D%3D,-79.395105,43.703149
16 132832 ESC 40 SA,2035 KENNEDY RD,22,126,Dorset Park,Built,built,658,45121,440,2016-03-29,http://app.toronto.ca/AIC/index.do?folderRsn=bjuP%2FJ1oY%2BS6aR2NYQBUhQ%3D%3D,-79.282861,43.775079
15 258686 ESC 37 OZ,1966 EGLINTON AVE E,21,120,Clairlea-Birchmount,Active,active,2434,390168,6629,2015-11-30,http://app.toronto.ca/AIC/index.do?folderRsn=liHqf%2FwtpEYTGM9PdMFQPA%3D%3D,-79.286033,43.726476
19 130611 WET 05 SA,1683 JANE ST,5,113,Weston,Active,active,0,,,2019-03-25,http://app.toronto.ca/AIC/index.do?folderRsn=xyh4cSE4oFYk4DQ%2Fj%2FPChg%3D%3D,-79.503674,43.701295
23 138584 NNY 08 SA,3302 DUFFERIN ST,8,031,Yorkdale-Glen Park,Under Review,proposed,0,,1493,2023-04-27,http://app.toronto.ca/AIC/index.do?folderRsn=w1JQJUCTY9IEj4F%2FSwqBhQ%3D%3D,-79.45702,43.720009
20 105668 NNY 06 SA,60 MANIZA RD,6,155,Downsview,Active,active,0,,,2020-01-17,http://app.toronto.ca/AIC/index.do?folderRsn=WEz9KQx7f2f%2BP%2Bpk5ygJEw%3D%3D,-79.464269,43.731593
20 177426 NNY 18 OZ,105 SHEPPARD AVE E,18,153,Avondale,Active,active,58,4211,114,2020-08-07,http://app.toronto.ca/AIC/index.do?folderRsn=%2FLyXvrdlhecCeTaZRi%2BSRQ%3D%3D,-79.405029,43.760694
12 210516 STE 28 SA,40 TEMPERANCE ST,13,,,Built,built,0,,73864,2012-07-12,http://app.toronto.ca/AIC/index.do?folderRsn=Mh%2B9ORCIYk0AbhcRuRc%2F6g%3D%3D,,
20 145142 ESC 25 SA,610 CORONATION DR,25,136,West Hill,Active,active,0,,6685.1,2020-05-13,http://app.toronto.ca/AIC/index.do?folderRsn=F7w4hPKph0KxkFafIecDkg%3D%3D,-79.162557,43.764258
19 114174 NNY 06 OZ,50 WILSON HEIGHTS BLVD,6,033,Clanton Park,Active,active,1464,95262,6363,2019-02-11,http://app.toronto.ca/AIC/index.do?folderRsn=AflcgO%2BAcIIk8iePDe5o1A%3D%3D,-79.449315,43.733392
19 154472 ESC 21 OZ,1560 BRIMLEY RD,21,156,Bendale-Glen Andrew,Built,built,250,18593,127,2019-05-15,http://app.toronto.ca/AIC/index.do?folderRsn=lE1o3MypVE8V%2FpoxuKajsA%3D%3D,-79.262184,43.768503
21 196655 WET 02 OZ,580 THE EAST MALL,2,158,Islington,Active,active,232,17803,,2021-08-11,http://app.toronto.ca/AIC/index.do?folderRsn=UWukpo8ysb2%2FQWhmKuEEcQ%3D%3D,-79.564566,43.651702
21 110357 ESC 24 OZ,3070 ELLESMERE RD,24,135,Morningside,Active,active,246,23946,400,2021-01-29,http://app.toronto.ca/AIC/index.do?folderRsn=iO7DVD%2BOkm7j43Q9vFInXQ%3D%3D,-79.195301,43.783394
20 204893 WET 03 OZ,105 THIRTY FIRST ST,3,019,Long Branch,Active,active,8,876,,2020-10-09,http://app.toronto.ca/AIC/index.do?folderRsn=3TRGtIyp1GzLqKyHjc%2BcxQ%3D%3D,-79.530023,43.592738
20 204828 WET 03 OZ,3471 LAKE SHORE BLVD W,3,019,Long Branch,Active,active,19,1377,194,2020-10-09,http://app.toronto.ca/AIC/index.do?folderRsn=mcjy1u8AcHxqItJL7V4PYQ%3D%3D,-79.530142,43.592947
13 156471 STE 30 OZ,1075 QUEEN ST E,14,070,South Riverdale,Built,built,48,4226,269,2013-04-24,,-79.336626,43.659653
15 236783 STE 30 OZ,21 DON VALLEY PKWY,14,070,South Riverdale,Active,active,4300,302000,926000,2015-10-13,http://app.toronto.ca/DevelopmentApplications/associatedApplicationsList.do?action=init&folderRsn=3841399&isCofASearch=false,-79.342681,43.652392
22 128942 STE 19 OZ,73 WOODBINE AVE,19,070,South Riverdale,Active,active,86,5756,,2022-03-31,http://app.toronto.ca/AIC/index.do?folderRsn=aMQDAfK%2FRh7xcPChRX9BCA%3D%3D,-79.304679,43.664428
15 135412 ESC 42 SA,2225 MARKHAM RD,23,145,Malvern West,Built,built,0,,5141.48,2015-04-01,,-79.243428,43.806704
17 188915 WET 05 OZ,3429 BLOOR ST W,3,159,Etobicoke City Centre,Active,active,0,,13725,2017-06-28,http://app.toronto.ca/AIC/index.do?folderRsn=nInx%2FeVqQAVQSx3a4BD9sA%3D%3D,-79.525352,43.64195
20 120437 WET 03 SA,15 CORDOVA AVE,3,,,Active,active,354,23696,,2020-02-28,http://app.toronto.ca/AIC/index.do?folderRsn=IzRrSHLkZq6%2BRdnb1PuYFA%3D%3D,,
19 251045 ESC 21 OZ,860 PHARMACY AVE,21,119,Wexford/Maryvale,Active,active,1333,122559,1555,2019-11-19,http://app.toronto.ca/AIC/index.do?folderRsn=6HBsfQd%2F%2BZhuPwMTEVB5Ig%3D%3D,-79.299043,43.72604
22 194681 WET 03 OZ,5 JOPLING AVE S,3,158,Islington,Active,active,437,24860,210,2022-08-23,http://app.toronto.ca/AIC/index.do?folderRsn=soBjfdfNOrFjTLq%2FzLbvaQ%3D%3D,-79.539184,43.638501
21 113003 STE 14 OZ,741 BROADVIEW AVE,14,068,North Riverdale,Active,active,19,1254.3,363.6,2021-02-05,http://app.toronto.ca/AIC/index.do?folderRsn=Fdl2d%2FHT%2FFccby4MuBSIzg%3D%3D,-79.358282,43.67376
19 117787 NNY 17 OZ,20 GODSTONE RD,17,047,Don Valley Village,Active,active,195,15050,,2019-02-21,http://app.toronto.ca/AIC/index.do?folderRsn=fn0uvF8xDtiDaYFrGRFkew%3D%3D,-79.347698,43.778639
19 263788 NNY 15 OZ,717 MOUNT PLEASANT RD,15,174,South Eglinton-Davisville,Active,active,325,21253.8,258.7,2019-12-20,http://app.toronto.ca/AIC/index.do?folderRsn=qN9K9tYy4HQG7yxkVnYvnw%3D%3D,-79.389476,43.704767
13 139447 WET 12 SA,3500 EGLINTON AVE W,5,,,Built,built,0,,6766,2013-03-24,http://app.toronto.ca/AIC/index.do?folderRsn=sJqCUJ5kyAHimhuvw%2FzJVA%3D%3D,-79.487302,43.687569
18 136695 STE 28 OZ,161 PARLIAMENT ST,13,073,Moss Park,Active,active,467,32081,3619,2018-03-29,http://app.toronto.ca/AIC/index.do?folderRsn=TiMpe9uf1QJwjsqfn2Gd6g%3D%3D,-79.364188,43.652995
14 169650 NNY 26 OZ,146 LAIRD DR,15,056,Leaside-Bennington,Active,active,255,21466,,2014-06-06,,-79.363356,43.70671
13 123068 NNY 25 OZ,2779 YONGE ST,15,103,Lawrence Park South,Built,built,88,12315,550,2013-02-21,http://app.toronto.ca/AIC/index.do?folderRsn=TuSEN1mGybamqHfG7Wg2%2FA%3D%3D,-79.400793,43.716687
21 226750 NNY 18 OZ,150-160 CACTUS AVE,18,036,Newtonbrook West,Active,active,469,36850,,2021-10-16,http://app.toronto.ca/AIC/index.do?folderRsn=qRXAamPMxBbXUq0ePvDoYA%3D%3D,-79.436783,43.791715
17 278869 NNY 15 OZ,2270 EGLINTON AVE W,8,109,Caledonia-Fairbank,Built,built,141,9827.7,749.7,2017-12-22,http://app.toronto.ca/AIC/index.do?folderRsn=UD0w1S1dUxUo4GNSVN3vuw%3D%3D,-79.463818,43.690874
05 106821 WET 01 OZ,136 WESTMORE DR,1,,,Active,active,146,8166,,2005-02-04,,,
16 270614 ESC 38 OZ,1021-1035 MARKHAM RD,24,142,Woburn North,Active,active,333,24180.5,2179.6,2016-12-23,http://app.toronto.ca/AIC/index.do?folderRsn=BzLhNwwCUwu%2FL9aFKtinzg%3D%3D,-79.230711,43.772068
17 257307 WET 05 OZ,1197 THE QUEENSWAY,3,159,Etobicoke City Centre,Built,built,142,9667,221,2017-11-02,http://app.toronto.ca/AIC/index.do?folderRsn=IqlI%2BNzUuFcFaZRESOoxlw%3D%3D,-79.52259,43.619476
20 151725 WET 01 SA,203-205 HUMBER COLLEGE BLVD,1,001,West Humber-Clairville,Built,built,0,,2876,2020-06-03,http://app.toronto.ca/AIC/index.do?folderRsn=%2FMWqVNC0XIrU%2BBoS5xNQUw%3D%3D,-79.60172,43.727909
16 155576 NNY 25 OZ,2619 BAYVIEW AVE,15,040,St.Andrew-Windfields,Active,active,11,3301.19,,2016-05-13,http://app.toronto.ca/DevelopmentApplications/associatedApplicationsList.do?action=init&folderRsn=3950611&isCofASearch=false,-79.384793,43.750648
23 238365 STE 13 OZ,517 RICHMOND ST E,13,073,Moss Park,Active,active,660,41595,168,2023-12-22,http://app.toronto.ca/AIC/index.do?folderRsn=3AO%2FrszW4Y6UEXoaVaDfPg%3D%3D,-79.365011,43.65178
17 187979 NNY 25 OZ,2075 BAYVIEW AVE,15,041,Bridle Path-Sunnybrook-York Mills,Active,active,0,,11161,2017-06-27,http://app.toronto.ca/AIC/index.do?folderRsn=kZI4lgyF3CwfDdYuCTdMRw%3D%3D,-79.374836,43.71958
22 154005 ESC 23 OZ,5610 FINCH AVE E,23,145,Malvern West,Active,active,0,,14174,2022-05-30,http://app.toronto.ca/AIC/index.do?folderRsn=2a2bC1n5YGrFJUVvY%2F4XsQ%3D%3D,-79.239168,43.812055
22 204780 STE 13 OZ,214 SHERBOURNE ST,13,073,Moss Park,Active,active,616,40846,59,2022-09-16,http://app.toronto.ca/AIC/index.do?folderRsn=cJnByf1krq0UYc1FDiQlZg%3D%3D,-79.371076,43.655449
23 233851 ESC 20 OZ,565 KENNEDY RD   1,20,,,Active,active,113,7055.8,219.9,2023-12-08,http://app.toronto.ca/AIC/index.do?folderRsn=ckAYKK1ivFcsqX3MB5%2F24g%3D%3D,,
21 146018 WET 03 OZ,408 HORNER AVE,3,020,Alderwood,Active,active,6,470,,2021-04-26,http://app.toronto.ca/AIC/index.do?folderRsn=LszgvhNqoNbQy%2Fnn%2Bo%2B7vg%3D%3D,-79.535528,43.602245
22 205463 ESC 25 OZ,255 MORNINGSIDE AVE,25,136,West Hill,Active,active,518,37174,668,2022-09-19,http://app.toronto.ca/AIC/index.do?folderRsn=UDy885LRXco1eQSVIcVxyA%3D%3D,-79.185108,43.768122
22 125367 ESC 24 OZ,4212 KINGSTON RD,24,136,West Hill,Active,active,271,20494.89,245.73,2022-03-22,http://app.toronto.ca/AIC/index.do?folderRsn=tlexxYqg4O8sb2tq0oOdjQ%3D%3D,-79.197505,43.758311
21 239174 STE 12 OZ,1196 YONGE ST,12,095,Annex,Active,active,67,10226.6,200.8,2021-11-18,http://app.toronto.ca/AIC/index.do?folderRsn=%2FRH5FM9Zn9Tbn0pot9kuyQ%3D%3D,-79.391909,43.679525
21 122566 NNY 08 SA,60 PLAYFAIR AVE,8,031,Yorkdale-Glen Park,Active,active,0,,14393,2021-03-03,http://app.toronto.ca/AIC/index.do?folderRsn=yB0PcFdMBTbIeMxHyW%2B9KA%3D%3D,-79.45857,43.708088
21 146121 STE 10 OZ,320 FRONT ST W,10,165,Harbourfront-CityPlace,Active,active,1782,109555,743,2021-04-26,http://app.toronto.ca/AIC/index.do?folderRsn=kOYr3AhaHRH6DeqleKpgWw%3D%3D,-79.391219,43.641996
15 206976 STE 28 OZ,545 SHERBOURNE ST,13,074,North St.James Town,Active,active,532,34600,400,2015-08-14,http://app.toronto.ca/AIC/index.do?folderRsn=7btxUjihKmowwqggA9F5gg%3D%3D,-79.376086,43.668684
18 172768 STE 22 OZ,276 MERTON ST,12,099,Mount Pleasant East,Active,active,91,7652,,2018-06-06,http://app.toronto.ca/AIC/index.do?folderRsn=mrbZDT9XWKWMjiAMIkJ3mA%3D%3D,-79.38798,43.696136
24 228228 STE 10 OZ,10 LOWER SPADINA AVE,10,165,Harbourfront-CityPlace,Under Review,proposed,511,32235.5,128.1,2024-10-18,http://app.toronto.ca/AIC/index.do?folderRsn=lYnkoevvHrAiu36DxEK7HQ%3D%3D,-79.392449,43.637836
13 280729 STE 28 SA,92 FRONT ST E,13,166,St Lawrence-East Bayfront-The Islands,Built,built,0,,9543.2,2013-12-20,http://app.toronto.ca/AIC/index.do?folderRsn=V2irPzsgOxI0kBILwzpVcg%3D%3D,-79.372188,43.647445
19 202364 ESC 20 SA,43 UPTON RD,20,120,Clairlea-Birchmount,Active,active,0,,6217.9,2019-08-08,http://app.toronto.ca/AIC/index.do?folderRsn=AATpdU6FCDmZdKHQNk9vBQ%3D%3D,-79.278562,43.717057
19 210278 STE 10 OZ,145 WELLINGTON ST W,10,165,Harbourfront-CityPlace,Active,active,861,54007.8,206.3,2019-08-22,http://app.toronto.ca/AIC/index.do?folderRsn=4hRhI3t64VdNzfY4vst%2FMA%3D%3D,-79.385158,43.643964
18 263017 NNY 24 SA,1001 SHEPPARD AVE E,17,052,Bayview Village,Built,built,466,41466.03,,2018-11-30,http://app.toronto.ca/AIC/index.do?folderRsn=bery6%2FbWivyfU3se1SVKCw%3D%3D,-79.374974,43.769121
18 260298 STE 27 OZ,112 COLLEGE ST,11,170,Yonge-Bay Corridor,Built,built,0,,17270,2018-11-23,http://app.toronto.ca/AIC/index.do?folderRsn=YTUk8t0ctD8V2p5Ftpb4sg%3D%3D,-79.389455,43.658464
17 183044 STE 30 OZ,1001 QUEEN ST E,14,070,South Riverdale,Active,active,28,2342.1,144.3,2017-06-19,http://app.toronto.ca/DevelopmentApplications/associatedApplicationsList.do?action=init&folderRsn=4188193&isCofASearch=false,-79.338136,43.659283
19 228020 NNY 06 SA,25 BRIGHTWOOD ST,6,032,Englemount-Lawrence,Active,active,0,,2061,2019-09-27,http://app.toronto.ca/AIC/index.do?folderRsn=D44dhHF8or95kkwYKbOG3g%3D%3D,-79.43763,43.733186
23 129052 NNY 06 OZ,2801 KEELE ST,6,155,Downsview,Under Review,proposed,186,14310.49,615.38,2023-03-30,http://app.toronto.ca/AIC/index.do?folderRsn=bywyfCBepqI0NBMJpZSmcA%3D%3D,-79.482592,43.727217
21 232816 WET 03 OZ,5230 DUNDAS ST W,3,158,Islington,Active,active,2387,149492,4859,2021-11-01,http://app.toronto.ca/AIC/index.do?folderRsn=y21Z0QkdWsR1vB6XzcxT7A%3D%3D,-79.538178,43.639038
16 208768 NNY 10 OZ,128 GORMAN PARK RD,6,033,Clanton Park,Active,active,170,14313.7,1060,2016-08-17,,-79.448663,43.750898
18 146844 ESC 39 OZ,3453 VICTORIA PARK AVE,22,046,Pleasant View,Built,built,142,13682,,2018-04-20,http://app.toronto.ca/AIC/index.do?folderRsn=e3u7JmLUO9rWInhmtSt7aw%3D%3D,-79.33356,43.796504
22 227435 STE 13 OZ,398 CHURCH ST,13,168,Downtown Yonge East,Under Review,proposed,456,28709,215,2022-11-08,http://app.toronto.ca/AIC/index.do?folderRsn=G17%2FYXA7OupndH8hqWb6Hg%3D%3D,-79.379161,43.658407
18 135955 WET 17 OZ,423 OLD WESTON RD,9,091,Weston-Pelham Park,Built,built,229,18649,532,2018-03-28,http://app.toronto.ca/AIC/index.do?folderRsn=TBqQnfaZwHTcY344aKYaEg%3D%3D,-79.463194,43.67293
16 264958 STE 32 OZ,507 KINGSTON RD,19,063,The Beaches,Active,active,90,6043,,2016-12-15,http://app.toronto.ca/AIC/index.do?folderRsn=YiOP3zaw7X9w8wTxHoZroA%3D%3D,-79.302459,43.675472
24 231270 STE 14 SA,680 DANFORTH AVE,14,068,North Riverdale,Under Review,proposed,0,,1577,2024-10-25,http://app.toronto.ca/AIC/index.do?folderRsn=U0xQVVWi0EINBL612uipyA%3D%3D,-79.344415,43.677296
21 189632 STE 13 OZ,383 SHERBOURNE ST,13,073,Moss Park,Active,active,346,18792,,2021-07-26,http://app.toronto.ca/AIC/index.do?folderRsn=kjIEqcDblyrTGKSKNGVIUg%3D%3D,-79.37321,43.66197
20 160281 ESC 24 OZ,5 CORPORATE DR,24,142,Woburn North,Active,active,778,68276.87,725.45,2020-06-25,http://app.toronto.ca/AIC/index.do?folderRsn=v4wMJV4h9G0xM2h65fDgkw%3D%3D,-79.25281,43.776973
23 228917 WET 03 OZ,210 ISLINGTON AVE,3,018,New Toronto,Under Review,proposed,352,22202.65,1000,2023-11-23,http://app.toronto.ca/AIC/index.do?folderRsn=vjC6381trpkrM9f6buKJOw%3D%3D,-79.507202,43.600852
13 244451 ESC 40 OZ,1355 BRIDLETOWNE CRCL,22,,,Active,active,0,,12932,2013-10-01,,,
12 188716 STE 20 OZ,40 WIDMER ST,10,164,Wellington Place,Built,built,426,29832,,2012-06-07,,-79.392065,43.645981
20 188233 STE 10 SA,571 DUNDAS ST W,10,078,Kensington-Chinatown,Active,active,21,2836.41,,2020-09-01,http://app.toronto.ca/AIC/index.do?folderRsn=cYHW7W5uTe0z5PfHQ4JJsw%3D%3D,-79.40024,43.650352
13 162096 WET 07 OZ,135 PLUNKETT RD,7,021,Humber Summit,Built,built,42,6520,,2013-05-03,http://app.toronto.ca/DevelopmentApplications/associatedApplicationsList.do?action=init&folderRsn=3347282&isCofASearch=false,-79.570293,43.760496
23 224338 STE 09 SA,121 SUDBURY ST,9,085,South Parkdale,Under Review,proposed,0,,659.818,2023-11-09,http://app.toronto.ca/AIC/index.do?folderRsn=FMV6Zd1Acan5bIO%2F33qmjA%3D%3D,-79.424481,43.639116
20 228791 ESC 20 SA,2380 KINGSTON RD,20,122,Birchcliffe-Cliffside,Built,built,39,2586.16,107.96,2020-12-14,http://app.toronto.ca/AIC/index.do?folderRsn=xLA%2Br7lkWky38dZmVEU1Lg%3D%3D,-79.250874,43.705854
24 233888 WET 03 SA,429 KIPLING AVE,3,018,New Toronto,Under Review,proposed,0,,10486.17,2024-11-01,http://app.toronto.ca/AIC/index.do?folderRsn=%2Bvmf7en0f9fxrB%2FfwKr2fg%3D%3D,-79.519184,43.605039
22 114201 WET 05 OZ,9 OXFORD DR,5,115,Mount Dennis,Under Review,proposed,362,24435,,2022-02-14,http://app.toronto.ca/AIC/index.do?folderRsn=wRud%2FNRqFCT%2BLe6yNOWBZQ%3D%3D,-79.491495,43.686517
20 161691 ESC 23 SA,40 PULLMAN CRT,23,144,Morningside Heights,Active,active,0,,4745,2020-06-30,http://app.toronto.ca/AIC/index.do?folderRsn=LPsKFo6adZZprDNLU829VQ%3D%3D,-79.239516,43.819914
22 210125 STE 14 OZ,929 QUEEN ST E,14,070,South Riverdale,Active,active,70,5477,201,2022-09-27,http://app.toronto.ca/AIC/index.do?folderRsn=PV1GWskBQ29iOXIWd5ZOJw%3D%3D,-79.340731,43.658596
16 270193 WET 04 OZ,45 LA ROSE AVE,2,009,Edenbridge-Humber Valley,Active,active,211,17228,,2016-12-22,http://app.toronto.ca/AIC/index.do?folderRsn=LojoM%2BPOSAA4se%2Fo8F6cfg%3D%3D,-79.516068,43.684095
24 235688 WET 02 OZ,1 EVA RD,2,013,Etobicoke West Mall,Under Review,proposed,861,71703,,2024-11-06,http://app.toronto.ca/AIC/index.do?folderRsn=O60Vy31zG3LUIf%2BX%2B6iM2g%3D%3D,-79.563264,43.637479
20 232679 STE 14 SA,685 QUEEN ST E,14,070,South Riverdale,Built,built,24,2124.47,,2020-12-21,http://app.toronto.ca/AIC/index.do?folderRsn=JstjL3to7xPU5YwITRHpfA%3D%3D,-79.350755,43.656562
15 224199 ESC 35 SA,285 RALEIGH AVE,20,122,Birchcliffe-Cliffside,Active,active,0,,1995,2015-09-17,http://app.toronto.ca/AIC/index.do?folderRsn=oWjIi%2BfdGbN%2BQ7T2cQaSNw%3D%3D,-79.260174,43.708309
24 113744 STE 19 OZ,72 AMROTH AVE,19,064,Woodbine Corridor,Active,active,34,2352.5,,2024-02-09,http://app.toronto.ca/AIC/index.do?folderRsn=Bgut%2Bx2U2YrzjqvxgWkztw%3D%3D,-79.311888,43.683328
18 128310 STE 22 OZ,90 EGLINTON AVE E,12,174,South Eglinton-Davisville,Active,active,1035,68786,24310,2018-03-12,http://app.toronto.ca/AIC/index.do?folderRsn=g2YHzlFFnXMQJNyXXOkUig%3D%3D,-79.396102,43.705632
23 236162 STE 11 OZ,555 UNIVERSITY AVE,11,170,Yonge-Bay Corridor,Active,active,0,,241500,2023-12-15,http://app.toronto.ca/AIC/index.do?folderRsn=Bvegl1oaa2Oa%2Bb07AKwdSg%3D%3D,-79.386619,43.65565
22 242091 WET 05 OZ,1830 WESTON RD,5,113,Weston,Active,active,565,30464.87,428.35,2022-12-23,http://app.toronto.ca/AIC/index.do?folderRsn=o4e0YhHJ5LzNS0HseZh6GA%3D%3D,-79.514239,43.697107
22 130491 ESC 24 OZ,1151 MARKHAM RD,24,142,Woburn North,Active,active,455,31567.32,299.41,2022-04-04,http://app.toronto.ca/AIC/index.do?folderRsn=Ci1uvFoxysjFYB0ayqVxDw%3D%3D,-79.231311,43.774168
18 271787 STE 11 SA,43 BELLEVUE AVE,11,078,Kensington-Chinatown,Active,active,12,849.36,,2018-12-24,http://app.toronto.ca/AIC/index.do?folderRsn=cSD1hy9BXXYYruY0Ae8ujg%3D%3D,-79.403324,43.652445
24 164943 STE 19 OZ,2040 QUEEN ST E,19,063,The Beaches,Active,active,60,4588,1140,2024-06-14,http://app.toronto.ca/AIC/index.do?folderRsn=yvMNYj3DqGcSLDqUKwcvqA%3D%3D,-79.298885,43.668563
24 121747 WET 05 OZ,2485 EGLINTON AVE W,5,110,Keelesdale-Eglinton West,Under Review,proposed,500,31226,101,2024-03-04,http://app.toronto.ca/AIC/index.do?folderRsn=yOYsiQnfYQ2FqktZ5tyC0A%3D%3D,-79.468544,43.689358
17 214838 NNY 10 OZ,30 TIPPETT RD,6,033,Clanton Park,Built,built,517,36584.5,1055.5,2017-08-11,http://app.toronto.ca/AIC/index.do?folderRsn=%2BfehXTYEAWEA%2Bp4px4qxbg%3D%3D,-79.448335,43.731418
21 250653 ESC 21 SA,330 PROGRESS AVE,21,156,Bendale-Glen Andrew,Active,active,0,,7819,2021-12-21,http://app.toronto.ca/AIC/index.do?folderRsn=vYxCD4ECwYdJVyjUc4KCCg%3D%3D,-79.268692,43.775
21 173802 WET 07 SA,4700 KEELE ST,7,027,York University Heights,Active,active,0,,702,2021-06-21,http://app.toronto.ca/AIC/index.do?folderRsn=pWZNnjnlJ3oSfaoekwPCBQ%3D%3D,-79.502536,43.77142
16 106847 WET 02 SA,24 BETHRIDGE RD,1,001,West Humber-Clairville,Active,active,0,,1197.6,2016-01-21,http://app.toronto.ca/AIC/index.do?folderRsn=Wo7dP2pMvj7Cl1aJTkOnVA%3D%3D,-79.570447,43.70705
17 278454 WET 05 OZ,1045 THE QUEENSWAY,3,159,Etobicoke City Centre,Active,active,321,22290,715,2017-12-21,http://app.toronto.ca/AIC/index.do?folderRsn=pMF6awwfYjEQUsOG16hNeg%3D%3D,-79.518302,43.62043
22 124214 STE 13 OZ,239 DUNDAS ST E,13,073,Moss Park,Active,active,630,36601,149,2022-03-18,http://app.toronto.ca/AIC/index.do?folderRsn=pIdDarxWXh5kap0IoXhw0Q%3D%3D,-79.37292,43.655786
24 242246 NNY 08 OZ,250 BOWIE AVE,8,108,Briar Hill-Belgravia,Under Review,proposed,2390,155421,23477,2024-11-22,http://app.toronto.ca/AIC/index.do?folderRsn=TwWZp9z1bs2N6bKPUWO8UA%3D%3D,-79.464261,43.693436
19 251072 NNY 18 OZ,5995 YONGE ST,18,036,Newtonbrook West,Active,active,536,33668,511,2019-11-19,http://app.toronto.ca/AIC/index.do?folderRsn=A%2FSJHP6E06QnUZp5ScGGyQ%3D%3D,-79.417642,43.786883
15 171595 STE 32 OZ,847 KINGSTON RD,19,063,The Beaches,Under Review,proposed,99,6823.4,371.2,2015-06-10,http://app.toronto.ca/AIC/index.do?folderRsn=Zh5tYIrFI%2FbO0RCB0ie2hQ%3D%3D,-79.291539,43.678017
23 106476 STE 11 SA,70 ST GEORGE ST,11,160,Mimico-Queensway,Active,active,0,,2767,2023-01-23,http://app.toronto.ca/AIC/index.do?folderRsn=UPplxHFwWMqk%2FqqxfI0M0Q%3D%3D,-79.503907,43.613419
20 226916 STE 11 OZ,49 JACKES AVE,11,098,Rosedale-Moore Park,Active,active,217,15576.68,,2020-12-08,http://app.toronto.ca/AIC/index.do?folderRsn=nDTSDkpx54gG1QfbotD2gw%3D%3D,-79.390606,43.68337
12 130868 STE 19 OZ,89-109 NIAGARA ST,10,163,Fort York-Liberty Village,Built,built,345,27463.33,1846.11,2012-03-02,,-79.403349,43.63942
21 175097 STE 09 OZ,1500 ST CLAIR AVE W,9,091,Weston-Pelham Park,Active,active,776,47739,1208,2021-06-23,http://app.toronto.ca/AIC/index.do?folderRsn=tfdFLZajVH1Bbe5c%2FA6IDA%3D%3D,-79.455405,43.673652
21 130074 STE 19 SA,20 BRACEBRIDGE AVE,19,060,Woodbine-Lumsden,Built,built,59,3075.3,,2021-03-22,http://app.toronto.ca/AIC/index.do?folderRsn=Lldu%2B5P%2FeR%2FcnNjIO9tYeQ%3D%3D,-79.316928,43.696392
20 232411 WET 01 SA,230 REXDALE BLVD,1,001,West Humber-Clairville,Active,active,0,,1116,2020-12-20,http://app.toronto.ca/AIC/index.do?folderRsn=luvpv6RMesgXLAmHf2DX6w%3D%3D,-79.576695,43.711272
16 202229 STE 27 OZ,5 DALE AVE,11,074,North St.James Town,Built,built,26,7898,,2016-08-05,http://app.toronto.ca/AIC/index.do?folderRsn=QpWnsV0YzuxeSx9mDO4E%2FA%3D%3D,-79.373523,43.671831
22 152202 ESC 25 OZ,875 MORNINGSIDE AVE,25,,,Active,active,0,,9641.46,2022-05-26,http://app.toronto.ca/AIC/index.do?folderRsn=%2BmC6T36MuxocFfP%2FKQ7AnQ%3D%3D,-79.194489,43.788905
20 210682 NNY 06 OZ,1755 STEELES AVE W,6,034,Bathurst Manor,Built,built,0,,2750,2020-10-26,http://app.toronto.ca/AIC/index.do?folderRsn=ZrTuZd4CuYtcnwWEcyQM7g%3D%3D,-79.462878,43.782672
10 230564 ESC 37 SA,1500 BIRCHMOUNT RD,21,119,Wexford/Maryvale,Active,active,0,,26477,2010-07-29,,-79.290517,43.754532
21 252450 STE 11 OZ,30 SCOLLARD ST,11,095,Annex,Active,active,79,11812,5041,2021-12-31,http://app.toronto.ca/AIC/index.do?folderRsn=PJRSkk4rBG8nQTImaALjiQ%3D%3D,-79.389323,43.670565
21 244563 WET 03 SA,355 HORNER AVE,3,020,Alderwood,Built,built,0,,2214,2021-12-03,http://app.toronto.ca/AIC/index.do?folderRsn=gdiDy3lB6WfO3ue9ove3gQ%3D%3D,-79.529826,43.601351
15 226388 STE 20 OZ,500 DUPONT ST,11,095,Annex,Built,built,155,10262,1175,2015-09-22,http://app.toronto.ca/AIC/index.do?folderRsn=Pjfnynv2jYhLnfsGgJ3kIg%3D%3D,-79.416115,43.671331
11 310776 STE 20 OZ,375 QUEEN ST W,10,164,Wellington Place,Built,built,0,,8097,2011-11-16,,-79.394007,43.646936
19 173835 NNY 06 SA,103 OVERBROOK PL,6,034,Bathurst Manor,Built,built,0,,952.94,2019-06-18,http://app.toronto.ca/AIC/index.do?folderRsn=JkV00BujEPTEblvIcqYN1A%3D%3D,-79.454275,43.760858
19 100745 WET 03 SA,165 STANLEY AVE,3,160,Mimico-Queensway,Built,built,0,,4012,2019-01-03,http://app.toronto.ca/AIC/index.do?folderRsn=br13F3ejS6y4tUHnkizOyQ%3D%3D,-79.49649,43.612291
21 171253 STE 10 OZ,241 RICHMOND ST W,10,164,Wellington Place,Active,active,479,34907,594,2021-06-16,http://app.toronto.ca/AIC/index.do?folderRsn=P0QEKJtf%2FWsu3UA8O07UFw%3D%3D,-79.390633,43.647055
22 189610 WET 03 SA,430 KIPLING AVE,3,160,Mimico-Queensway,Active,active,0,,100.96,2022-08-12,http://app.toronto.ca/AIC/index.do?folderRsn=TjJflL3VEy10y%2BwWfB8Z7Q%3D%3D,-79.521028,43.6044
15 134245 STE 27 OZ,225 JARVIS ST,13,168,Downtown Yonge East,Active,active,580,42027,13038,2015-03-30,,-79.374003,43.654472
20 185015 ESC 20 SA,3212 ST CLAIR AVE E,20,120,Clairlea-Birchmount,Active,active,0,,98.84,2020-08-25,http://app.toronto.ca/AIC/index.do?folderRsn=zTBj7%2Bm4jE8YsrKiTHV1AA%3D%3D,-79.290914,43.708215
22 127475 STE 12 SA,43 MILLWOOD RD,12,174,South Eglinton-Davisville,Active,active,0,,3563,2022-03-28,http://app.toronto.ca/AIC/index.do?folderRsn=6cdPbdw5I84XkCO4yHorLg%3D%3D,-79.395099,43.697287
18 131107 WET 05 OZ,1629 THE QUEENSWAY,3,020,Alderwood,Built,built,0,,8907,2018-03-19,http://app.toronto.ca/AIC/index.do?folderRsn=wxJy3gYyCy2c5tHpy3jeyw%3D%3D,-79.544846,43.614229
23 229538 NNY 15 OZ,1 SANDFIELD RD,15,042,Banbury-Don Mills,Active,active,7,2628.79,,2023-11-24,http://app.toronto.ca/AIC/index.do?folderRsn=3%2BcpL7dJGuf9p%2FtpF84t6Q%3D%3D,-79.374659,43.748313
24 146352 NNY 18 OZ,4696 YONGE ST,18,038,Lansing-Westgate,Under Review,proposed,536,35311.1,718.8,2024-05-09,http://app.toronto.ca/AIC/index.do?folderRsn=vHrMNeHROBYOw15Nz5UGvA%3D%3D,-79.410628,43.756913
16 193617 NNY 25 SA,1095 LESLIE ST,16,042,Banbury-Don Mills,Built,built,640,65917,,2016-07-19,http://app.toronto.ca/AIC/index.do?folderRsn=yi9unzX8LdCR9yqSRclZjg%3D%3D,-79.349018,43.717358
13 225676 STE 27 OZ,81 WELLESLEY ST E,13,167,Church-Wellesley,Built,built,179,14831,78.3,2013-08-23,,-79.380438,43.663667
20 229848 NNY 06 SA,655 SUPERTEST RD,6,027,York University Heights,Built,built,0,,25052.94,2020-12-16,http://app.toronto.ca/AIC/index.do?folderRsn=nsqdwzQS6oDvVzwtDJk3%2FQ%3D%3D,-79.476852,43.773493
12 110573 STE 27 OZ,308 JARVIS ST,13,168,Downtown Yonge East,Built,built,489,32091.5,242.7,2012-01-23,,-79.376919,43.659634
20 193619 STE 12 OZ,185 BALLIOL ST,12,099,Mount Pleasant East,Active,active,442,32203,136,2020-09-15,http://app.toronto.ca/AIC/index.do?folderRsn=Kx8hqOORKykGYxu6Qdpcqg%3D%3D,-79.391162,43.696322
11 184731 STE 22 OZ,281 AVENUE RD,12,095,Annex,Built,built,36,6595,,2011-04-29,,-79.398219,43.676886
19 186473 STE 19 OZ,9 DAWES RD,19,062,East End-Danforth,Active,active,769,48037,1518,2019-07-10,http://app.toronto.ca/AIC/index.do?folderRsn=icu%2BnAg6FBY0nyTugiv75A%3D%3D,-79.296904,43.68671
23 216438 STE 14 OZ,356 EASTERN AVE,14,,,Under Review,proposed,160,12610,1151,2023-10-19,http://app.toronto.ca/AIC/index.do?folderRsn=kX%2FEyvkYtNwH5ZZBs1OAjw%3D%3D,,
20 233568 WET 03 OZ,36 FIELDWAY RD,3,159,Etobicoke City Centre,Active,active,135,8032.2,,2020-12-23,http://app.toronto.ca/AIC/index.do?folderRsn=UE%2FWR8cUl1frsaQcBStfZQ%3D%3D,-79.529002,43.639814
22 213984 WET 03 SA,2150 LAKE SHORE BLVD W,3,161,Humber Bay Shores,Under Review,proposed,0,,2943,2022-10-06,http://app.toronto.ca/AIC/index.do?folderRsn=KA1i7VSde%2BLyMd%2F9LxUjLg%3D%3D,-79.48043,43.623563
21 251207 NNY 15 OZ,133 ERSKINE AVE,15,173,North Toronto,Active,active,366,23730,94,2021-12-23,http://app.toronto.ca/AIC/index.do?folderRsn=96sw3sWHEa7JHmGpw8u9UA%3D%3D,-79.394295,43.709898
22 168994 WET 01 OZ,2422 ISLINGTON AVE,1,004,Rexdale-Kipling,Active,active,449,27147.3,616.8,2022-06-28,http://app.toronto.ca/AIC/index.do?folderRsn=9M9Wey8AVENW9gmaXqZ3dw%3D%3D,-79.559536,43.721254
22 135811 WET 01 OZ,1 ADRIATIC RD,1,006,Kingsview Village-The Westway,Active,active,947,64249.5,,2022-04-19,http://app.toronto.ca/AIC/index.do?folderRsn=DRTOw7Dzseb9bvL4l4bSpA%3D%3D,-79.549941,43.702922
23 143925 ESC 24 OZ,7 CENTRE ST,24,139,Scarborough Village,Active,active,335,20781,386,2023-05-10,http://app.toronto.ca/AIC/index.do?folderRsn=1Apw3od1v170RPqCzy9XTQ%3D%3D,-79.220277,43.741349
21 229471 NNY 15 OZ,390-400 WOODSWORTH RD,15,040,St.Andrew-Windfields,Active,active,603,47729,,2021-10-22,http://app.toronto.ca/AIC/index.do?folderRsn=x6Roz1lsaelBpKdNIhlaKw%3D%3D,-79.363154,43.757929
22 242149 WET 02 OZ,530 THE EAST MALL,2,158,Islington,Active,active,1095,84053.9,,2022-12-23,http://app.toronto.ca/AIC/index.do?folderRsn=ek0lpkWe6wE9KI7cgeJjgA%3D%3D,-79.563404,43.649536
22 242920 NNY 18 OZ,120 SHEPPARD AVE W,18,038,Lansing-Westgate,Active,active,30,3227.4,,2022-12-28,http://app.toronto.ca/AIC/index.do?folderRsn=Pqmef2Ojd5annVLz5Ga6rQ%3D%3D,-79.41745,43.760322
17 267100 STE 14 OZ,2639 DUNDAS ST W,4,088,High Park North,Built,built,111,8228,,2017-11-24,http://app.toronto.ca/AIC/index.do?folderRsn=E736OyMZfj0HAmBfLGTI4w%3D%3D,-79.458499,43.661697
20 158233 NNY 18 OZ,6080 YONGE ST,18,036,Newtonbrook West,Active,active,247,19355.49,654.07,2020-06-19,http://app.toronto.ca/AIC/index.do?folderRsn=EuKt1ZlE9L15XQQpeDfBgQ%3D%3D,-79.419579,43.788743
21 226193 STE 11 OZ,452 BATHURST ST,11,081,Trinity-Bellwoods,Active,active,61,5564,396,2021-10-15,http://app.toronto.ca/AIC/index.do?folderRsn=BsmsED53ucgt5A0J9vppvQ%3D%3D,-79.408027,43.653408
19 264742 NNY 18 OZ,1 KENTON DR,18,035,Westminster-Branson,Built,built,0,,1373.4,2019-12-24,http://app.toronto.ca/AIC/index.do?folderRsn=Gv63INIoTwlHoDlhqPRcFw%3D%3D,-79.443863,43.775947
22 210813 NNY 15 OZ,1840 BAYVIEW AVE,15,099,Mount Pleasant East,Under Review,proposed,303,20077,387,2022-09-29,http://app.toronto.ca/AIC/index.do?folderRsn=mtkFHEe1aUh0EWBDYtzFbg%3D%3D,-79.378255,43.711565
21 125114 ESC 25 OZ,1050 MILITARY TRL,25,134,Highland Creek,Active,active,0,,3118,2021-03-10,http://app.toronto.ca/AIC/index.do?folderRsn=T8yJvSslSMOhNt0YzgMWmg%3D%3D,-79.190247,43.785966
22 138769 STE 14 OZ,26 COSBURN AVE,14,057,Broadview North,Active,active,299,19263.3,,2022-04-26,http://app.toronto.ca/AIC/index.do?folderRsn=sKfOvRtWRJTTenMZR%2FYAhg%3D%3D,-79.354081,43.686666
16 228363 NNY 24 SA,1750 FINCH AVE E,17,047,Don Valley Village,Built,built,0,,25579,2016-09-26,http://app.toronto.ca/DevelopmentApplications/associatedApplicationsList.do?action=init&folderRsn=4034832&isCofASearch=false,-79.34919,43.79379
24 226520 NNY 16 SA,20 LESMILL RD,16,042,Banbury-Don Mills,Under Review,proposed,0,,33916.45,2024-10-15,http://app.toronto.ca/AIC/index.do?folderRsn=2UbP3as6gnRN8W0RxBIu8g%3D%3D,-79.353298,43.754512
20 165481 WET 03 SA,1599 THE QUEENSWAY,3,,,Active,active,0,,3217,2020-07-09,http://app.toronto.ca/AIC/index.do?folderRsn=kMnrh4AY5RKaZAZmTQRvmA%3D%3D,-79.542945,43.614976
22 208860 STE 11 OZ,18 ELM ST,11,170,Yonge-Bay Corridor,Under Review,proposed,247,19605,362,2022-09-26,http://app.toronto.ca/AIC/index.do?folderRsn=rVk0JL9JpNZhQFe08AU3SQ%3D%3D,-79.382946,43.655897
17 116378 STE 27 OZ,319 JARVIS ST,13,168,Downtown Yonge East,Built,built,596,32609,,2017-02-13,http://app.toronto.ca/AIC/index.do?folderRsn=PbIjo2yMP8SBITr3TrnLog%3D%3D,-79.375449,43.65784
22 201229 STE 10 OZ,952 KING ST W,10,163,Fort York-Liberty Village,Active,active,227,14845,182,2022-09-08,http://app.toronto.ca/AIC/index.do?folderRsn=or5kMCsfWer5JhGbeqdpzQ%3D%3D,-79.412676,43.640248
18 146118 WET 11 SA,1234 WESTON RD,5,115,Mount Dennis,Built,built,0,,1841,2018-04-19,http://app.toronto.ca/DevelopmentApplications/associatedApplicationsList.do?action=init&folderRsn=4356910&isCofASearch=false,-79.493394,43.686103
15 227717 NNY 25 OZ,169 THE DONWAY  W,16,,,Active,active,570,40674,1731,2015-09-24,http://app.toronto.ca/AIC/index.do?folderRsn=V4%2Be112mNPyTmhqsjMpxNQ%3D%3D,,
19 240046 NNY 18 SA,360 HOLLYWOOD AVE,18,152,East Willowdale,Built,built,0,,2099,2019-10-23,http://app.toronto.ca/AIC/index.do?folderRsn=DSaRndDO71ftoY48dofjvg%3D%3D,-79.392031,43.768528
24 252698 WET 01 SA,2100 ALBION RD,1,001,West Humber-Clairville,Under Review,proposed,0,,5023.7,2024-12-20,http://app.toronto.ca/AIC/index.do?folderRsn=J0H%2F5CEguGh7X2DPBX7Evw%3D%3D,-79.634025,43.745957
22 233864 STE 10 OZ,955 LAKE SHORE BLVD W,10,163,Fort York-Liberty Village,Under Review,proposed,0,,61342,2022-11-28,http://app.toronto.ca/AIC/index.do?folderRsn=5ITL%2FwmGIK2m7nw0914YBA%3D%3D,-79.414458,43.628415
21 211444 WET 07 OZ,15 TORYORK DR,7,022,Humbermede,Active,active,1275,93646,1173,2021-09-12,http://app.toronto.ca/AIC/index.do?folderRsn=K8VMW65Dxy2YDRRmKkY27A%3D%3D,-79.543912,43.750596
21 171081 ESC 20 OZ,3095 EGLINTON AVE E,20,139,Scarborough Village,Active,active,171,9665.34,342,2021-06-15,http://app.toronto.ca/AIC/index.do?folderRsn=r4S2agC2VVt%2Bc2P9zMgIxQ%3D%3D,-79.225828,43.739432
17 264041 STE 19 OZ,2 TECUMSETH ST,10,163,Fort York-Liberty Village,Active,active,1217,81828,14014,2017-11-17,http://app.toronto.ca/AIC/index.do?folderRsn=HxGo4q5EvU0Uo3680%2BVnOA%3D%3D,-79.405432,43.639296
24 253096 WET 07 OZ,2450 FINCH AVE W,7,022,Humbermede,Under Review,proposed,998,58581,14645,2024-12-23,http://app.toronto.ca/AIC/index.do?folderRsn=K7t7My1VM9b2A1TUC5xGDg%3D%3D,-79.554394,43.747967
18 272227 WET 03 OZ,150 EIGHTH ST,3,018,New Toronto,Active,active,56,4988,,2018-12-27,http://app.toronto.ca/AIC/index.do?folderRsn=r2hI8G%2Bd4pALeXK0kDDg0Q%3D%3D,-79.507793,43.600155
24 253468 WET 02 OZ,10-21 FOUR SEASONS PL,2,158,Islington,Under Review,proposed,1021,83697.05,,2024-12-24,http://app.toronto.ca/AIC/index.do?folderRsn=QwT9wGyL%2Fib8wSnGnAxW7Q%3D%3D,-79.562109,43.645261
18 255250 ESC 36 OZ,2880 KINGSTON RD,20,123,Cliffcrest,Active,active,138,8937.3,294.8,2018-11-12,http://app.toronto.ca/AIC/index.do?folderRsn=a8%2BqOH87EcVWId%2BuVhmuLg%3D%3D,-79.235951,43.720702
21 207592 STE 11 OZ,110 AVENUE RD,11,095,Annex,Active,active,74,6257,303,2021-09-02,http://app.toronto.ca/AIC/index.do?folderRsn=bu3tqLak9d2Vp7Bz2mPfrg%3D%3D,-79.39663,43.671611
22 138879 WET 07 OZ,3350 WESTON RD,7,022,Humbermede,Active,active,190,13063,,2022-04-27,http://app.toronto.ca/AIC/index.do?folderRsn=2fSlfIoyAZ3dheAXJ8ZOWw%3D%3D,-79.541747,43.743563
25 109841 STE 13 OZ,383 KING ST E,13,,,Under Review,proposed,2410,182868,9612,2025-01-28,,,
25 112588 STE 10 OZ,1 ATLANTIC AVE,10,,,Under Review,proposed,1448,107045,8053,2025-02-04,,,
18 269905 ESC 20 OZ,2746 KINGSTON RD,20,123,Cliffcrest,Active,active,558,35175.3,,2018-12-18,http://app.toronto.ca/AIC/index.do?folderRsn=PlaWOQVpNyQG%2FOyi30Ib0Q%3D%3D,-79.239635,43.71793
20 169076 WET 03 OZ,2 EAST MALL CRES,3,159,Etobicoke City Centre,Active,active,606,39956.43,325.19,2020-07-17,http://app.toronto.ca/AIC/index.do?folderRsn=ySzTS2uwomhp5oCMp7ItJQ%3D%3D,-79.551201,43.62883
22 241654 STE 19 OZ,2681 DANFORTH AVE,19,062,East End-Danforth,Under Review,proposed,1050,72665.3,12216,2022-12-21,http://app.toronto.ca/AIC/index.do?folderRsn=L4EZYk2mJLf%2BBBc1yfTbfA%3D%3D,-79.299097,43.686372
19 208733 ESC 21 OZ,1900 EGLINTON AVE E,21,120,Clairlea-Birchmount,Active,active,5529,453255,39396,2019-08-20,http://app.toronto.ca/AIC/index.do?folderRsn=la2POCkkaigw9%2F6pixvLtA%3D%3D,-79.294112,43.725487
21 134156 ESC 20 OZ,54 GLEN EVEREST RD,20,122,Birchcliffe-Cliffside,Active,active,414,33061,,2021-03-30,http://app.toronto.ca/AIC/index.do?folderRsn=o3HOlWHSfXQ%2FoqbVhvj93g%3D%3D,-79.253418,43.700046
19 195542 STE 11 OZ,315 SPADINA AVE,11,078,Kensington-Chinatown,Active,active,219,14554.19,877.24,2019-07-25,http://app.toronto.ca/AIC/index.do?folderRsn=xtFSAgqxTrem%2FrkrDY%2B0%2Fw%3D%3D,-79.398345,43.65222
23 119677 WET 03 SA,430 ROYAL YORK RD,3,160,Mimico-Queensway,Under Review,proposed,54,2825.5,111.1,2023-03-03,http://app.toronto.ca/AIC/index.do?folderRsn=y9EXR1YaD68zoZHaIZOvgw%3D%3D,-79.500727,43.6187
24 201112 NNY 06 OZ,2 TIPPETT RD,6,032,Englemount-Lawrence,Under Review,proposed,417,24926,,2024-08-20,http://app.toronto.ca/AIC/index.do?folderRsn=pX23kPo%2FGWZVTuK8f8NrBg%3D%3D,-79.447033,43.729904
25 102468 STE 13 OZ,239 YONGE ST,13,170,Yonge-Bay Corridor,Under Review,proposed,774,48451,787,2025-01-08,http://app.toronto.ca/AIC/index.do?folderRsn=vIEyyJ1ub4ctmO0Cbl004g%3D%3D,-79.38013,43.652891
23 124224 STE 10 OZ,317 DUNDAS ST W,10,078,Kensington-Chinatown,Active,active,0,,4448,2023-03-17,http://app.toronto.ca/AIC/index.do?folderRsn=9SahmGjRE3FoawcxHAmS2g%3D%3D,-79.392772,43.651521
22 202864 STE 11 OZ,17 ELM ST,11,170,Yonge-Bay Corridor,Under Review,proposed,216,13541,303,2022-09-13,http://app.toronto.ca/AIC/index.do?folderRsn=cYrEy6AWNB3ajFJs8EAboA%3D%3D,-79.382766,43.655487
22 208392 ESC 20 SA,1891 EGLINTON AVE E,20,120,Clairlea-Birchmount,Under Review,proposed,1080,64747,3745,2022-09-25,http://app.toronto.ca/AIC/index.do?folderRsn=HrFKua0XJh02aSjLjsETiQ%3D%3D,-79.296054,43.722943
19 120011 NNY 15 OZ,1410 BAYVIEW AVE,15,099,Mount Pleasant East,Built,built,57,6190,147,2019-02-27,http://app.toronto.ca/AIC/index.do?folderRsn=kt%2BF%2BzFx5UDY%2BPpLH5IEkw%3D%3D,-79.373986,43.699428
17 245539 STE 20 SA,440 FRONT ST W,10,165,Harbourfront-CityPlace,Built,built,99,17073.1,,2017-10-10,http://app.toronto.ca/AIC/index.do?folderRsn=ipg631AEzCKj53lKFl3GfQ%3D%3D,-79.394653,43.641272
19 187348 WET 03 OZ,25 THE WEST MALL,3,159,Etobicoke City Centre,Active,active,2382,184381,114702,2019-07-11,http://app.toronto.ca/AIC/index.do?folderRsn=PXG8GIbS%2BWRhu4bBrz0jkw%3D%3D,-79.557405,43.609957
25 104642 ESC 22 OZ,3195 SHEPPARD AVE E,22,118,Tam O'Shanter-Sullivan,Under Review,proposed,241,21033.71,,2025-01-14,http://app.toronto.ca/AIC/index.do?folderRsn=pNaOkjBrl67jgFHYlN06ZA%3D%3D,-79.312579,43.775529
21 239751 STE 12 OZ,569 CHRISTIE ST,12,094,Wychwood,Active,active,16,2346,,2021-11-19,http://app.toronto.ca/AIC/index.do?folderRsn=krAqm77Za2pHdmfa6mBpJg%3D%3D,-79.424372,43.676999
16 247312 WET 03 OZ,555 THE WEST MALL,2,013,Etobicoke West Mall,Active,active,249,16565,50,2016-11-04,http://app.toronto.ca/AIC/index.do?folderRsn=xMzToJOgZGlFWQR%2Bz3yTXQ%3D%3D,-79.570702,43.650252
17 275276 STE 20 OZ,96 SPADINA AVE,10,164,Wellington Place,Active,active,0,,21600,2017-12-13,http://app.toronto.ca/AIC/index.do?folderRsn=EWdqwz%2FPaxZqoUPjbJ%2FTKg%3D%3D,-79.395936,43.644384
13 241316 NNY 09 OZ,3100 KEELE ST,6,155,Downsview,Built,built,363,28108.3,94.8,2013-09-25,,-79.486208,43.737889
13 278533 WET 11 OZ,6 LLOYD AVE,5,090,Junction Area,Under Review,proposed,1033,60537,5081,2013-12-16,,-79.46566,43.669795
24 143269 WET 03 OZ,4875 DUNDAS ST W,3,159,Etobicoke City Centre,Under Review,proposed,488,33458,461,2024-05-02,http://app.toronto.ca/AIC/index.do?folderRsn=WkX1PJlyEw9V%2BVmfhYB7Ug%3D%3D,-79.52773,43.64755
22 111623 ESC 25 SA,895 X MILNER AVE,25,144,Morningside Heights,Built,built,0,,9503,2022-02-07,http://app.toronto.ca/AIC/index.do?folderRsn=AvabbmIy4I8EtMleTaSrkQ%3D%3D,-79.191387,43.797488
24 178354 NNY 06 OZ,20 DE BOERS DR,6,155,Downsview,Under Review,proposed,1759,103732,120,2024-07-10,http://app.toronto.ca/AIC/index.do?folderRsn=WJHpw9k%2FLLgaDW1U6iBe9g%3D%3D,-79.465445,43.749942
11 243742 STE 20 OZ,156 FRONT ST W,10,165,Harbourfront-CityPlace,Built,built,0,,115515,2011-07-22,,-79.384473,43.643164
12 105985 WET 02 SA,165 GALAXY BLVD,1,001,West Humber-Clairville,Built,built,0,,14114,2012-01-13,,-79.585212,43.677886
21 249697 STE 11 OZ,83 BLOOR ST W,11,169,Bay-Cloverhill,Active,active,1081,64615,1650,2021-12-17,http://app.toronto.ca/AIC/index.do?folderRsn=Uq56p3%2Fcl40nbu3PysV3%2Fg%3D%3D,-79.39057,43.667282
21 234785 ESC 25 SA,4626 KINGSTON RD,25,136,West Hill,Built,built,86,3696.6,,2021-11-05,http://app.toronto.ca/AIC/index.do?folderRsn=ehR36gnNdbFq%2BV0fz8v%2Bgg%3D%3D,-79.18033,43.77314
21 222665 NNY 06 SA,5830 BATHURST ST,6,035,Westminster-Branson,Active,active,0,,5280,2021-10-06,http://app.toronto.ca/AIC/index.do?folderRsn=yAwtnwZD7hA95t79Ir%2F3OA%3D%3D,-79.444951,43.777309
16 232831 STE 28 OZ,254 KING ST E,13,166,St Lawrence-East Bayfront-The Islands,Active,active,925,70324,5441,2016-10-04,http://app.toronto.ca/AIC/index.do?folderRsn=svig9HTu2ZKX3T31MyvoFw%3D%3D,-79.366649,43.649946
05 204847 STE 20 OZ,99 BLUE JAYS WAY,10,,,Built,built,543,32738,479,2005-11-23,,,
22 229720 STE 13 OZ,295 JARVIS ST,13,168,Downtown Yonge East,Active,active,477,30346,,2022-11-15,http://app.toronto.ca/AIC/index.do?folderRsn=xw5l%2Fj79i30sVf9vOp273A%3D%3D,-79.374987,43.656907
22 226874 STE 19 SA,1408 VICTORIA PARK AVE,19,043,Victoria Village,Under Review,proposed,438,30773.3,1109.1,2022-11-07,http://app.toronto.ca/AIC/index.do?folderRsn=KjTmIGn48%2FHWwRS8eMad8g%3D%3D,-79.301085,43.717135
17 190765 STE 32 OZ,286 MAIN ST,19,062,East End-Danforth,Built,built,371,26305.3,1468.3,2017-06-30,http://app.toronto.ca/AIC/index.do?folderRsn=wtqLQTEp7BoDc1BnkAvAww%3D%3D,-79.302067,43.685479
21 251851 NNY 08 OZ,515 COLDSTREAM AVE,8,032,Englemount-Lawrence,Active,active,0,,1547.83,2021-12-29,http://app.toronto.ca/AIC/index.do?folderRsn=5j7WheS0TDYqos3GPCz1bw%3D%3D,-79.430269,43.712584
25 111321 ESC 20 SA,110-120 MACK AVE,20,121,Oakridge,Under Review,proposed,0,,4850,2025-01-31,http://app.toronto.ca/AIC/index.do?folderRsn=xw118hKsSVSG1jedubg3mA%3D%3D,-79.268341,43.699345
22 177066 NNY 15 OZ,2 GLAZEBROOK AVE,15,099,Mount Pleasant East,Active,active,428,28268.7,557,2022-07-14,http://app.toronto.ca/AIC/index.do?folderRsn=u3lv%2FdqCRE6kLoVvxIUIbA%3D%3D,-79.378768,43.711506
21 235582 NNY 18 OZ,68 CHURCHILL AVE,18,037,Willowdale West,Active,active,49,7909,,2021-11-08,http://app.toronto.ca/AIC/index.do?folderRsn=sQqcEwAymaB4km8yHq1N%2Fw%3D%3D,-79.419008,43.770567
20 145765 ESC 25 OZ,1050 MILITARY TRL,25,134,Highland Creek,Built,built,0,,14928.5,2020-05-15,http://app.toronto.ca/AIC/index.do?folderRsn=u26QpCKg0sLPvVDZ%2BQKewA%3D%3D,-79.190199,43.785875
20 226357 STE 10 OZ,240 ADELAIDE ST W,10,164,Wellington Place,Active,active,415,30864,8113,2020-12-07,http://app.toronto.ca/AIC/index.do?folderRsn=kAxXR3hw2%2FZmByF96Y02eg%3D%3D,-79.38875,43.646452
15 225699 WET 01 OZ,1155 ALBION RD,1,003,Thistletown-Beaumond Heights,Active,active,86,5359,,2015-09-21,,-79.568676,43.735518
22 217986 WET 02 OZ,210 MARKLAND DR,2,012,Markland Wood,Active,active,484,37093,328,2022-10-17,http://app.toronto.ca/AIC/index.do?folderRsn=kT%2F3y8m%2FeHZpOx49ICtUyA%3D%3D,-79.580085,43.628199
21 196875 STE 09 OZ,1799 ST CLAIR AVE W,9,090,Junction Area,Under Review,proposed,1174,93034.4,10699,2021-08-11,http://app.toronto.ca/AIC/index.do?folderRsn=oZqSDCVpP5qWZUD%2BiLtqJQ%3D%3D,-79.463984,43.670812
24 123646 STE 19 OZ,90 EASTDALE AVE,19,061,Taylor-Massey,Active,active,547,38806,,2024-03-08,http://app.toronto.ca/AIC/index.do?folderRsn=RehUeFAvbwH5UNv71hfqvw%3D%3D,-79.300722,43.691381
19 115474 STE 11 OZ,95 ST JOSEPH ST,11,169,Bay-Cloverhill,Active,active,446,23281,24201,2019-02-14,http://app.toronto.ca/AIC/index.do?folderRsn=Wx87TTsQChV56m1E0A0LFA%3D%3D,-79.388732,43.663047
21 200781 WET 01 SA,248 REXDALE BLVD,1,001,West Humber-Clairville,Active,active,0,,813.2,2021-08-18,http://app.toronto.ca/AIC/index.do?folderRsn=mUXIE6RAA4Sg%2BcxnY0NmXw%3D%3D,-79.578913,43.711511
15 270565 STE 21 OZ,1996 BATHURST ST,12,106,Humewood-Cedarvale,Built,built,112,9108.1,,2015-12-30,http://app.toronto.ca/DevelopmentApplications/associatedApplicationsList.do?action=init&folderRsn=3881225&isCofASearch=false,-79.425398,43.697131
20 222158 STE 09 SA,300 GEARY AVE,9,171,Junction-Wallace Emerson,Active,active,0,,2724.9,2020-11-24,http://app.toronto.ca/AIC/index.do?folderRsn=DJdKvlYx6ZPvxzSSgWV2uA%3D%3D,-79.441686,43.66734
18 149422 STE 30 OZ,1151 QUEEN ST E,14,070,South Riverdale,Built,built,47,3554,360,2018-04-26,http://app.toronto.ca/AIC/index.do?folderRsn=xw6vFM2R8%2Bo38TnxHwpdiQ%3D%3D,-79.334072,43.660145
20 145731 WET 01 SA,801 DIXON RD,1,001,West Humber-Clairville,Under Review,proposed,0,,21019,2020-05-15,http://app.toronto.ca/AIC/index.do?folderRsn=bCoUALl2biXG8Dg525dDlQ%3D%3D,-79.587889,43.684782
20 196316 ESC 20 OZ,2151 KINGSTON RD,20,122,Birchcliffe-Cliffside,Active,active,156,11543.48,,2020-09-21,http://app.toronto.ca/AIC/index.do?folderRsn=gj%2F8316y2fUqG5SlztIhSw%3D%3D,-79.25404,43.699312
25 115073 WET 01 SA,1755 ALBION RD,1,001,West Humber-Clairville,Under Review,proposed,0,,292.3,2025-02-10,http://app.toronto.ca/AIC/index.do?folderRsn=9QzaBg5b0qz31Lk1QP7Mtg%3D%3D,-79.607049,43.741696
20 146488 WET 03 OZ,2150 LAKE SHORE BLVD W,3,161,Humber Bay Shores,Under Review,proposed,7629,581009,118370,2020-05-19,http://app.toronto.ca/AIC/index.do?folderRsn=Is%2FW09g2rB%2Fk%2BVwnj4yrrw%3D%3D,-79.48043,43.623563
20 188104 NNY 17 OZ,630 FINCH AVE E,17,052,Bayview Village,Active,active,168,31419.43,916.57,2020-09-01,http://app.toronto.ca/AIC/index.do?folderRsn=DqWRlIj7VuhpqQZ3YtYuNg%3D%3D,-79.380722,43.785874
21 168610 NNY 08 OZ,3280 DUFFERIN ST,8,031,Yorkdale-Glen Park,Active,active,424,27893,332,2021-06-10,http://app.toronto.ca/AIC/index.do?folderRsn=C%2FC2QCtO8hiSb7PSBtkiGg%3D%3D,-79.456893,43.718735
24 118280 NNY 08 OZ,12-14 BENTWORTH AVE,8,031,Yorkdale-Glen Park,Active,active,137,8405.6,,2024-02-23,http://app.toronto.ca/AIC/index.do?folderRsn=D3ZMIJSXKUfIl7zA1TrXww%3D%3D,-79.458224,43.719741
17 245560 STE 20 SA,440 FRONT ST W,10,165,Harbourfront-CityPlace,Built,built,659,51915,,2017-10-10,http://app.toronto.ca/AIC/index.do?folderRsn=XSlNpuyZkQpsd1i7luTiew%3D%3D,-79.396259,43.640834
13 131300 ESC 40 OZ,2933 SHEPPARD AVE E,22,118,Tam O'Shanter-Sullivan,Active,active,170,13883,299,2013-03-11,,-79.321493,43.773426
25 117375 STE 14 SA,885 PAPE AVE,14,067,Playter Estates-Danforth,Under Review,proposed,0,,6462,2025-02-14,http://app.toronto.ca/AIC/index.do?folderRsn=GEIJqmnjEyXq%2BRpoUd%2FAJg%3D%3D,-79.346631,43.682056
18 254623 STE 20 OZ,210 BLOOR ST W,11,079,University,Active,active,42,15766,100,2018-11-09,http://app.toronto.ca/AIC/index.do?folderRsn=UXC9p1qgrh2RDWGmSeCE7g%3D%3D,-79.396247,43.666659
19 238309 NNY 18 OZ,298 NEWTON DR,18,050,Newtonbrook East,Active,active,6,1035.44,,2019-10-18,http://app.toronto.ca/AIC/index.do?folderRsn=XuahFl3Vntcae1ND4%2BLMgA%3D%3D,-79.395831,43.797276
22 226856 STE 19 SA,1400 VICTORIA PARK AVE,19,043,Victoria Village,Under Review,proposed,513,35854,1862.1,2022-11-07,http://app.toronto.ca/AIC/index.do?folderRsn=phQ3iSia1nq88InlKX%2B%2BpQ%3D%3D,-79.300998,43.71671
22 186164 STE 12 OZ,775 VAUGHAN RD,12,107,Oakwood Village,Active,active,498,29201,509,2022-08-04,http://app.toronto.ca/AIC/index.do?folderRsn=pNWyD2XJqPHyF9Gu4zn8BA%3D%3D,-79.44758,43.693018
17 277975 STE 18 OZ,57 WADE AVE,9,083,Dufferin Grove,Active,active,0,,14080,2017-12-20,http://app.toronto.ca/AIC/index.do?folderRsn=UYNtkgk6qUhpw5T2uAvGAw%3D%3D,-79.445716,43.656962
22 110042 NNY 08 OZ,699 LAWRENCE AVE W,8,031,Yorkdale-Glen Park,Active,active,388,22645.28,141.51,2022-02-02,http://app.toronto.ca/AIC/index.do?folderRsn=AUghUFX2BpjrV6rGKKhGbg%3D%3D,-79.447347,43.713206
23 227998 NNY 06 OZ,665 SHEPPARD AVE W,6,033,Clanton Park,Active,active,279,16769.64,151.32,2023-11-20,http://app.toronto.ca/AIC/index.do?folderRsn=oIjzFctF%2BgqnznFAIb94%2Bg%3D%3D,-79.442438,43.7525
24 250727 STE 14 SA,797 QUEEN ST E,14,070,South Riverdale,Under Review,proposed,0,,4018,2024-12-16,http://app.toronto.ca/AIC/index.do?folderRsn=JUg4l2txVMWx%2Fen4tbGzyA%3D%3D,-79.346388,43.657495
18 247908 ESC 37 SA,1 GOLDEN GATE CRT,21,156,Bendale-Glen Andrew,Active,active,0,,1582.8,2018-10-25,http://app.toronto.ca/AIC/index.do?folderRsn=UqQ7d8Hoom%2FeDVWT39DFUA%3D%3D,-79.266163,43.76888
19 115906 STE 10 OZ,689 KING ST W,10,162,West Queen West,Active,active,0,,13459.96,2019-02-15,http://app.toronto.ca/AIC/index.do?folderRsn=KMmai1Sn5Vi23pycLuk6nQ%3D%3D,-79.40369,43.641541
21 146414 STE 04 OZ,6 HOWARD PARK AVE,4,086,Roncesvalles,Active,active,130,8000,294,2021-04-27,http://app.toronto.ca/AIC/index.do?folderRsn=N7IlJmRinsCCzrkAn4wzgg%3D%3D,-79.4491,43.650173
21 185510 NNY 18 OZ,10 OAKBURN CRES,18,153,Avondale,Active,active,581,37586.98,,2021-07-16,http://app.toronto.ca/AIC/index.do?folderRsn=f1f412GvJWJYbEzIAVFUGA%3D%3D,-79.403907,43.757005
18 133144 ESC 35 SA,681 WARDEN AVE,20,121,Oakridge,Active,active,0,,4430,2018-03-22,http://app.toronto.ca/AIC/index.do?folderRsn=%2BspRobeZYPvGrMytWVa3eg%3D%3D,-79.277867,43.704075
22 192793 NNY 08 OZ,589 LAWRENCE AVE W,8,032,Englemount-Lawrence,Active,active,16,2456.69,1467.85,2022-08-18,http://app.toronto.ca/AIC/index.do?folderRsn=OhfWZZg2%2FJf4IkmEZZ7Shg%3D%3D,-79.43756,43.71536
22 203669 NNY 08 OZ,3309 DUFFERIN ST,8,031,Yorkdale-Glen Park,Active,active,194,12276,472,2022-09-14,http://app.toronto.ca/AIC/index.do?folderRsn=QQWZoifb%2BlZlo%2FufVg41Nw%3D%3D,-79.456405,43.720546
19 252405 WET 03 OZ,8 JOPLING AVE S,3,158,Islington,Active,active,746,52513,939,2019-11-22,http://app.toronto.ca/AIC/index.do?folderRsn=hp5ygfdMR1cA%2B4FBmT2MGQ%3D%3D,-79.539496,43.638153
22 204512 STE 14 OZ,685 LAKE SHORE BLVD E,14,070,South Riverdale,Under Review,proposed,1602,105088,4263,2022-09-16,http://app.toronto.ca/AIC/index.do?folderRsn=vpYzek8JXYiaOF6xF1wI1A%3D%3D,-79.343331,43.64988
18 206938 NNY 08 SA,5 SHOREHAM DR,7,024,Black Creek,Built,built,0,,7251,2018-08-09,http://app.toronto.ca/AIC/index.do?folderRsn=muvMyrtF8rEjRtiKrtTW4A%3D%3D,-79.513765,43.768998
19 228343 NNY 17 SA,2135 SHEPPARD AVE E,17,053,Henry Farm,Built,built,516,32350.44,,2019-09-27,http://app.toronto.ca/AIC/index.do?folderRsn=tL3%2BuL1JMAJkLk0K9tgKYQ%3D%3D,-79.332938,43.771965
21 233980 NNY 15 OZ,1837 BAYVIEW AVE,15,099,Mount Pleasant East,Active,active,300,19262,262,2021-11-04,http://app.toronto.ca/AIC/index.do?folderRsn=Ku9al2emaBlgcHoklo9ghA%3D%3D,-79.377346,43.711321
24 181288 STE 12 OZ,1 THELMA AVE,12,101,Forest Hill South,Active,active,24,5737,,2024-07-16,http://app.toronto.ca/AIC/index.do?folderRsn=uTwI5yTfaI1VaOXJX8g%2BDQ%3D%3D,-79.412521,43.687386
18 144553 STE 27 OZ,55 CHARLES ST E,13,167,Church-Wellesley,Built,built,665,46135,,2018-04-16,http://app.toronto.ca/AIC/index.do?folderRsn=u2SsJk3UVSr6hF9ul3A0eg%3D%3D,-79.383731,43.666902
17 130136 STE 22 SA,7 EGLINTON AVE E,12,174,South Eglinton-Davisville,Built,built,0,,2380,2017-03-17,http://app.toronto.ca/AIC/index.do?folderRsn=0O2iijtFlKGtLtYwz7ZRkw%3D%3D,-79.397476,43.7047
22 116509 WET 07 OZ,1 YORK GATE BLVD,7,025,Glenfield-Jane Heights,Active,active,305,21209,,2022-02-23,http://app.toronto.ca/AIC/index.do?folderRsn=uO5cKwzLB06R%2FJa%2B0v4F4w%3D%3D,-79.519637,43.756509
17 150315 STE 22 OZ,75 BROADWAY AVE,12,173,North Toronto,Built,built,336,24831,,2017-04-27,http://app.toronto.ca/AIC/index.do?folderRsn=G7e6gqbL35E%2FnQdv9awYXw%3D%3D,-79.394809,43.707963
17 208710 NNY 33 SA,2500 SHEPPARD AVE E,17,053,Henry Farm,Built,built,0,,292.8,2017-07-31,http://app.toronto.ca/AIC/index.do?folderRsn=uKHOV3cSYoRWjtnrM2U2rw%3D%3D,-79.324042,43.773526
21 117250 WET 05 SA,380 WESTON RD,5,111,Rockcliffe-Smythe,Active,active,0,,270,2021-02-17,http://app.toronto.ca/AIC/index.do?folderRsn=iz6573nB09BY2HwDqHxyzw%3D%3D,-79.476084,43.67843
21 119571 NNY 06 OZ,1350 SHEPPARD AVE W,6,027,York University Heights,Active,active,4000,126400,13600,2021-02-24,http://app.toronto.ca/AIC/index.do?folderRsn=9zx7PQAdnp5KxeSXFdsXXg%3D%3D,-79.486617,43.745397
24 135633 NNY 17 OZ,567 SHEPPARD AVE E,17,052,Bayview Village,Under Review,proposed,1115,70468,6671.1,2024-04-12,http://app.toronto.ca/AIC/index.do?folderRsn=DTEMfPFQbjpMlrEN5hj7Jw%3D%3D,-79.386978,43.763884
24 226502 STE 13 OZ,506 CHURCH ST,13,167,Church-Wellesley,Under Review,proposed,574,35615,1001,2024-10-15,http://app.toronto.ca/AIC/index.do?folderRsn=OTIITatetUjvkhbhxHuTDA%3D%3D,-79.380835,43.662111
22 243075 STE 10 SA,723 QUEEN ST W,10,162,West Queen West,Active,active,0,,1318.5,2022-12-29,http://app.toronto.ca/AIC/index.do?folderRsn=HKKLdv%2B6kleutu60HLCfjw%3D%3D,-79.406479,43.644526
19 132479 NNY 06 OZ,1100 SHEPPARD AVE W,6,155,Downsview,Built,built,422,28028,,2019-03-29,http://app.toronto.ca/AIC/index.do?folderRsn=8yC4aUhpAJ9IZAFcoBtEtA%3D%3D,-79.465445,43.749942
25 125834 STE 12 SA,191 EGLINTON AVE E,12,174,South Eglinton-Davisville,Under Review,proposed,544,32370,3349,2025-03-06,http://app.toronto.ca/AIC/index.do?folderRsn=ggJHcHXZLSP%2B0EFaMVawbw%3D%3D,-79.391862,43.705864
13 158583 NNY 34 OZ,200 DAVID DUNLAP CRCL,16,042,Banbury-Don Mills,Active,active,63,10732.28,,2013-04-29,,-79.333442,43.727461
22 109825 NNY 06 SA,200 WILMINGTON AVE,6,034,Bathurst Manor,Built,built,0,,1542,2022-02-01,http://app.toronto.ca/AIC/index.do?folderRsn=z%2FkHkueCcKUdRXLkUjXF%2FA%3D%3D,-79.457412,43.759905
22 217053 NNY 17 OZ,720 SHEPPARD AVE E,17,052,Bayview Village,Under Review,proposed,705,54700.77,1221.88,2022-10-14,http://www.toronto.ca/690-720SheppardAveE,-79.379142,43.767031
23 197062 ESC 21 SA,90 MIKE MYERS DR,21,126,Dorset Park,Active,active,0,,8743,2023-09-01,http://app.toronto.ca/AIC/index.do?folderRsn=ULqqEV8FEBVbC4YSID9p3g%3D%3D,-79.273288,43.747207
25 128145 ESC 24 SA,66 DEARHAM WOOD,24,140,Guildwood,Under Review,proposed,0,,4208,2025-03-12,http://app.toronto.ca/AIC/index.do?folderRsn=K1KfaknzoYFkOgyHIi%2F2tA%3D%3D,-79.187689,43.751668
15 271011 ESC 44 OZ,6480 KINGSTON RD,25,133,Centennial Scarborough,Active,active,12,2252.4,,2016-01-06,http://app.toronto.ca/AIC/index.do?folderRsn=5UeFwAT%2B0dWO4aHojDV1kQ%3D%3D,-79.156841,43.790626
20 163200 ESC 22 OZ,3459-3471 SHEPPARD AVE E,22,118,Tam O'Shanter-Sullivan,Active,active,235,17037,782,2020-07-03,http://app.toronto.ca/AIC/index.do?folderRsn=fAPbfJhHRE2PygmNGgvyNw%3D%3D,-79.305136,43.777193
22 194896 STE 12 OZ,536 ST CLAIR AVE W,12,094,Wychwood,Active,active,355,19642,204,2022-08-23,http://app.toronto.ca/AIC/index.do?folderRsn=lPCU4YB2SSZvteTwkz3czQ%3D%3D,-79.420215,43.681032
18 149736 STE 28 SA,261 QUEENS QUAY  E,10,166,St Lawrence-East Bayfront-The Islands,Built,built,241,38565,4013,2018-04-27,http://app.toronto.ca/AIC/index.do?folderRsn=ECvQYj3dKUAR8CX6HzmHmQ%3D%3D,-79.361492,43.644348
21 145759 WET 07 SA,0 WESTON RD,7,021,Humber Summit,Built,built,0,,3812,2021-04-26,http://app.toronto.ca/AIC/index.do?folderRsn=uznrQ94fuwXJ%2BJgc8O2kfA%3D%3D,-79.545795,43.761377
16 189765 ESC 42 OZ,1771 MARKHAM RD,23,128,Agincourt South-Malvern West,Under Review,proposed,334,27516,,2016-07-13,http://app.toronto.ca/AIC/index.do?folderRsn=TfiUs7ypEeS46pblQotAdQ%3D%3D,-79.2392,43.792697
21 117870 ESC 20 SA,2217 KINGSTON RD,20,122,Birchcliffe-Cliffside,Active,active,12,748.4,827.122,2021-02-17,http://app.toronto.ca/AIC/index.do?folderRsn=bOnohL6KYbZ6WlpNATNbuw%3D%3D,-79.252801,43.701729
16 199339 STE 28 SA,255 BERKELEY ST,13,073,Moss Park,Under Review,proposed,3,518.59,,2016-07-29,http://app.toronto.ca/AIC/index.do?folderRsn=CC5sybhWMA%2Bc84eVuPb9hQ%3D%3D,-79.367049,43.656383
20 222554 STE 09 SA,30 POWERHOUSE ST,9,171,Junction-Wallace Emerson,Active,active,7,788,2481,2020-11-25,http://app.toronto.ca/AIC/index.do?folderRsn=2SoWITTVGBzS0ayS5PHGTw%3D%3D,-79.449008,43.668008
23 115908 WET 03 SA,140 THE QUEENSWAY,3,016,Stonegate-Queensway,Active,active,38,2052,,2023-02-21,http://app.toronto.ca/AIC/index.do?folderRsn=DE9V0Bd3aNfGgpdRdhZ7Gg%3D%3D,-79.483783,43.628732
23 142940 NNY 17 SA,575 VAN HORNE AVE,17,046,Pleasant View,Active,active,0,,274.7,2023-05-08,http://app.toronto.ca/AIC/index.do?folderRsn=a1W4SrXrowiM3h99m4%2BOgQ%3D%3D,-79.335648,43.785571
22 140160 STE 09 SA,1141 BLOOR ST W,9,083,Dufferin Grove,Active,active,262,22900,950,2022-04-29,http://app.toronto.ca/AIC/index.do?folderRsn=XrV9Z5Ey4JGnYgsbyQE8mQ%3D%3D,-79.438335,43.656172
19 211934 STE 12 OZ,1601 BATHURST ST,12,106,Humewood-Cedarvale,Under Review,proposed,74,5456,,2019-08-26,http://app.toronto.ca/AIC/index.do?folderRsn=JjjziqdyLqrywWBvXIXh3g%3D%3D,-79.420682,43.68721
15 170337 WET 06 OZ,3526 LAKE SHORE BLVD W,3,019,Long Branch,Active,active,509,50149,1004,2015-06-08,http://app.toronto.ca/AIC/index.do?folderRsn=F8CDFk%2FRTc2uiUqmr91D%2Bw%3D%3D,-79.532764,43.593695
14 190900 ESC 36 SA,1316 KINGSTON RD,20,122,Birchcliffe-Cliffside,Built,built,32,3252,249,2014-07-15,http://app.toronto.ca/AIC/index.do?folderRsn=36jVpumN58Q1I57HSndy4A%3D%3D,-79.275622,43.683041
22 171439 STE 09 SA,1120 OSSINGTON AVE,9,172,Dovercourt Village,Built,built,26,657,,2022-07-04,http://app.toronto.ca/AIC/index.do?folderRsn=9PeH6Om8PKf%2FAfVzjSwvSA%3D%3D,-79.430385,43.669941
22 140172 STE 09 SA,1141 BLOOR ST W,9,083,Dufferin Grove,Active,active,413,30144,3172,2022-04-29,http://app.toronto.ca/AIC/index.do?folderRsn=sSTHvTkHa3Q7HlDtUVuy5g%3D%3D,-79.438335,43.656172
23 171311 NNY 18 OZ,10 ABITIBI AVE,18,050,Newtonbrook East,Under Review,proposed,516,33272.2,160,2023-07-07,http://app.toronto.ca/AIC/index.do?folderRsn=KlWs7VyP4KuGDQJcc6dWjQ%3D%3D,-79.418463,43.794831
22 192723 STE 13 OZ,100 LOMBARD ST,13,168,Downtown Yonge East,Under Review,proposed,480,34205,4467,2022-08-18,http://app.toronto.ca/AIC/index.do?folderRsn=Mcf4kL9S%2F8Dytud4yZYmrw%3D%3D,-79.373892,43.650375
11 327900 STE 28 OZ,25 ONTARIO ST,13,166,St Lawrence-East Bayfront-The Islands,Built,built,0,,43178,2011-12-19,http://app.toronto.ca/AIC/index.do?folderRsn=HpuVxftDjndR8ZFVUnoyeg%3D%3D,-79.366291,43.650418
24 171445 NNY 18 OZ,104 FINCH AVE E,18,152,East Willowdale,Active,active,201,12312.17,438.83,2024-06-27,http://app.toronto.ca/AIC/index.do?folderRsn=cDdvov6r%2BARJOm3mY5nawg%3D%3D,-79.408188,43.779656
21 186964 ESC 21 OZ,30 GILDER DR,21,,,Active,active,341,19331.05,,2021-07-20,http://app.toronto.ca/AIC/index.do?folderRsn=2PNBVxD6L7F9yUW87po95Q%3D%3D,,
25 101390 NNY 08 OZ,726 MARLEE AVE,8,031,Yorkdale-Glen Park,Under Review,proposed,329,22423.1,364.6,2025-01-06,http://app.toronto.ca/AIC/index.do?folderRsn=NDSMx%2BKXL6wFODkdIibO0g%3D%3D,-79.445379,43.709672
19 114180 STE 13 OZ,193 CHURCH ST,13,168,Downtown Yonge East,Built,built,484,26552,1448,2019-02-11,http://app.toronto.ca/AIC/index.do?folderRsn=2QxkXnIHZLgN5eTUXdonfw%3D%3D,-79.376713,43.653493
20 212119 WET 05 OZ,349 QUEENS DR,5,028,Rustic,Active,active,28,6968,,2020-10-28,http://app.toronto.ca/AIC/index.do?folderRsn=gRS0gikmZ9mEwKXdIO4JXA%3D%3D,-79.501142,43.706055
23 123486 STE 14 SA,75 BASIN ST,14,070,South Riverdale,Active,active,0,,43504,2023-03-15,http://app.toronto.ca/AIC/index.do?folderRsn=njlRxsiDOMwpqoR16UDjqw%3D%3D,-79.335469,43.649106
13 139456 STE 22 SA,2190 YONGE ST,12,174,South Eglinton-Davisville,Built,built,0,,1059.6,2013-03-24,http://app.toronto.ca/AIC/index.do?folderRsn=EfcpbHAgAnclyyGA0bRrRA%3D%3D,-79.397624,43.705211
18 270817 WET 03 OZ,25 MABELLE AVE,3,159,Etobicoke City Centre,Active,active,580,39531,79,2018-12-20,http://app.toronto.ca/AIC/index.do?folderRsn=%2Bz5T4NuVaMBXHryKmakZAQ%3D%3D,-79.526704,43.643586
23 216060 STE 10 OZ,80 LYNN WILLIAMS ST,10,163,Fort York-Liberty Village,Active,active,520,36877,933,2023-10-18,http://app.toronto.ca/AIC/index.do?folderRsn=G2NmuAXzzPN62%2FOiD2pPDA%3D%3D,-79.416834,43.637176
16 228717 STE 20 OZ,502 ADELAIDE ST W,10,164,Wellington Place,Built,built,116,9481.88,271.36,2016-09-26,http://app.toronto.ca/AIC/index.do?folderRsn=bHPRX7fM6VqsoDaTLtwSNA%3D%3D,-79.400608,43.644026
16 231334 STE 18 OZ,1245 DUPONT ST,9,171,Junction-Wallace Emerson,Active,active,3613,257813,29206,2016-09-30,http://app.toronto.ca/AIC/index.do?folderRsn=0%2Fyx2um5BtBnyCORuXS95Q%3D%3D,-79.441956,43.66552
22 192262 NNY 08 SA,85 CARMICHAEL AVE,8,039,Bedford Park-Nortown,Active,active,0,,1075,2022-08-17,http://app.toronto.ca/AIC/index.do?folderRsn=84FBmWllNBDqr8MvkzIIfg%3D%3D,-79.426826,43.733839
18 150969 STE 20 OZ,250 DUNDAS ST W,11,078,Kensington-Chinatown,Active,active,719,44365,254,2018-04-30,http://app.toronto.ca/AIC/index.do?folderRsn=xMjVZI2PayJ1coWOjB22EA%3D%3D,-79.389997,43.652819
22 219770 ESC 20 OZ,2759 KINGSTON RD,20,123,Cliffcrest,Active,active,95,6408.5,433,2022-10-20,http://app.toronto.ca/AIC/index.do?folderRsn=vgE245hmyo5IJ3ADti6EVw%3D%3D,-79.23901,43.716928
21 249539 WET 02 SA,300-304 THE EAST MALL,2,159,Etobicoke City Centre,Active,active,641,43082,,2021-12-17,http://app.toronto.ca/AIC/index.do?folderRsn=5xD%2FoVgCzEu7%2FHO79eqmKA%3D%3D,-79.557725,43.635488
23 174306 WET 05 OZ,2 DENARDA ST,5,115,Mount Dennis,Under Review,proposed,531,30887,,2023-07-14,http://app.toronto.ca/AIC/index.do?folderRsn=M%2FjUs1XFvv8w1Ov0isrP5g%3D%3D,-79.493239,43.686796
23 174322 WET 05 OZ,5 DENARDA ST,5,115,Mount Dennis,Under Review,proposed,521,31160,,2023-07-14,http://app.toronto.ca/AIC/index.do?folderRsn=3pWsjfg4mJ%2Fq1MEietIs8A%3D%3D,-79.492682,43.686754
24 136731 WET 07 SA,500 FENMAR DR,7,021,Humber Summit,Active,active,0,,10425,2024-04-16,http://app.toronto.ca/AIC/index.do?folderRsn=ZaErFt%2FFI5G4BhTaMtPlQg%3D%3D,-79.55663,43.761463
18 246984 STE 21 OZ,2010-2012 BATHURST ST,12,106,Humewood-Cedarvale,Built,built,25,4676,,2018-10-23,http://app.toronto.ca/AIC/index.do?folderRsn=vNe5%2B4FrZ%2BQ2%2F4SAsRw%2BNQ%3D%3D,-79.425801,43.698268
19 149036 NNY 18 OZ,765 STEELES AVE W,18,036,Newtonbrook West,Active,active,296,23280,1082,2019-05-03,http://app.toronto.ca/AIC/index.do?folderRsn=ki7gM6TWmgOkdS4DhGLTHQ%3D%3D,-79.442996,43.790389
24 185909 NNY 08 OZ,250 VIEWMOUNT AVE,8,031,Yorkdale-Glen Park,Under Review,proposed,477,31648.27,,2024-07-23,http://app.toronto.ca/AIC/index.do?folderRsn=s6giOGVvcdmc6MqrR1lEhw%3D%3D,-79.441514,43.705815
21 153596 ESC 21 SA,2222 EGLINTON AVE E,21,125,Ionview,Active,active,0,,5088.1,2021-05-12,http://app.toronto.ca/AIC/index.do?folderRsn=eVaKO73U5X5c1pFPa7eNMA%3D%3D,-79.277314,43.728806
23 205213 WET 01 SA,400 CARLINGVIEW DR,1,001,West Humber-Clairville,Active,active,0,,3169,2023-09-21,http://app.toronto.ca/AIC/index.do?folderRsn=o%2B4cQI0JJTnMyxccN26tLA%3D%3D,-79.600652,43.694088
16 271669 ESC 37 OZ,971 WARDEN AVE,21,119,Wexford/Maryvale,Built,built,26,5419,,2016-12-29,http://app.toronto.ca/DevelopmentApplications/associatedApplicationsList.do?action=init&folderRsn=4086255&isCofASearch=false,-79.290851,43.734135
18 106120 NNY 23 OZ,5400 YONGE ST,18,037,Willowdale West,Active,active,533,29011.44,517.92,2018-01-17,http://app.toronto.ca/AIC/index.do?folderRsn=93yCTwJCF9X5mvoZ3MU%2FWw%3D%3D,-79.414859,43.772676
21 205810 WET 03 OZ,56 FIELDWAY RD,3,159,Etobicoke City Centre,Active,active,1340,92466,1536,2021-08-30,http://app.toronto.ca/AIC/index.do?folderRsn=c6YnX4wQNjAWtlyuQH02rA%3D%3D,-79.530111,43.638909
18 149995 WET 13 SA,34-50 SOUTHPORT ST,4,087,High Park-Swansea,Active,active,345,23376,1300,2018-04-27,http://app.toronto.ca/AIC/index.do?folderRsn=VAeFOJgGa5ESQR0TTBzRng%3D%3D,-79.47295,43.636342
19 232191 ESC 23 SA,260 INGLETON BLVD,23,130,Milliken,Built,built,0,,2460.35,2019-10-04,http://app.toronto.ca/AIC/index.do?folderRsn=0TjDGObWI8Zc6O9Lmw1qKg%3D%3D,-79.267062,43.825408
25 137857 ESC 24 SA,3122 EGLINTON AVE E,24,139,Scarborough Village,Under Review,proposed,0,,1988.02,2025-04-01,http://app.toronto.ca/AIC/index.do?folderRsn=fDEpwAL6Ea1rC%2FSyrlIfuA%3D%3D,-79.226161,43.740238
25 139649 NNY 15 SA,14 BROADWAY AVE,15,173,North Toronto,Under Review,proposed,0,,10079,2025-04-04,http://app.toronto.ca/AIC/index.do?folderRsn=wtD38It7FMGD4PcGPz5MoQ%3D%3D,-79.397802,43.70821
15 266578 NNY 24 SA,3125 STEELES AVE E,17,048,Hillcrest Village,Active,active,0,,21516,2015-12-17,,-79.344517,43.812678
23 237080 STE 10 OZ,1117-1125 DUNDAS ST W,10,081,Trinity-Bellwoods,Active,active,94,5763,194,2023-12-19,http://app.toronto.ca/AIC/index.do?folderRsn=DWmSVBKCr96BsfslHBL3Jw%3D%3D,-79.420058,43.647212
24 203066 ESC 23 SA,3880 MCNICOLL AVE,23,144,Morningside Heights,Under Review,proposed,0,,8967.97,2024-08-23,http://app.toronto.ca/AIC/index.do?folderRsn=xRJ8Q05da2ATkOnOH9YMjQ%3D%3D,-79.236981,43.824805
25 141826 NNY 08 OZ,15 ROMAR CRES,8,108,Briar Hill-Belgravia,Under Review,proposed,857,54708,,2025-04-09,http://app.toronto.ca/AIC/index.do?folderRsn=DL3%2BQLrQaTJaBmMt8BLjzw%3D%3D,-79.441291,43.704449
13 282160 ESC 42 SA,165 TAPSCOTT RD,23,145,Malvern West,Built,built,298,24560.96,,2013-12-31,http://app.toronto.ca/AIC/index.do?folderRsn=rrjsttTkAE1b5q1MTlaorQ%3D%3D,-79.226086,43.803083
17 132489 STE 31 SA,1165 O'CONNOR DR,19,054,O'Connor-Parkview,Active,active,20,2311,,2017-03-22,http://app.toronto.ca/AIC/index.do?folderRsn=1TEH8ICWq10Nd%2FG6fd1nMQ%3D%3D,-79.307514,43.710151
24 198168 STE 11 OZ,35 BELLEVUE AVE,11,078,Kensington-Chinatown,Active,active,78,4090,,2024-08-14,http://app.toronto.ca/AIC/index.do?folderRsn=r6k2rfuK2ajNks%2F0bDmR5A%3D%3D,-79.403273,43.652258
23 211752 STE 14 SA,1411 QUEEN ST E,14,063,The Beaches,Active,active,0,,1333.94,2023-10-06,http://app.toronto.ca/AIC/index.do?folderRsn=MDHYMacQByfDtTWpTQjmkw%3D%3D,-79.322895,43.661839
11 261965 STE 20 OZ,24 MERCER ST,10,164,Wellington Place,Active,active,13,2441,408,2011-08-23,,-79.390887,43.643848
21 143597 ESC 23 OZ,3315 MIDLAND AVE,23,130,Milliken,Under Review,proposed,50,5542,,2021-04-20,http://app.toronto.ca/AIC/index.do?folderRsn=AzfsBwO1K8t8Jn2jbuVu%2Bg%3D%3D,-79.288651,43.805407
20 216675 ESC 23 OZ,4415-4419 SHEPPARD AVE E,23,128,Agincourt South-Malvern West,Active,active,239,16848.3,325.5,2020-11-09,http://app.toronto.ca/AIC/index.do?folderRsn=x4OpjgpAVvbFHxaDAj9LOg%3D%3D,-79.2687,43.785349
16 268817 WET 05 SA,5365 DUNDAS ST W,3,159,Etobicoke City Centre,Built,built,519,32823,1113,2016-12-20,http://app.toronto.ca/AIC/index.do?folderRsn=%2FfT0XCSzwkfA2OWsf5U2Ww%3D%3D,-79.540654,43.633197
16 148149 WET 13 OZ,2452 BLOOR ST W,4,087,High Park-Swansea,Active,active,186,18470,4938,2016-04-29,http://app.toronto.ca/AIC/index.do?folderRsn=ONqRrnyM7oImjnFtWMiVlA%3D%3D,-79.485198,43.64725
22 196279 STE 19 OZ,2575 DANFORTH AVE,19,062,East End-Danforth,Under Review,proposed,1649,122067,1439,2022-08-26,http://app.toronto.ca/AIC/index.do?folderRsn=HOIqFMxLUwZ5uAo7Rjye5Q%3D%3D,-79.300523,43.686203
20 227397 ESC 22 SA,321 SILVER STAR BLVD,22,130,Milliken,Built,built,0,,11414.4,2020-12-09,http://app.toronto.ca/AIC/index.do?folderRsn=CEBpUmMQ5sdMRidtqT64iw%3D%3D,-79.294314,43.811451
25 145839 STE 19 OZ,4 NEWBOLD AVE,19,064,Woodbine Corridor,Under Review,proposed,70,3833.59,,2025-04-16,http://app.toronto.ca/AIC/index.do?folderRsn=Xal0HAYiqxB8zwrpmofBDQ%3D%3D,-79.318362,43.673381
23 120166 WET 03 SA,230 ROYAL YORK RD,3,160,Mimico-Queensway,Active,active,60,2872.739,78.05,2023-03-06,http://app.toronto.ca/AIC/index.do?folderRsn=I1I6EGDjCaIZhDvKk0tc6w%3D%3D,-79.497699,43.611262
16 263364 NNY 25 OZ,14 ELVINA GDNS,15,173,North Toronto,Active,active,7,1668.34,,2016-12-12,http://app.toronto.ca/AIC/index.do?folderRsn=qp3gHH3DNBsVaWJnu00%2B%2BA%3D%3D,-79.391138,43.710011
20 192411 STE 11 OZ,334 BLOOR ST W,11,079,University,Active,active,407,28146,7918,2020-09-11,http://app.toronto.ca/AIC/index.do?folderRsn=e3rkdgh7SXRhedpMuluyZw%3D%3D,-79.404453,43.66484
17 235778 NNY 16 OZ,368 BRIAR HILL AVE,8,103,Lawrence Park South,Built,built,7,1433.77,,2017-09-20,http://app.toronto.ca/AIC/index.do?folderRsn=dwjGccdS0uqyVqAPwQeVXA%3D%3D,-79.411447,43.709525
24 238364 STE 09 OZ,1153 QUEEN ST W,9,085,South Parkdale,Under Review,proposed,357,24080.1,762.7,2024-11-13,http://app.toronto.ca/AIC/index.do?folderRsn=FwiHQXD7I7M5U5rCQ2k6nQ%3D%3D,-79.42506,43.640687
24 120936 STE 14 OZ,1117 DANFORTH AVE,14,069,Blake-Jones,Active,active,108,6944,,2024-03-01,http://app.toronto.ca/AIC/index.do?folderRsn=MkFCAWD19jYe28mSvks9lQ%3D%3D,-79.334293,43.678795
23 175768 STE 11 OZ,64 PRINCE ARTHUR AVE,11,079,University,Active,active,94,6588,36,2023-07-17,http://app.toronto.ca/AIC/index.do?folderRsn=XVWOj9TCfyTJEGIBgKhyWg%3D%3D,-79.399581,43.667273
22 225744 STE 19 OZ,8 DAWES RD,19,062,East End-Danforth,Under Review,proposed,579,35748,225,2022-11-03,http://app.toronto.ca/AIC/index.do?folderRsn=XJjTg5HRPZrUW7jJqHZhrQ%3D%3D,-79.296958,43.685502
10 182677 STE 20 OZ,327 KING ST W,10,164,Wellington Place,Built,built,327,22660.04,478.86,2010-05-26,http://app.toronto.ca/AIC/index.do?folderRsn=5w2kU7vv01ocEztJ%2BklTNw%3D%3D,-79.391342,43.644166
22 198121 STE 12 OZ,1220 YONGE ST,12,095,Annex,Active,active,270,20449,320,2022-08-31,http://app.toronto.ca/AIC/index.do?folderRsn=A8WayjY2nRrKyjAszLx37g%3D%3D,-79.392091,43.679964
19 204347 STE 10 OZ,325 FRONT ST W,10,165,Harbourfront-CityPlace,Active,active,1793,146954,144236,2019-08-12,http://app.toronto.ca/AIC/index.do?folderRsn=HjoVzkD3hfi%2BvHro1X%2BNRg%3D%3D,-79.390032,43.641281
24 243620 STE 10 OZ,111 PETER ST,10,164,Wellington Place,Active,active,852,56029.42,1569.32,2024-11-26,http://app.toronto.ca/AIC/index.do?folderRsn=w%2BGFlAPqVmZH%2FNl2spHy6g%3D%3D,-79.392785,43.645971
22 233150 NNY 16 OZ,150 THE DONWAY  W,16,042,Banbury-Don Mills,Active,active,230,17512,,2022-11-25,http://app.toronto.ca/AIC/index.do?folderRsn=sDEzoZjSvW4PzeB4OSSv%2Fg%3D%3D,-79.347829,43.731401
24 164540 NNY 16 OZ,1 BROADLANDS BLVD,16,,,Active,active,21,1183.4,,2024-06-13,http://app.toronto.ca/AIC/index.do?folderRsn=MinKhYzBJ3jDqfNzAP%2FURA%3D%3D,,
21 235872 STE 09 OZ,2 UNION ST,9,090,Junction Area,Under Review,proposed,1364,91425,6496,2021-11-09,http://app.toronto.ca/AIC/index.do?folderRsn=Zqcsd2uP80kc9Goy%2FHW%2Bhw%3D%3D,-79.467066,43.673447
24 169956 STE 09 OZ,0 STERLING RD,9,086,Roncesvalles,Active,active,349,22323.1,1340.1,2024-06-25,http://app.toronto.ca/AIC/index.do?folderRsn=Gb3o%2BSWKv5cbBxEtRRoE3A%3D%3D,-79.44579,43.652463
19 250319 STE 09 SA,158 STERLING RD,9,086,Roncesvalles,Built,built,0,,27125.2,2019-11-18,http://app.toronto.ca/AIC/index.do?folderRsn=xCte7KCtUfwz6CdLfV5w5w%3D%3D,-79.445925,43.652458
13 163706 NNY 23 OZ,3052 BAYVIEW AVE,18,152,East Willowdale,Built,built,7,1873.6,,2013-05-07,,-79.391182,43.775793
25 148966 ESC 22 SA,2900 FINCH AVE E,22,046,Pleasant View,Under Review,proposed,0,,288.1,2025-04-24,http://app.toronto.ca/AIC/index.do?folderRsn=GwsdALaV0C8%2FIePmite5ZQ%3D%3D,-79.331183,43.791859
24 163313 STE 12 OZ,54 BROWNLOW AVE,12,174,South Eglinton-Davisville,Active,active,718,47257,,2024-06-11,http://app.toronto.ca/AIC/index.do?folderRsn=uDq1XSeEpv8eOPYqWpHhPg%3D%3D,-79.391575,43.705024
22 192156 STE 11 OZ,522 UNIVERSITY AVE,11,078,Kensington-Chinatown,Active,active,579,33570,9553,2022-08-17,http://app.toronto.ca/AIC/index.do?folderRsn=J92NxUv5cgNF2c1v9LAA3g%3D%3D,-79.389583,43.653928
22 240161 WET 02 SA,100 ALLANHURST DR,2,009,Edenbridge-Humber Valley,Active,active,0,,6396,2022-12-16,http://app.toronto.ca/AIC/index.do?folderRsn=Zi5zbBcwqUEV%2FUjsnwABRA%3D%3D,-79.519673,43.678159
22 180913 NNY 16 OZ,895 LAWRENCE AVE E,16,042,Banbury-Don Mills,Under Review,proposed,1194,75634,492.26,2022-07-22,http://app.toronto.ca/AIC/index.do?folderRsn=6y6bvB1JNfFsZoowMDqF4g%3D%3D,-79.347713,43.733769
15 261197 WET 12 SA,3500 EGLINTON AVE W,5,,,Built,built,0,,24311,2015-12-05,http://app.toronto.ca/AIC/index.do?folderRsn=Vk1LNnGvfW1uuGCjrC0r1w%3D%3D,-79.487302,43.687569
12 148473 STE 30 OZ,462 EASTERN AVE,14,070,South Riverdale,Built,built,285,23182,1063,2012-03-30,http://app.toronto.ca/AIC/index.do?folderRsn=97ptmDpUoq5fLPQblKpN6Q%3D%3D,-79.342393,43.655898
20 233181 WET 03 OZ,3741-3751 BLOOR ST W,3,159,Etobicoke City Centre,Active,active,0,,44753,2020-12-22,http://app.toronto.ca/AIC/index.do?folderRsn=n%2BABtNNXKB2kDR3ITw1eKg%3D%3D,-79.533344,43.639727
16 118667 STE 27 OZ,771 YONGE ST,11,169,Bay-Cloverhill,Built,built,202,13473,197,2016-02-19,http://app.toronto.ca/AIC/index.do?folderRsn=aSrYOgvv5Oy0VCgQJI85tA%3D%3D,-79.387107,43.669202
15 162810 STE 20 SA,350 DAVENPORT RD,11,095,Annex,Active,active,6,1275,117,2015-05-26,http://app.toronto.ca/AIC/index.do?folderRsn=4uL9rz5Yu2gw4ratqD81uw%3D%3D,-79.401599,43.673453
18 259789 WET 17 SA,861 ST CLAIR AVE W,9,094,Wychwood,Built,built,76,6619,259,2018-11-22,http://app.toronto.ca/AIC/index.do?folderRsn=nGco4136bL3AAqDys5529Q%3D%3D,-79.432854,43.677949
13 175197 ESC 38 OZ,675 PROGRESS AVE,24,142,Woburn North,Active,active,1371,132216,13937,2013-05-27,,-79.247876,43.773968
19 204533 WET 03 OZ,689 THE QUEENSWAY,3,016,Stonegate-Queensway,Built,built,198,16643,500,2019-08-12,http://app.toronto.ca/AIC/index.do?folderRsn=M%2FJDaj3%2BnGpRAWdYi5tgag%3D%3D,-79.500187,43.624741
20 123257 NNY 15 SA,2365 BAYVIEW AVE,15,041,Bridle Path-Sunnybrook-York Mills,Active,active,0,,2137,2020-03-06,http://app.toronto.ca/AIC/index.do?folderRsn=VHICjihTnlG9Pi155Cvceg%3D%3D,-79.379099,43.730995
25 152231 ESC 25 SA,6780 KINGSTON RD,25,133,Centennial Scarborough,Under Review,proposed,0,,498.6,2025-05-01,http://app.toronto.ca/AIC/index.do?folderRsn=PZdNFljdZi%2FDgd58J4i%2BBA%3D%3D,-79.147432,43.796651
21 179572 STE 04 SA,130 DUNN AVE,4,085,South Parkdale,Built,built,51,2941,,2021-07-05,http://app.toronto.ca/AIC/index.do?folderRsn=fZ9935%2BbMGL%2FSZZAnUhrdg%3D%3D,-79.433285,43.633009
12 141911 STE 28 OZ,177 FRONT ST E,13,166,St Lawrence-East Bayfront-The Islands,Built,built,1531,107116,18402,2012-03-23,,-79.367756,43.64828
17 226908 NNY 24 OZ,101 GORDON BAKER RD,17,046,Pleasant View,Built,built,0,,14383.04,2017-09-01,http://app.toronto.ca/AIC/index.do?folderRsn=gRSztFibKeykNuFeqFVusw%3D%3D,-79.344169,43.7986
20 144828 ESC 20 SA,2685 KINGSTON RD,20,123,Cliffcrest,Active,active,0,,10724,2020-05-13,http://app.toronto.ca/AIC/index.do?folderRsn=%2FoOfHazCrdX4ZlxvPLKGvw%3D%3D,-79.24107,43.714917
18 272263 STE 19 SA,1455 O'CONNOR DR,19,054,O'Connor-Parkview,Built,built,52,5558.1,309.7,2018-12-27,http://app.toronto.ca/AIC/index.do?folderRsn=xZ2XGknd36oDd9fm1WdRPA%3D%3D,-79.30648,43.711491
21 186124 WET 05 OZ,25 PHOTOGRAPHY DR,5,115,Mount Dennis,Under Review,proposed,2920,189306,7772,2021-07-19,http://app.toronto.ca/AIC/index.do?folderRsn=bDYsFeR1JUZcdznVevuoag%3D%3D,-79.483968,43.684783
20 124823 STE 04 OZ,1375 QUEEN ST W,4,085,South Parkdale,Active,active,62,4595,322,2020-03-11,http://app.toronto.ca/AIC/index.do?folderRsn=y%2BYq7r83E7D%2F3%2Bq27p7atw%3D%3D,-79.43584,43.638587
25 155135 ESC 20 OZ,614 DANFORTH RD,20,120,Clairlea-Birchmount,Under Review,proposed,380,25694.7,321.9,2025-05-06,http://app.toronto.ca/AIC/index.do?folderRsn=3HFLiKGCh04tMoj10XDfXA%3D%3D,-79.261826,43.712388
17 208607 NNY 08 OZ,2839 JANE ST,7,025,Glenfield-Jane Heights,Active,active,190,13091,953,2017-07-31,http://app.toronto.ca/AIC/index.do?folderRsn=FNmS1l0OJ%2BNhTls0JdT%2BnQ%3D%3D,-79.515774,43.749286
18 270419 NNY 07 SA,50 YORK GATE BLVD,7,025,Glenfield-Jane Heights,Built,built,0,,10521,2018-12-19,http://app.toronto.ca/AIC/index.do?folderRsn=FZw1NKdR1VmC4W05N3eStQ%3D%3D,-79.521868,43.755684
15 135436 STE 20 OZ,15 MERCER ST,10,164,Wellington Place,Built,built,658,51941,6962,2015-04-01,http://app.toronto.ca/DevelopmentApplications/associatedApplicationsList.do?action=init&folderRsn=3722514&isCofASearch=false,-79.391281,43.643438
23 149933 WET 03 OZ,15 CANMOTOR AVE,3,160,Mimico-Queensway,Active,active,0,,463.06,2023-05-24,http://app.toronto.ca/AIC/index.do?folderRsn=MpxMPOXKc9SJomUX5RmtwQ%3D%3D,-79.510928,43.620966
21 219268 WET 03 OZ,2189 LAKE SHORE BLVD W,3,161,Humber Bay Shores,Active,active,674,43154,600,2021-09-29,http://app.toronto.ca/AIC/index.do?folderRsn=Xt6DYo7suVrehnfWyAIqhg%3D%3D,-79.480822,43.621296
21 251397 NNY 16 OZ,3 SWIFT DR,16,043,Victoria Village,Active,active,846,54911,,2021-12-24,http://app.toronto.ca/AIC/index.do?folderRsn=8pIqepwjr%2Fy%2BcS6VfvlezA%3D%3D,-79.31801,43.72469
15 133424 NNY 16 OZ,250 LAWRENCE AVE W,8,039,Bedford Park-Nortown,Built,built,173,15863,,2015-03-27,http://app.toronto.ca/AIC/index.do?folderRsn=i%2FeHGbsGzfN1KMU0q9Aw3w%3D%3D,-79.414073,43.720938
21 251957 STE 10 OZ,45 THE ESPLANADE,10,166,St Lawrence-East Bayfront-The Islands,Active,active,726,44929,8032,2021-12-29,http://app.toronto.ca/AIC/index.do?folderRsn=eQ1o7sFJBKzzJLcAfwDQQQ%3D%3D,-79.374385,43.644566
18 261350 NNY 08 SA,1125 FINCH AVE W,6,027,York University Heights,Under Review,proposed,0,,2012.2,2018-11-27,http://app.toronto.ca/AIC/index.do?folderRsn=q3aLzqtunu3WNNQziayfpQ%3D%3D,-79.478031,43.763784
18 111396 WET 06 SA,61 TORLAKE CRES,3,160,Mimico-Queensway,Active,active,0,,1758,2018-01-30,http://app.toronto.ca/AIC/index.do?folderRsn=RQqkvE8qgABmnIUnpbV%2BLw%3D%3D,-79.526311,43.610563
18 125604 NNY 24 SA,5799-5915 YONGE ST,18,036,Newtonbrook West,Built,built,808,66467.65,7351.6,2018-03-06,http://app.toronto.ca/AIC/index.do?folderRsn=MCX6FDLOHzryccdXNWEx%2FQ%3D%3D,-79.416656,43.782871
18 266753 ESC 23 OZ,125 MONTEZUMA TRL,23,129,Agincourt North,Active,active,37,3967.96,188.12,2018-12-10,http://app.toronto.ca/AIC/index.do?folderRsn=vgMS5S90Ot%2FGCCnbv8KugA%3D%3D,-79.280122,43.808329
16 262666 NNY 10 OZ,871-873 SHEPPARD AVE W,6,033,Clanton Park,Built,built,160,16567.6,,2016-12-09,http://app.toronto.ca/AIC/index.do?folderRsn=H54WdkwQpLQdYWav8hh6GQ%3D%3D,-79.452608,43.750357
15 257792 STE 27 OZ,126 HAZELTON AVE,11,095,Annex,Built,built,18,4418.49,488.96,2015-11-27,,-79.395121,43.672746
10 317268 STE 32 SA,45 CONNAUGHT AVE,14,063,The Beaches,Built,built,18,1189.44,,2010-12-20,,-79.322115,43.662502
16 159483 STE 20 OZ,533 KING ST W,10,164,Wellington Place,Active,active,439,35637,19072,2016-05-20,http://app.toronto.ca/AIC/index.do?folderRsn=nlCRHPiKR9ikikvGbwgVtw%3D%3D,-79.398667,43.642582
21 204794 ESC 22 OZ,20 STONEHILL CRT,22,147,L'Amoreaux West,Active,active,460,31426.91,228.88,2021-08-26,http://app.toronto.ca/AIC/index.do?folderRsn=R3dPuGRR9BePrxG00ORvfQ%3D%3D,-79.314905,43.793963
14 267350 STE 27 OZ,480 YONGE ST,13,170,Yonge-Bay Corridor,Built,built,451,30644,2198,2014-12-23,http://app.toronto.ca/DevelopmentApplications/associatedApplicationsList.do?action=init&folderRsn=3677566&isCofASearch=false,-79.384157,43.660508
19 209047 ESC 22 OZ,4631 STEELES AVE E,22,130,Milliken,Under Review,proposed,499,38642,5167,2019-08-20,http://app.toronto.ca/AIC/index.do?folderRsn=ubAn9yeG%2Fs%2BFgzHlVQpWWw%3D%3D,-79.304593,43.821849
12 113963 ESC 44 SA,4640 KINGSTON RD,25,136,West Hill,Built,built,1,160.8,,2012-01-30,,-79.177729,43.773409
23 216423 STE 14 OZ,388 CARLAW AVE,14,,,Under Review,proposed,1315,98885,13156,2023-10-19,http://app.toronto.ca/AIC/index.do?folderRsn=zB9Pe%2FgC%2FLUZyr6o7wLXJg%3D%3D,,
23 126569 WET 07 OZ,12 HILLSIDE RD,7,021,Humber Summit,Under Review,proposed,1,445,,2023-03-24,http://app.toronto.ca/AIC/index.do?folderRsn=vekFuyT9MS4FlKmIThf9lw%3D%3D,-79.580574,43.755741
21 183324 STE 10 OZ,350 QUEENS QUAY  W,10,166,St Lawrence-East Bayfront-The Islands,Built,built,589,41660,32,2021-07-13,http://app.toronto.ca/AIC/index.do?folderRsn=PvgNUIWzPepWS3fU%2BLP8Xw%3D%3D,-79.390555,43.636205
24 222025 NNY 08 OZ,1410 EGLINTON AVE W,8,107,Oakwood Village,Under Review,proposed,442,29440.7,184.4,2024-10-04,http://app.toronto.ca/AIC/index.do?folderRsn=3mXQLvO8HM4eBKTnQu165g%3D%3D,-79.439334,43.696319
13 218652 ESC 37 OZ,1555 MIDLAND AVE,21,156,Bendale-Glen Andrew,Active,active,95,16610.32,,2013-08-12,,-79.26495,43.753349
18 125292 NNY 33 OZ,12-24 LEITH HILL RD,17,047,Don Valley Village,Active,active,160,11659.8,,2018-03-06,http://app.toronto.ca/AIC/index.do?folderRsn=ou9gWluscir7XZn%2BhNh1tQ%3D%3D,-79.349933,43.774963
21 152801 STE 14 SA,1555 QUEEN ST E,14,063,The Beaches,Built,built,138,11520,,2021-05-10,http://app.toronto.ca/AIC/index.do?folderRsn=YLGSh9Al9GmyncEmdAtuww%3D%3D,-79.318902,43.663663
23 238626 WET 07 OZ,44-46 ROMFIELD DR,7,027,York University Heights,Under Review,proposed,1100,73411.31,420,2023-12-27,http://app.toronto.ca/AIC/index.do?folderRsn=QYtUHUyTfVhtAdCACvNhlg%3D%3D,-79.491766,43.760532
19 147759 NNY 17 OZ,2550 VICTORIA PARK AVE,17,053,Henry Farm,Active,active,1591,111051.6,34596.2,2019-05-01,http://app.toronto.ca/AIC/index.do?folderRsn=plEg0T0DBfhgjoO%2FUE5jTA%3D%3D,-79.322593,43.771609
22 140155 STE 09 SA,1141 BLOOR ST W,9,083,Dufferin Grove,Active,active,214,20268,1739,2022-04-29,http://app.toronto.ca/AIC/index.do?folderRsn=OBMBuNnA%2B%2BjTkVdKAzU1iw%3D%3D,-79.438335,43.656172
18 151554 STE 22 OZ,1365 YONGE ST,12,097,Yonge-St.Clair,Active,active,674,42602,355,2018-05-01,http://app.toronto.ca/AIC/index.do?folderRsn=wIF4cp6zCanjWGd7QiZDeg%3D%3D,-79.393297,43.684535
13 171700 NNY 23 OZ,2 SHEPPARD AVE E,18,038,Lansing-Westgate,Built,built,380,24999,7450,2013-05-21,,-79.411111,43.760795
17 257808 STE 29 OZ,1132 BROADVIEW AVE,14,057,Broadview North,Under Review,proposed,223,25685,,2017-11-03,http://app.toronto.ca/AIC/index.do?folderRsn=PYXWrjcDIPU6%2B4NiOjFlPA%3D%3D,-79.356954,43.685226
19 228307 STE 13 OZ,90 MILL ST,13,166,St Lawrence-East Bayfront-The Islands,Built,built,855,75358,3523,2019-09-27,http://app.toronto.ca/AIC/index.do?folderRsn=TfV9D4AH7RNaM5oKhHzKzA%3D%3D,-79.358112,43.649412
21 198802 ESC 22 SA,181 SILVER STAR BLVD,22,130,Milliken,Active,active,0,,4419,2021-08-16,http://app.toronto.ca/AIC/index.do?folderRsn=GNduRyZZ39k4YnV8w5B9gQ%3D%3D,-79.2924,43.807599
22 111715 WET 05 OZ,1746 WESTON RD,5,113,Weston,Under Review,proposed,421,27988,378,2022-02-07,http://app.toronto.ca/AIC/index.do?folderRsn=3xs0XCpxN%2F%2Fiua36EaiGCw%3D%3D,-79.511204,43.695907
08 186599 WET 07 SA,1935-1937 WILSON AVE,7,023,Pelmo Park-Humberlea,Built,built,0,,3997,2008-07-25,,-79.531772,43.713576
11 181959 ESC 42 SA,5930 FINCH AVE E,25,145,Malvern West,Built,built,0,,6293.49,2011-04-26,,-79.223242,43.815727
16 198323 STE 32 OZ,355 COXWELL AVE,19,065,Greenwood-Coxwell,Active,active,33,2869,,2016-07-28,http://app.toronto.ca/AIC/index.do?folderRsn=3i0oGLO0%2F0LW0HAPDGcHvw%3D%3D,-79.320311,43.673777
20 122576 ESC 25 SA,8450 SHEPPARD AVE E,25,144,Morningside Heights,Built,built,0,,7797,2020-03-05,http://app.toronto.ca/AIC/index.do?folderRsn=XSykjZXc2g9neJXQFkbs2Q%3D%3D,-79.190034,43.803163
17 170302 NNY 25 SA,49 THE DONWAY  W,16,,,Built,built,629,52051,2585,2017-05-31,http://app.toronto.ca/AIC/index.do?folderRsn=53y4NZvv7WYbNsrSbw4biQ%3D%3D,,
25 166552 NNY 18 OZ,179 FINCH AVE E,18,152,East Willowdale,Under Review,proposed,40,3806.6,,2025-05-28,http://app.toronto.ca/AIC/index.do?folderRsn=aD3w9%2FErLlv8DVnPsDQhHA%3D%3D,-79.402724,43.7804
19 208055 WET 05 SA,17 DENNIS AVE,5,111,Rockcliffe-Smythe,Built,built,0,,4658,2019-08-19,http://app.toronto.ca/AIC/index.do?folderRsn=i9EVZ5bXxn6mAsGzRyv7BA%3D%3D,-79.487487,43.68243
18 120884 STE 28 OZ,30 BAY ST,10,166,St Lawrence-East Bayfront-The Islands,Active,active,0,,123854,2018-02-23,http://app.toronto.ca/AIC/index.do?folderRsn=N3LrE2MiQcBq3kUffHk%2Fdg%3D%3D,-79.378053,43.640233
21 196612 STE 09 OZ,640 LANSDOWNE AVE,9,171,Junction-Wallace Emerson,Active,active,57,4840.7,14430.8,2021-08-11,http://app.toronto.ca/AIC/index.do?folderRsn=WEggI%2BOoENT%2BHQZwAEo0fA%3D%3D,-79.444688,43.659315
21 179555 NNY 16 OZ,1 CONCORDE GT,16,042,Banbury-Don Mills,Active,active,3914,286736.86,9048.84,2021-07-05,http://app.toronto.ca/AIC/index.do?folderRsn=7munpT1LqPs5f5oBqR28fQ%3D%3D,-79.329478,43.726848
23 216399 STE 14 OZ,1002 PAPE AVE,14,,,Under Review,proposed,409,31350,1317,2023-10-19,http://app.toronto.ca/AIC/index.do?folderRsn=aR%2FXaw1D6HeFeLPmgbWhBw%3D%3D,,
25 170633 STE 19 OZ,797 O'CONNOR DR,19,054,O'Connor-Parkview,Under Review,proposed,219,15935,209,2025-06-03,http://app.toronto.ca/AIC/index.do?folderRsn=C9Pp%2FxYt2SXdtOf2Md5VeA%3D%3D,-79.312969,43.702972
20 234576 ESC 24 SA,1830 ELLESMERE RD,24,142,Woburn North,Active,active,0,,1205.2,2020-12-29,http://app.toronto.ca/AIC/index.do?folderRsn=OGWTXGd7i0TKTgK000l2sQ%3D%3D,-79.243845,43.772977
21 251175 NNY 08 OZ,1141 ROSELAWN AVE,8,108,Briar Hill-Belgravia,Active,active,135,8507,,2021-12-23,http://app.toronto.ca/AIC/index.do?folderRsn=JTJ3R7MQNWTslfNQDj69VQ%3D%3D,-79.453088,43.697426
21 193212 NNY 18 OZ,48 AVONDALE AVE,18,153,Avondale,Active,active,1387,80716.2,,2021-08-03,http://app.toronto.ca/AIC/index.do?folderRsn=48WAi7zVtyapRio%2FHZgFpw%3D%3D,-79.407739,43.756974
19 133227 STE 10 OZ,462 WELLINGTON ST W,10,164,Wellington Place,Active,active,0,,18602,2019-04-01,http://app.toronto.ca/AIC/index.do?folderRsn=UAbr6Kx8Jn0oYpISO9bimQ%3D%3D,-79.398051,43.641846
21 204171 STE 14 OZ,840 BROADVIEW AVE,14,067,Playter Estates-Danforth,Active,active,107,6430,542,2021-08-25,http://app.toronto.ca/AIC/index.do?folderRsn=gcWeV0ZVUPdY5JOxt3crjQ%3D%3D,-79.358948,43.676764
21 251414 STE 13 OZ,15 CHARLES ST E,13,169,Bay-Cloverhill,Active,active,601,42300,117,2021-12-24,http://app.toronto.ca/AIC/index.do?folderRsn=AtlTohqwSNT7UycyBTCWBA%3D%3D,-79.385613,43.666594
17 214786 NNY 09 OZ,151 BILLY BISHOP WAY,6,031,Yorkdale-Glen Park,Built,built,0,,2983.18,2017-08-11,http://app.toronto.ca/AIC/index.do?folderRsn=1%2BFc1wFfd8zvhtl5y4yzVA%3D%3D,-79.455913,43.727725
25 174904 STE 13 OZ,81 ISABELLA ST,13,167,Church-Wellesley,Under Review,proposed,647,46385,,2025-06-10,http://app.toronto.ca/AIC/index.do?folderRsn=ixUp1d3D1RVt7E2bNdW%2BBw%3D%3D,-79.381229,43.666221
22 112776 STE 09 SA,498 GILBERT AVE,9,110,Keelesdale-Eglinton West,Built,built,0,,15811,2022-02-10,http://app.toronto.ca/AIC/index.do?folderRsn=zRgHxIhQSHwAjCGLoYkw2Q%3D%3D,-79.463515,43.689347
18 213774 WET 06 SA,550 KIPLING AVE,3,160,Mimico-Queensway,Active,active,0,,6297,2018-08-22,http://app.toronto.ca/AIC/index.do?folderRsn=EYiudto%2FeXWIsD%2FpqtTinA%3D%3D,-79.524725,43.612454
16 227201 NNY 34 SA,1213 YORK MILLS RD,16,,,Built,built,452,40825,,2016-09-22,http://app.toronto.ca/AIC/index.do?folderRsn=kY%2BH3FCgVXJAytqycMcphQ%3D%3D,,
18 155186 STE 30 SA,563-565 GERRARD ST E,14,070,South Riverdale,Under Review,proposed,13,1920,133,2018-05-08,http://app.toronto.ca/AIC/index.do?folderRsn=qeVL2oHrmaMEgldFKaYX6w%3D%3D,-79.354383,43.663006
22 232274 ESC 21 SA,1430 BIRCHMOUNT RD,21,119,Wexford/Maryvale,Active,active,0,,16319,2022-11-23,http://app.toronto.ca/AIC/index.do?folderRsn=4URQUcRXYGJlIM30FNbSIA%3D%3D,-79.288234,43.750522
23 122036 ESC 21 OZ,799 BRIMLEY RD,21,157,Bendale South,Active,active,370,27821,359,2023-03-10,http://app.toronto.ca/AIC/index.do?folderRsn=e4kygjD2KUhH%2FcnPU8bnVw%3D%3D,-79.254526,43.750622
21 165017 WET 07 SA,60 STARVIEW LANE,7,023,Pelmo Park-Humberlea,Active,active,0,,7515,2021-06-03,http://app.toronto.ca/AIC/index.do?folderRsn=hxcXJl1LA0ld01Ptw%2FEv2Q%3D%3D,-79.534485,43.725154
22 236554 WET 03 OZ,3807 LAKE SHORE BLVD W,3,019,Long Branch,Under Review,proposed,490,32954.6,436.7,2022-12-06,http://app.toronto.ca/AIC/index.do?folderRsn=dACR4pwbzloWTRZsr0l%2ByA%3D%3D,-79.542884,43.590125
16 270444 NNY 10 OZ,470 WILSON AVE,6,033,Clanton Park,Built,built,589,44106.7,1401.1,2016-12-23,http://app.toronto.ca/AIC/index.do?folderRsn=ensgkjktpw7YcaHhQr8ZSw%3D%3D,-79.444739,43.73359
19 264614 WET 03 OZ,150 SHERWAY DR,3,159,Etobicoke City Centre,Built,built,0,,75420,2019-12-24,http://app.toronto.ca/AIC/index.do?folderRsn=7fnwS0VWLX4N9eW9he2HFA%3D%3D,-79.560144,43.60656
18 117779 WET 02 SA,555 REXDALE BLVD,1,001,West Humber-Clairville,Built,built,0,,4033.1,2018-02-15,http://app.toronto.ca/AIC/index.do?folderRsn=6NfOTEwljUtXPXavPVXBRA%3D%3D,-79.605834,43.707013
24 252593 WET 03 OZ,1549-1551 THE QUEENSWAY,3,020,Alderwood,Under Review,proposed,1819,126338,5085,2024-12-20,http://app.toronto.ca/AIC/index.do?folderRsn=%2Bo5xpJGrWbwmKmKbwlMi7Q%3D%3D,-79.53842,43.615542
24 253116 WET 03 OZ,350 EVANS AVE,3,160,Mimico-Queensway,Under Review,proposed,4623,320040,7519,2024-12-23,http://app.toronto.ca/AIC/index.do?folderRsn=s9Pb3SCvoixObcG%2FAiUQRA%3D%3D,-79.523791,43.615342
25 151892 STE 12 OZ,120 EGLINTON AVE E,12,174,South Eglinton-Davisville,Under Review,proposed,555,39088,187,2025-04-30,http://app.toronto.ca/AIC/index.do?folderRsn=B063XRkddEsQB533QusSPQ%3D%3D,-79.395152,43.705699
21 252332 NNY 18 OZ,6200 YONGE ST,18,036,Newtonbrook West,Active,active,356,24105.82,386.69,2021-12-31,http://app.toronto.ca/AIC/index.do?folderRsn=GSfzjw97gkJg4r7uayLNpw%3D%3D,-79.419473,43.791691
22 200453 STE 12 OZ,45 ST CLAIR AVE W,12,097,Yonge-St.Clair,Active,active,461,40525,2286,2022-09-07,http://app.toronto.ca/AIC/index.do?folderRsn=38uROY9w22fbMhjaoys44g%3D%3D,-79.395648,43.685469
17 162646 NNY 16 SA,157 FALKIRK ST,8,039,Bedford Park-Nortown,Built,built,0,,2250,2017-05-18,http://app.toronto.ca/DevelopmentApplications/associatedApplicationsList.do?action=init&folderRsn=4165146&isCofASearch=false,-79.42807,43.728853
16 142844 STE 28 OZ,89 CHURCH ST,13,168,Downtown Yonge East,Built,built,418,27988,66,2016-04-19,http://app.toronto.ca/AIC/index.do?folderRsn=qP3VaqVKXNsZDpu1oxXD%2BA%3D%3D,-79.375284,43.65012
23 163780 ESC 25 SA,500 OLD FINCH AVE,25,144,Morningside Heights,Built,built,0,,3164.4,2023-06-20,http://app.toronto.ca/AIC/index.do?folderRsn=wQUOVrcSvs%2BNR3wcMiLZyA%3D%3D,-79.186922,43.823362
15 147462 STE 28 OZ,307 SHERBOURNE ST,13,073,Moss Park,Active,active,223,9114,,2015-04-27,http://app.toronto.ca/AIC/index.do?folderRsn=mc4suc22HHSdnanJ9NYc3Q%3D%3D,-79.371968,43.659046
25 180917 STE 09 OZ,1492 ST CLAIR AVE W,9,092,Corso Italia-Davenport,Under Review,proposed,211,16171,450,2025-06-20,http://app.toronto.ca/AIC/index.do?folderRsn=5UQtIU4AAvjCoKg2xab%2Bpg%3D%3D,-79.454596,43.673857
21 245229 ESC 23 SA,601 MILNER AVE,23,146,Malvern East,Built,built,0,,32663.91,2021-12-05,http://app.toronto.ca/AIC/index.do?folderRsn=5yvwC3%2FanyOMRR4yUB2gmw%3D%3D,-79.225391,43.7912
16 210199 NNY 26 OZ,815 EGLINTON AVE E,15,056,Leaside-Bennington,Active,active,1613,109608,17504,2016-08-19,http://app.toronto.ca/AIC/index.do?folderRsn=hoFq2UWzKEIEdCVhnZG5%2Fw%3D%3D,-79.364486,43.711526
25 182140 STE 13 OZ,48 ISABELLA ST,13,167,Church-Wellesley,Under Review,proposed,814,50558,,2025-06-23,http://app.toronto.ca/AIC/index.do?folderRsn=2JPmqbzXYMcpJBp1qRI%2FQg%3D%3D,-79.383647,43.666334
23 158372 NNY 16 SA,26 MALLARD RD,16,042,Banbury-Don Mills,Active,active,0,,713,2023-06-08,http://app.toronto.ca/AIC/index.do?folderRsn=6yn42FMyDrjvwLePn%2FwMJw%3D%3D,-79.350136,43.745732
16 255889 ESC 40 SA,41 ANTRIM CRES,21,126,Dorset Park,Built,built,21,2777.07,,2016-11-24,http://app.toronto.ca/AIC/index.do?folderRsn=Mdny%2BqkskAD%2BLF9W0wHNEw%3D%3D,-79.288195,43.769836
23 101352 WET 02 OZ,250 WINCOTT DR,2,010,Princess-Rosethorn,Under Review,proposed,690,41403,984,2023-01-06,http://app.toronto.ca/AIC/index.do?folderRsn=Ix9P22XShM9ueOivjVY2KA%3D%3D,-79.546211,43.676793
21 250150 ESC 24 OZ,3434 LAWRENCE AVE E,24,141,Golfdale-Cedarbrae-Woburn,Active,active,855,60873.3,559.5,2021-12-20,http://app.toronto.ca/AIC/index.do?folderRsn=pPQ0pVOgGiKjHETwD%2B2yrQ%3D%3D,-79.228628,43.757899
16 118661 WET 06 OZ,225 BIRMINGHAM ST,3,018,New Toronto,Built,built,200,20510,565,2016-02-19,http://app.toronto.ca/AIC/index.do?folderRsn=BZNo%2F92a3OZ%2Fc67QskRVEQ%3D%3D,-79.512372,43.599271
12 290639 NNY 23 OZ,50 KENTON DR,18,036,Newtonbrook West,Built,built,15,4445.4,,2012-12-07,,-79.440487,43.77832
21 228594 STE 09 OZ,200 BENNY STARK ST,9,091,Weston-Pelham Park,Under Review,proposed,1818,135325,18122,2021-10-21,http://app.toronto.ca/AIC/index.do?folderRsn=lL917KhyCNzOkpjBViEQjg%3D%3D,-79.468952,43.677516
22 139337 ESC 20 OZ,2823 EGLINTON AVE E,20,138,Eglinton East,Active,active,190,14559.3,672.1,2022-04-27,http://app.toronto.ca/AIC/index.do?folderRsn=3lyzcLyK8z8T6JXS3k4dBg%3D%3D,-79.244225,43.735364
21 192018 WET 02 OZ,596 RENFORTH DR,2,011,Eringate-Centennial-West Deane,Active,active,140,12413,,2021-07-30,http://app.toronto.ca/AIC/index.do?folderRsn=IPPYvC1zlh89KC8FoTDuHQ%3D%3D,-79.581418,43.651842
24 151539 WET 07 OZ,3406-3434 WESTON RD,7,022,Humbermede,Active,active,832,61147,1198,2024-05-21,http://app.toronto.ca/AIC/index.do?folderRsn=jnz2jPe7QAl0EBKucRWSlg%3D%3D,-79.542588,43.748459
21 195997 STE 10 OZ,7 VANAULEY ST,10,164,Wellington Place,Active,active,31,1711.8,,2021-08-10,http://app.toronto.ca/AIC/index.do?folderRsn=S2NoD3nHVXTirJj51HTA9A%3D%3D,-79.398511,43.646834
25 185206 ESC 22 OZ,3875 SHEPPARD AVE E,22,118,Tam O'Shanter-Sullivan,Under Review,proposed,1339,104329,718,2025-06-27,http://app.toronto.ca/AIC/index.do?folderRsn=rcU6qcrm4NpGPslBXt2KJA%3D%3D,-79.289953,43.780544
18 131032 WET 06 SA,200 BROWNS LINE,3,020,Alderwood,Built,built,6,1031,65.78,2018-03-19,http://app.toronto.ca/AIC/index.do?folderRsn=PXwGwsObtsQM1K50nrM78A%3D%3D,-79.543901,43.59541
18 185562 NNY 15 OZ,831 GLENCAIRN AVE,8,031,Yorkdale-Glen Park,Built,built,218,15902.65,361.48,2018-06-27,http://app.toronto.ca/AIC/index.do?folderRsn=NcxpNJyTSMKbIKn6AbgZ7w%3D%3D,-79.444003,43.706475
25 184923 STE 04 SA,2440 DUNDAS ST W,4,088,High Park North,Under Review,proposed,756,45510.3,3114.6,2025-06-27,http://app.toronto.ca/AIC/index.do?folderRsn=tzpa3AbOR4gLYdn4w3ca0A%3D%3D,-79.453151,43.657122
16 271272 WET 11 OZ,87 ETHEL AVE,5,090,Junction Area,Active,active,1409,94651.8,7122.4,2016-12-28,http://app.toronto.ca/AIC/index.do?folderRsn=lCTQ9GXApPH1me6JiyE29g%3D%3D,-79.473197,43.666761
14 267424 STE 20 OZ,543 RICHMOND ST W,10,164,Wellington Place,Built,built,475,38629,1748,2014-12-23,http://app.toronto.ca/AIC/index.do?folderRsn=02wp5ezdEKMSo8h%2FqC80Cw%3D%3D,-79.401716,43.644589
08 171665 STE 20 OZ,10 PRINCE ARTHUR AVE,11,079,University,Built,built,25,6823,406,2008-06-17,,-79.395833,43.667956
17 116336 WET 12 SA,2175 KEELE ST,5,112,Beechborough-Greenbrook,Built,built,244,20387,,2017-02-13,http://app.toronto.ca/AIC/index.do?folderRsn=TjG%2BEdgzXwg32EyMa%2FiR%2BQ%3D%3D,-79.472666,43.696201
11 239404 STE 19 SA,70 EAST LIBERTY ST,10,163,Fort York-Liberty Village,Active,active,0,,205.2,2011-07-15,http://app.toronto.ca/AIC/index.do?folderRsn=jGXFCXPVQVk8X7IfyI0SJw%3D%3D,-79.414947,43.636853
23 166287 STE 04 OZ,7 LAXTON AVE,4,085,South Parkdale,Active,active,19,1160.7,,2023-06-26,http://app.toronto.ca/AIC/index.do?folderRsn=xSLU6h3l3%2FMU0snGRY3bkQ%3D%3D,-79.438169,43.637199
20 217595 ESC 21 OZ,2683 LAWRENCE AVE E,21,157,Bendale South,Active,active,206,19056.8,570.9,2020-11-12,http://app.toronto.ca/AIC/index.do?folderRsn=3O3R%2FvnWj0wPsiF9zqEKsQ%3D%3D,-79.261695,43.749702
24 243361 NNY 08 OZ,245 MARLEE AVE,8,108,Briar Hill-Belgravia,Under Review,proposed,886,56212,660,2024-11-26,http://app.toronto.ca/AIC/index.do?folderRsn=XcxXGckDenJHtedSk9yQrw%3D%3D,-79.442413,43.703765
23 192767 STE 13 OZ,211 GERRARD ST E,13,073,Moss Park,Active,active,60,4953,273,2023-08-23,http://app.toronto.ca/AIC/index.do?folderRsn=0Jyo%2Btf991S6k0v9QJkVCA%3D%3D,-79.371179,43.659256
16 264686 ESC 35 SA,3359 DANFORTH AVE,20,122,Birchcliffe-Cliffside,Active,active,26,1930.72,65.62,2016-12-15,http://app.toronto.ca/AIC/index.do?folderRsn=WZtUx9QkMjEsibjjeXnMiw%3D%3D,-79.279984,43.690868
23 128433 ESC 21 OZ,22 METROPOLITAN RD,21,119,Wexford/Maryvale,Under Review,proposed,1664,130705.73,27797.25,2023-03-29,http://app.toronto.ca/AIC/index.do?folderRsn=ytOI%2BXjVIdZ%2FxLfTRGTk5A%3D%3D,-79.300809,43.767402
24 215939 STE 04 SA,11 BROCK AVE,4,085,South Parkdale,Active,active,42,2888.7,,2024-09-20,http://app.toronto.ca/AIC/index.do?folderRsn=rsJBuV9dbGZxl0Vw0lq5%2BQ%3D%3D,-79.432438,43.640125
22 174753 ESC 25 SA,1749 MEADOWVALE RD,25,144,Morningside Heights,Active,active,0,,996,2022-07-11,http://app.toronto.ca/AIC/index.do?folderRsn=X6s16mNIph%2FSYfby%2BWtTBQ%3D%3D,-79.176213,43.819014
18 135369 STE 27 OZ,11 YORKVILLE AVE,11,169,Bay-Cloverhill,Built,built,700,48646,2486,2018-03-27,http://app.toronto.ca/AIC/index.do?folderRsn=A1xSYxCOhgud1VYL6w0OfQ%3D%3D,-79.388728,43.669496
21 252235 NNY 08 OZ,2451 DUFFERIN ST,8,108,Briar Hill-Belgravia,Active,active,671,43203.5,936.7,2021-12-30,http://app.toronto.ca/AIC/index.do?folderRsn=0i9JVKv2u8UQQ4HtJYXkeg%3D%3D,-79.451336,43.698337
22 140336 NNY 18 OZ,16 CENTRE AVE,18,050,Newtonbrook East,Active,active,510,37910,81,2022-04-29,http://app.toronto.ca/AIC/index.do?folderRsn=03P6xNgORrbyno42%2FpMZvw%3D%3D,-79.417254,43.790145
22 168976 ESC 23 OZ,31 TAPSCOTT RD,23,145,Malvern West,Under Review,proposed,894,68485,1135,2022-06-28,http://app.toronto.ca/AIC/index.do?folderRsn=JESfkj8bMCzptX4AkHwL8A%3D%3D,-79.221678,43.803515
20 234545 ESC 25 SA,45 LAWSON RD,25,133,Centennial Scarborough,Under Review,proposed,345,32128,576,2020-12-29,http://app.toronto.ca/AIC/index.do?folderRsn=viU5Fd86qhG7GKEI2ZgQDw%3D%3D,-79.16293,43.780236
25 191657 STE 12 OZ,41 BERWICK AVE,12,100,Yonge-Eglinton,Under Review,proposed,552,34589,,2025-07-10,http://app.toronto.ca/AIC/index.do?folderRsn=XfdoWtSZaHdOIxpD1Ex8Cg%3D%3D,-79.399097,43.701747
19 262483 WET 03 OZ,80 THIRTIETH ST,3,019,Long Branch,Active,active,14,2063.01,,2019-12-17,http://app.toronto.ca/AIC/index.do?folderRsn=ryx%2BMIZEeF7YxJxfzKvcmw%3D%3D,-79.531735,43.596466
21 196623 WET 02 OZ,4174 DUNDAS ST W,2,015,Kingsway South,Active,active,107,11496,,2021-08-11,http://app.toronto.ca/AIC/index.do?folderRsn=KLf%2BD9LzKei7oMOzoMXlpQ%3D%3D,-79.509916,43.659354
24 177979 WET 01 SA,1122 QUEENS PLATE DR,1,001,West Humber-Clairville,Under Review,proposed,0,,3582.9,2024-07-10,http://app.toronto.ca/AIC/index.do?folderRsn=Ft4o%2B5RgMjZODKH1Bs7aMw%3D%3D,-79.604144,43.715362
25 121716 STE 12 OZ,59 LAWTON BLVD,12,097,Yonge-St.Clair,Under Review,proposed,706,46219,,2025-02-25,http://app.toronto.ca/AIC/index.do?folderRsn=SxPpf7%2FDkr1AjCjsnl5w%2Fg%3D%3D,-79.396058,43.690139
14 264875 NNY 34 OZ,15 MALLOW RD,16,042,Banbury-Don Mills,Built,built,47,11278,,2014-12-16,http://app.toronto.ca/AIC/index.do?folderRsn=BqauUwP7eVrs1uE5bmniew%3D%3D,-79.341763,43.739073
21 181185 ESC 25 OZ,4566-4568 KINGSTON RD,25,136,West Hill,Active,active,130,9060.84,173.72,2021-07-07,http://app.toronto.ca/AIC/index.do?folderRsn=9P0M%2BiIYFNMOE1uCL531qg%3D%3D,-79.18481,43.771531
15 228738 STE 22 OZ,117 BROADWAY AVE,12,173,North Toronto,Built,built,1010,64796,692,2015-09-25,http://app.toronto.ca/AIC/index.do?folderRsn=KBtC6%2B4pRtvA6YL%2FdiapbA%3D%3D,-79.392868,43.70845
24 252341 ESC 24 OZ,1774 ELLESMERE RD,24,142,Woburn North,Under Review,proposed,880,54858.5,393.6,2024-12-19,http://app.toronto.ca/AIC/index.do?folderRsn=jVAby7a6F%2F0T14HNGw10rw%3D%3D,-79.246149,43.772072
16 110541 WET 05 OZ,4125 DUNDAS ST W,3,015,Kingsway South,Built,built,114,9891,,2016-01-29,http://app.toronto.ca/AIC/index.do?folderRsn=ct9cKqqwWVP%2BdnxbB4adnw%3D%3D,-79.507281,43.659481
19 113008 STE 12 OZ,202 ST CLAIR AVE W,12,096,Casa Loma,Built,built,85,13577,,2019-02-07,http://app.toronto.ca/AIC/index.do?folderRsn=SShjSNx3kkS4IBh8E4nI7w%3D%3D,-79.403756,43.684591
25 197312 WET 01 OZ,20 HUMBERLINE DR,1,001,West Humber-Clairville,Under Review,proposed,164,11407.59,,2025-07-21,http://app.toronto.ca/AIC/index.do?folderRsn=u6C0mqPyASr49R0rSMNpvA%3D%3D,-79.61497,43.729475
17 210219 STE 14 OZ,2720 DUNDAS ST W,4,090,Junction Area,Built,built,144,12683.5,542,2017-08-02,http://app.toronto.ca/AIC/index.do?folderRsn=n1TUKNthZrYGl2fX6kiptw%3D%3D,-79.459843,43.662943
22 107996 NNY 15 SA,276 DAVISVILLE AVE,15,099,Mount Pleasant East,Active,active,0,,4258.5,2022-01-27,http://app.toronto.ca/AIC/index.do?folderRsn=xstVNaLuUtkvSDy7dsFHHQ%3D%3D,-79.385462,43.699367
23 122250 WET 03 OZ,4241 DUNDAS ST W,3,015,Kingsway South,Active,active,318,21785.3,439.2,2023-03-11,http://app.toronto.ca/AIC/index.do?folderRsn=LTkYq572zI1NBYQBuKbWBQ%3D%3D,-79.513356,43.657315
22 230860 STE 10 SA,25 AUGUSTA AVE,10,164,Wellington Place,Built,built,31,1555,,2022-11-18,http://app.toronto.ca/AIC/index.do?folderRsn=kDTwyZFTbKTK0AhPEwna%2BQ%3D%3D,-79.399699,43.647079
25 150427 STE 09 OZ,1615 DUFFERIN ST,9,092,Corso Italia-Davenport,Active,active,0,,2050,2025-04-28,http://app.toronto.ca/AIC/index.do?folderRsn=j0qzoEIqWNprFnqKhBbTTA%3D%3D,-79.442473,43.674628
23 119287 STE 11 OZ,126 AVENUE RD,11,095,Annex,Active,active,60,3968,170,2023-03-02,http://app.toronto.ca/AIC/index.do?folderRsn=ZOBvDn7F2CHaFmza7l1OiQ%3D%3D,-79.396881,43.672061
17 257139 STE 22 OZ,700 MOUNT PLEASANT RD,12,174,South Eglinton-Davisville,Active,active,527,32900,,2017-11-02,http://app.toronto.ca/AIC/index.do?folderRsn=keqtbf4QKJnB9nD5egqR7Q%3D%3D,-79.390782,43.704266
22 198105 STE 04 OZ,340 DUFFERIN ST,4,085,South Parkdale,Active,active,768,46963.66,1964.5,2022-08-31,http://app.toronto.ca/AIC/index.do?folderRsn=N1c4egI2XUac%2BlNRolaH%2BA%3D%3D,-79.428648,43.638824
22 213129 NNY 06 OZ,47 STADACONA DR,6,032,Englemount-Lawrence,Active,active,190,14050,550,2022-10-04,http://app.toronto.ca/AIC/index.do?folderRsn=o1wzs7bwMr6StIf%2ByiILgA%3D%3D,-79.436049,43.733855
19 263252 WET 07 OZ,20 WALLASEY AVE,7,023,Pelmo Park-Humberlea,Active,active,18,6006.5,,2019-12-19,http://app.toronto.ca/AIC/index.do?folderRsn=%2FWHmrRhfzsS1X1JsGkYJFA%3D%3D,-79.536173,43.717744
21 249603 STE 10 OZ,101 SPADINA AVE,10,164,Wellington Place,Active,active,452,34933.3,127.4,2021-12-17,http://app.toronto.ca/AIC/index.do?folderRsn=jxo2NP%2B5fjboUWulwDBJAQ%3D%3D,-79.394697,43.644565
12 261548 NNY 24 SA,784 SHEPPARD AVE E,17,052,Bayview Village,Built,built,0,,3960,2012-10-12,,-79.375406,43.768084
16 173154 STE 27 OZ,874 YONGE ST,11,095,Annex,Active,active,342,23399,78,2016-06-13,http://app.toronto.ca/AIC/index.do?folderRsn=Kwb2WZ5gqynAP41O9j1m6A%3D%3D,-79.388141,43.670568
25 200349 ESC 21 SA,1870 BIRCHMOUNT RD,21,119,Wexford/Maryvale,Under Review,proposed,0,,2922.4,2025-07-25,http://app.toronto.ca/AIC/index.do?folderRsn=eOFXe7ywcRxlCuoOSR1CAQ%3D%3D,-79.293425,43.766426
16 225685 NNY 23 OZ,181 SHEPPARD AVE E,18,153,Avondale,Built,built,185,13600,1400,2016-09-20,http://app.toronto.ca/AIC/index.do?folderRsn=e5wQisEPXt%2B1WAAufIWkrA%3D%3D,-79.400556,43.761554
24 229459 STE 14 SA,1030 PAPE AVE,14,057,Broadview North,Under Review,proposed,0,,1156,2024-10-22,http://app.toronto.ca/AIC/index.do?folderRsn=9%2BZ1Wy7v7UDO%2BXuPJ6Uq7A%3D%3D,-79.349388,43.687476
18 120119 WET 11 OZ,2346 WESTON RD,5,008,Humber Heights-Westmount,Built,built,126,7041,,2018-02-22,http://app.toronto.ca/AIC/index.do?folderRsn=VAVJUn47IdH5rbbXFK5GOw%3D%3D,-79.53144,43.703787
17 237625 WET 05 OZ,859 THE QUEENSWAY,3,016,Stonegate-Queensway,Built,built,187,15059,1163,2017-09-22,http://app.toronto.ca/AIC/index.do?folderRsn=lb4joiHXKDrfFhV%2FckBB%2Fw%3D%3D,-79.510653,43.622233
15 266271 WET 11 SA,23 GEORGE ST,5,113,Weston,Built,built,0,,2603,2015-12-17,,-79.520462,43.701222
18 225642 STE 20 OZ,578 KING ST W,10,164,Wellington Place,Active,active,0,,4664.9,2018-09-14,http://app.toronto.ca/AIC/index.do?folderRsn=gUynnICt1y4TthCQIo2hZg%3D%3D,-79.399525,43.642826
18 150482 NNY 10 SA,6 TIPPETT RD,6,033,Clanton Park,Active,active,408,25156,1339,2018-04-30,http://app.toronto.ca/AIC/index.do?folderRsn=MbyGT3orRqlG685A8DmNQA%3D%3D,-79.447401,43.731136
25 105482 WET 01 OZ,7 WARDLAW CRES,1,003,Thistletown-Beaumond Heights,Active,active,51,2742.4,,2025-01-16,http://app.toronto.ca/AIC/index.do?folderRsn=bkEIx0oDCAlmlXYrqsDfig%3D%3D,-79.565476,43.737432
16 268941 NNY 09 SA,80 CARL HALL RD,6,155,Downsview,Built,built,50,6482,,2016-12-20,http://app.toronto.ca/DevelopmentApplications/associatedApplicationsList.do?action=init&folderRsn=4082611&isCofASearch=false,-79.47827,43.752257
12 296188 NNY 10 OZ,591 FINCH AVE W,6,035,Westminster-Branson,Active,active,0,,6409.8,2012-12-19,,-79.451428,43.76995
21 177893 STE 12 OZ,438 AVENUE RD,12,096,Casa Loma,Under Review,proposed,220,17885,,2021-06-30,http://app.toronto.ca/AIC/index.do?folderRsn=khYm%2FYam8oJfJ5BOlPtF3A%3D%3D,-79.400883,43.681994
20 219407 NNY 06 OZ,4926 BATHURST ST,6,035,Westminster-Branson,Active,active,349,23829,900,2020-11-17,http://app.toronto.ca/AIC/index.do?folderRsn=KEAaZ6EVj89fOxKECDqYTg%3D%3D,-79.443588,43.77136
15 113064 NNY 25 OZ,214 KEEWATIN AVE,15,173,North Toronto,Built,built,36,5290,,2015-02-06,http://app.toronto.ca/AIC/index.do?folderRsn=T%2FgJ2zdWnuJlirMJd%2BYfQg%3D%3D,-79.393032,43.711917
16 130337 WET 03 OZ,70 DIXFIELD DR,2,011,Eringate-Centennial-West Deane,Built,built,42,5272.61,,2016-03-21,http://app.toronto.ca/AIC/index.do?folderRsn=pBNcHWc9YIxVs17BJbyiTA%3D%3D,-79.571978,43.653978
20 187617 NNY 06 OZ,4700 BATHURST ST,6,035,Westminster-Branson,Under Review,proposed,210,15635,,2020-10-07,http://app.toronto.ca/AIC/index.do?folderRsn=j82uoVYs804nLtve8MVz2g%3D%3D,-79.441713,43.764053
22 130742 WET 05 SA,100 INDUSTRY ST,5,112,Beechborough-Greenbrook,Under Review,proposed,0,,2438,2022-04-05,http://app.toronto.ca/AIC/index.do?folderRsn=FoEWT1yB%2FwRo%2B2UHjmceXA%3D%3D,-79.490413,43.690925
22 218732 WET 05 OZ,21 JOHN ST,5,113,Weston,Active,active,540,34259.62,261.6,2022-10-18,http://app.toronto.ca/AIC/index.do?folderRsn=AQFh%2FwqP%2FLjFE5YF5it0Lw%3D%3D,-79.51724,43.699264
19 148964 STE 10 SA,1182 KING ST W,10,085,South Parkdale,Built,built,410,29499,2049,2019-05-03,http://app.toronto.ca/AIC/index.do?folderRsn=lHKS9aPpEbAitM8bUEGdkA%3D%3D,-79.427118,43.637276
20 161237 ESC 21 OZ,1910 EGLINTON AVE E,21,120,Clairlea-Birchmount,Active,active,387,29239.624,2778.02,2020-06-29,http://app.toronto.ca/AIC/index.do?folderRsn=kHI3iPLpKn%2Br0FC5arXUUg%3D%3D,-79.291623,43.725634
19 263939 ESC 23 OZ,900 MIDDLEFIELD RD,23,130,Milliken,Active,active,48,4943.16,199,2019-12-20,http://app.toronto.ca/AIC/index.do?folderRsn=omZrjWKGMvWwBoC8nUfK6A%3D%3D,-79.266077,43.825593
25 206513 NNY 08 OZ,744 MARLEE AVE,8,031,Yorkdale-Glen Park,Under Review,proposed,200,12887,228,2025-08-07,http://app.toronto.ca/AIC/index.do?folderRsn=vBd9bUFJ9uvyZLCpV3%2FQMw%3D%3D,-79.445902,43.710751
23 181154 STE 04 OZ,2461 BLOOR ST W,4,087,High Park-Swansea,Active,active,91,7988.8,260.3,2023-07-28,http://app.toronto.ca/AIC/index.do?folderRsn=9BWwuyNyBD9s5KlFjwRp1A%3D%3D,-79.484733,43.647061
19 224126 WET 03 SA,121 THIRTIETH ST,3,019,Long Branch,Built,built,0,,26104,2019-09-19,http://app.toronto.ca/AIC/index.do?folderRsn=%2BRs5yzT6Zgh22Wgn8qPLnA%3D%3D,-79.531813,43.597819
23 107528 ESC 21 SA,1731 LAWRENCE AVE E,21,119,Wexford/Maryvale,Active,active,95,4371.77,,2023-01-26,http://app.toronto.ca/AIC/index.do?folderRsn=PEUeGeXsS6E3UbkyUjmuSg%3D%3D,-79.308373,43.740091
25 118974 ESC 24 SA,1720 ELLESMERE RD,24,142,Woburn North,Under Review,proposed,0,,8098.95,2025-02-19,http://app.toronto.ca/AIC/index.do?folderRsn=o6T%2B5rG%2B%2FH0iQrkOs%2FK6lQ%3D%3D,-79.247952,43.771222
23 179625 WET 01 SA,175 BETHRIDGE RD,1,001,West Humber-Clairville,Active,active,0,,339,2023-07-25,http://app.toronto.ca/AIC/index.do?folderRsn=HJpvPkMiBCl%2BnhMadabCnA%3D%3D,-79.585671,43.704845
13 281025 WET 17 OZ,177 CALEDONIA RD,9,092,Corso Italia-Davenport,Built,built,41,10273,,2013-12-23,,-79.456569,43.678895
25 173118 NNY 08 OZ,490 LAWRENCE AVE W,8,032,Englemount-Lawrence,Under Review,proposed,2693,195807,11829,2025-06-06,http://app.toronto.ca/AIC/index.do?folderRsn=1CMjSV5jfYg5zG1%2FXjGJdA%3D%3D,-79.430624,43.718445
24 129405 NNY 17 OZ,1001 SHEPPARD AVE E,17,052,Bayview Village,Active,active,929,60521.02,4927.82,2024-03-25,http://app.toronto.ca/AIC/index.do?folderRsn=JPOAhPfswlUKcGwGsg0r8w%3D%3D,-79.374974,43.766047
17 211689 STE 20 OZ,193 MC CAUL ST,11,078,Kensington-Chinatown,Built,built,309,18311,395,2017-08-04,http://app.toronto.ca/AIC/index.do?folderRsn=XjQsD%2F42FMxA8QWqFThOeA%3D%3D,-79.392306,43.654626
20 232879 STE 14 OZ,5 COSBURN AVE,14,057,Broadview North,Active,active,424,27298,,2020-12-22,http://app.toronto.ca/AIC/index.do?folderRsn=j4rj1Z9ZTeGb3%2FQIqRl6Fw%3D%3D,-79.354769,43.686214
19 121813 STE 10 SA,26 OSSINGTON AVE,10,162,West Queen West,Under Review,proposed,4,667,124,2019-03-05,http://app.toronto.ca/AIC/index.do?folderRsn=2%2BOnwRsvTHKV%2BG0dxHJEXg%3D%3D,-79.419652,43.642821
21 231411 ESC 22 SA,3751 VICTORIA PARK AVE,22,048,Hillcrest Village,Built,built,0,,10498.5,2021-10-28,http://app.toronto.ca/AIC/index.do?folderRsn=LMboci%2BmkjG5DstSHxQdBQ%3D%3D,-79.336941,43.805149
13 240860 ESC 37 SA,441 ELLESMERE RD,21,119,Wexford/Maryvale,Active,active,0,,6764,2013-09-24,,-79.297907,43.759608
18 135022 STE 20 SA,9 MADISON AVE,11,079,University,Active,active,0,,2508,2018-03-27,http://app.toronto.ca/AIC/index.do?folderRsn=0c5qdmoM%2F%2BdnuA4M%2FJy4tg%3D%3D,-79.402884,43.665598
22 234887 NNY 06 OZ,3501 DUFFERIN ST,6,031,Yorkdale-Glen Park,Under Review,proposed,0,,5148,2022-11-30,http://app.toronto.ca/AIC/index.do?folderRsn=hqHtuNCz%2B81j4c%2Bvd5GB1A%3D%3D,-79.45814,43.727598
20 233478 NNY 18 OZ,6035 BATHURST ST,18,035,Westminster-Branson,Active,active,228,14498,65,2020-12-23,http://app.toronto.ca/AIC/index.do?folderRsn=aUc1diqYVT09osLwGXpdDg%3D%3D,-79.446098,43.784816
11 330323 NNY 33 OZ,1 ADRA VILLAWAY,17,052,Bayview Village,Built,built,614,67732.7,,2011-12-22,,-79.367309,43.774651
09 184001 NNY 25 SA,174 OLD YONGE ST,15,040,St.Andrew-Windfields,Built,built,1,530.2,,2009-10-30,,-79.402105,43.744595
24 230989 WET 01 OZ,925 DIXON RD,1,001,West Humber-Clairville,Under Review,proposed,0,,6335.5,2024-10-25,http://app.toronto.ca/AIC/index.do?folderRsn=A5kFhhokRpUsu5vpVeg9Cg%3D%3D,-79.596159,43.68418
20 123671 STE 04 OZ,3194 DUNDAS ST W,4,090,Junction Area,Active,active,87,7240,234,2020-03-09,http://app.toronto.ca/AIC/index.do?folderRsn=YKsCCUhDiqtnnJ3NrTh0aA%3D%3D,-79.476595,43.663717
18 272108 WET 03 OZ,5415 DUNDAS ST W,3,159,Etobicoke City Centre,Active,active,2875,217645,15808,2018-12-27,http://app.toronto.ca/AIC/index.do?folderRsn=7Aqqq1FSnGQsUtFiKi9a5g%3D%3D,-79.543668,43.629316
11 229626 STE 20 SA,1000 BATHURST ST,11,095,Annex,Active,active,14,1218.9,,2011-06-29,,-79.413809,43.668494
16 225815 STE 22 OZ,413 ROEHAMPTON AVE,15,099,Mount Pleasant East,Active,active,28,4691,,2016-09-20,http://app.toronto.ca/AIC/index.do?folderRsn=FfuVKjuyWRyFZViTF6VHxw%3D%3D,-79.385797,43.708439
21 136188 NNY 06 SA,1755 STEELES AVE W,6,034,Bathurst Manor,Built,built,0,,18099,2021-04-06,http://app.toronto.ca/AIC/index.do?folderRsn=IBNvr8aO0BeCVHrSatIZ6A%3D%3D,-79.462878,43.782672
19 253769 NNY 17 SA,50 HALLCROWN PL,17,150,Fenside-Parkwoods,Active,active,0,,1569.49,2019-11-26,http://app.toronto.ca/AIC/index.do?folderRsn=MtaycFUfxJb55PkeCtE77g%3D%3D,-79.32336,43.768062
17 179441 STE 27 OZ,572 CHURCH ST,13,167,Church-Wellesley,Under Review,proposed,98,6305,180,2017-06-13,http://app.toronto.ca/AIC/index.do?folderRsn=5WzX6Lntqx9fa9ITdOr3%2BQ%3D%3D,-79.38167,43.664243
23 144404 STE 11 SA,399 BATHURST ST,11,078,Kensington-Chinatown,Active,active,0,,22511,2023-05-11,http://app.toronto.ca/AIC/index.do?folderRsn=iznDsRgnylx3MHKrP5b7eQ%3D%3D,-79.405522,43.651589
23 135190 STE 10 SA,354 WELLINGTON ST W,10,165,Harbourfront-CityPlace,Active,active,46,4545,,2023-04-18,http://app.toronto.ca/AIC/index.do?folderRsn=TUwevXvVsNaEyd%2BZzgSZrw%3D%3D,-79.393258,43.642548
21 160390 WET 05 SA,1480 JANE ST,5,115,Mount Dennis,Built,built,0,,13329,2021-05-25,http://app.toronto.ca/AIC/index.do?folderRsn=X9Mth7ggCiEPCSPgmlMzCw%3D%3D,-79.502453,43.69451
25 213803 ESC 21 SA,2320 LAWRENCE AVE E,21,126,Dorset Park,Under Review,proposed,0,,288.1,2025-08-20,http://app.toronto.ca/AIC/index.do?folderRsn=s%2BBQ84mrP5EvZbf8cUYMcQ%3D%3D,-79.276055,43.747986
24 153505 WET 03 OZ,1025 THE QUEENSWAY,3,160,Mimico-Queensway,Active,active,4078,281122.6,22917.6,2024-05-24,http://app.toronto.ca/AIC/index.do?folderRsn=1vNBM2s0RDQ4QLEi%2BKkyyw%3D%3D,-79.515503,43.619087
22 205973 STE 11 OZ,699 YONGE ST,11,169,Bay-Cloverhill,Under Review,proposed,514,35131,414,2022-09-20,http://app.toronto.ca/AIC/index.do?folderRsn=4E7Ep7IfchP%2FuN7O9HkVTQ%3D%3D,-79.386229,43.6673
19 166175 STE 10 SA,261 QUEENS QUAY  E,10,166,St Lawrence-East Bayfront-The Islands,Built,built,0,,23341,2019-06-05,http://app.toronto.ca/AIC/index.do?folderRsn=wo3OyYeXG6qGY2wfqDcdvg%3D%3D,-79.362196,43.64331
21 232793 STE 10 OZ,18 PORTLAND ST,10,165,Harbourfront-CityPlace,Active,active,168,12211.61,2776.93,2021-11-01,http://app.toronto.ca/AIC/index.do?folderRsn=AoicNeaTAA2ahbAv%2B0Mnpg%3D%3D,-79.39958,43.64008
25 214186 WET 01 SA,401 ATTWELL DR,1,,,Under Review,proposed,0,,1463.46,2025-08-21,http://app.toronto.ca/AIC/index.do?folderRsn=AEDdFxA9xDF5MYbeLUZm0w%3D%3D,,
23 110029 STE 14 SA,285-297 DANFORTH AVE,14,068,North Riverdale,Active,active,50,2236,156,2023-02-03,http://app.toronto.ca/AIC/index.do?folderRsn=6WoLYF7%2BoI5rJzHQ0YjJyA%3D%3D,-79.35435,43.674814
21 251832 NNY 08 OZ,3300 DUFFERIN ST,8,031,Yorkdale-Glen Park,Under Review,proposed,351,24226.2,971,2021-12-29,http://app.toronto.ca/AIC/index.do?folderRsn=U8SjSOZKSRczfrR2qhWlQA%3D%3D,-79.457102,43.719465
24 128320 NNY 17 OZ,1125 SHEPPARD AVE E,17,052,Bayview Village,Under Review,proposed,1238,78265.24,2881.88,2024-03-21,http://app.toronto.ca/AIC/index.do?folderRsn=J3Q%2BdLyUWWVBC%2FITqmGvYQ%3D%3D,-79.370593,43.768008
23 216400 NNY 15 OZ,6 THORNCLIFFE PARK DR,15,,,Under Review,proposed,2665,191157,22895,2023-10-19,http://app.toronto.ca/AIC/index.do?folderRsn=X3xnANaJBrXsaEhxZXeqYA%3D%3D,,
20 174551 ESC 24 SA,4151 KINGSTON RD,24,136,West Hill,Active,active,150,10937,528,2020-07-30,http://app.toronto.ca/AIC/index.do?folderRsn=oa8xDrwQvpSjXIz4y8TjNA%3D%3D,-79.197754,43.756529
21 177934 WET 05 OZ,15 HOLLIS ST,5,115,Mount Dennis,Under Review,proposed,583,39217,,2021-06-30,http://app.toronto.ca/AIC/index.do?folderRsn=HAHe86S7YqyUbAI9BZrAdQ%3D%3D,-79.489333,43.685806
17 278700 STE 21 OZ,1467 BATHURST ST,12,094,Wychwood,Active,active,1338,89302,1820,2017-12-22,http://app.toronto.ca/AIC/index.do?folderRsn=TSB1AL78XqnAYTFsTVrbAw%3D%3D,-79.418283,43.681468
18 147351 NNY 23 OZ,15 HOLMES AVE,18,151,Yonge-Doris,Built,built,358,23929.34,,2018-04-23,http://app.toronto.ca/AIC/index.do?folderRsn=T7TC%2B60MUjxec%2FdotLm06g%3D%3D,-79.414063,43.775822
21 231202 NNY 08 OZ,1670 AVENUE RD,8,039,Bedford Park-Nortown,Active,active,81,13456.7,734.5,2021-10-27,http://app.toronto.ca/AIC/index.do?folderRsn=EkJrR1zoG6VYBG1%2BYZQDVQ%3D%3D,-79.418019,43.724796
24 194386 STE 12 OZ,1675 EGLINTON AVE W,12,107,Oakwood Village,Under Review,proposed,424,25837,269,2024-08-07,http://app.toronto.ca/AIC/index.do?folderRsn=lRDAMOkcC%2FyW12fGfvl%2BWw%3D%3D,-79.446573,43.694214
25 217373 WET 02 SA,5495 EGLINTON AVE W,2,011,Eringate-Centennial-West Deane,Under Review,proposed,0,,288.4,2025-08-28,http://app.toronto.ca/AIC/index.do?folderRsn=pgTiawnO01U18HMB5l8Unw%3D%3D,-79.60017,43.651907
24 192670 STE 12 OZ,1711 EGLINTON AVE W,12,107,Oakwood Village,Under Review,proposed,427,26010,287,2024-08-02,http://app.toronto.ca/AIC/index.do?folderRsn=NE1D7p4Oj%2FOispOBR5kAaw%3D%3D,-79.447012,43.694259
20 124703 NNY 17 SA,101 VAN HORNE AVE,17,047,Don Valley Village,Built,built,0,,5643,2020-03-11,http://app.toronto.ca/AIC/index.do?folderRsn=ZR%2BEGB6NPvcXjm%2Fanny3aw%3D%3D,-79.359658,43.7829
22 111976 ESC 24 OZ,3379-3385 LAWRENCE AVE E,24,141,Golfdale-Cedarbrae-Woburn,Active,active,155,11575,,2022-02-08,http://app.toronto.ca/AIC/index.do?folderRsn=EOsiuuz7tw5ZDCVfs1gNlQ%3D%3D,-79.233921,43.755809
16 194679 STE 20 OZ,700 SPADINA AVE,11,079,University,Built,built,10,923,17047,2016-07-21,http://app.toronto.ca/AIC/index.do?folderRsn=6jqGQxeLYGQujR8PqfOrcw%3D%3D,-79.403556,43.662888
20 119591 WET 03 OZ,26 EARLINGTON AVE,3,015,Kingsway South,Active,active,151,14969,,2020-02-26,http://app.toronto.ca/AIC/index.do?folderRsn=huqlOplZa%2B6doIo2xZ3dCg%3D%3D,-79.508806,43.659077
25 166443 STE 11 OZ,1087 YONGE ST,11,095,Annex,Under Review,proposed,235,17114,1645,2025-05-28,http://app.toronto.ca/AIC/index.do?folderRsn=0gqsYktSOIJeXBu4bseNlQ%3D%3D,-79.390469,43.677694
24 246087 WET 05 SA,1641 JANE ST,5,113,Weston,Under Review,proposed,0,,1579,2024-12-03,http://app.toronto.ca/AIC/index.do?folderRsn=%2B%2FbJXp88zXooo6YPleh%2F3A%3D%3D,-79.50364,43.700505
19 190398 NNY 06 SA,3933 KEELE ST,6,027,York University Heights,Built,built,0,,6721.37,2019-07-17,http://app.toronto.ca/AIC/index.do?folderRsn=xj%2F8FccT0o1D9IRbFjXFIg%3D%3D,-79.490454,43.76101
23 109996 STE 04 OZ,2760 DUNDAS ST W,4,090,Junction Area,Active,active,28,1961,115,2023-02-03,http://app.toronto.ca/AIC/index.do?folderRsn=7u70kZqenutczeRcjf%2BIHA%3D%3D,-79.461263,43.663362
19 183032 STE 04 OZ,625 RUNNYMEDE RD,4,,,Built,built,0,,13608,2019-07-04,http://app.toronto.ca/AIC/index.do?folderRsn=irSn6Jx%2FCar3ozjbkxP2FA%3D%3D,-79.481734,43.663011
18 122673 STE 27 OZ,175 ELIZABETH ST,11,170,Yonge-Bay Corridor,Built,built,0,,39385.33,2018-02-28,http://app.toronto.ca/DevelopmentApplications/associatedApplicationsList.do?action=init&folderRsn=4329410&isCofASearch=false,-79.385931,43.655454
22 101191 ESC 21 OZ,1296 KENNEDY RD,21,126,Dorset Park,Under Review,proposed,192,14973.98,,2022-01-06,http://app.toronto.ca/AIC/index.do?folderRsn=7tDV3rQFVpdNGoPegM3YEg%3D%3D,-79.27913,43.756306
22 200446 WET 03 OZ,2256 LAKE SHORE BLVD W,3,161,Humber Bay Shores,Under Review,proposed,575,39327,629.61,2022-09-07,http://app.toronto.ca/AIC/index.do?folderRsn=YJTfJFgYJNPme7v9fFZr4w%3D%3D,-79.484712,43.618917
18 150447 STE 19 SA,45 STRACHAN AVE,10,163,Fort York-Liberty Village,Built,built,425,32887,496,2018-04-30,http://app.toronto.ca/AIC/index.do?folderRsn=xEBazQkND8PD9U%2FjCvaZrw%3D%3D,-79.410862,43.637656
18 114724 NNY 26 SA,139 LAIRD DR,15,056,Leaside-Bennington,Built,built,0,,3464.2,2018-02-07,http://app.toronto.ca/AIC/index.do?folderRsn=UypiCUERM2IqR6332ioLTg%3D%3D,-79.362283,43.706293
23 146507 WET 01 SA,111 STEINWAY BLVD,1,001,West Humber-Clairville,Built,built,0,,16419.4,2023-05-16,http://app.toronto.ca/AIC/index.do?folderRsn=MtVpB9DUrscoa02ngGViWw%3D%3D,-79.62672,43.747532
17 267875 STE 27 OZ,10 WELLESLEY ST W,13,169,Bay-Cloverhill,Built,built,600,35795,225,2017-11-27,http://app.toronto.ca/AIC/index.do?folderRsn=dacvqLbVx0m4C83zlfahpQ%3D%3D,-79.385415,43.663006
22 137808 STE 19 SA,6 DAWES RD,19,062,East End-Danforth,Active,active,923,79004,827,2022-04-25,http://app.toronto.ca/AIC/index.do?folderRsn=jw%2BNz9AfsPzt0HEVtjXmtQ%3D%3D,-79.298983,43.685127
25 222153 WET 05 OZ,70 BROWNVILLE AVE,5,111,Rockcliffe-Smythe,Under Review,proposed,851,61902.5,,2025-09-08,http://app.toronto.ca/AIC/index.do?folderRsn=RfXoGfOGWStQfGaQSqDRzg%3D%3D,-79.485314,43.683515
21 234923 STE 12 OZ,1910 YONGE ST,12,100,Yonge-Eglinton,Active,active,1041,70836,15797,2021-11-05,http://app.toronto.ca/AIC/index.do?folderRsn=WDu2RZu5PBhYxfm7vvj%2FdA%3D%3D,-79.397193,43.696468
21 231369 STE 11 SA,65 GRACE ST,11,081,Trinity-Bellwoods,Built,built,0,,421,2021-10-27,http://app.toronto.ca/AIC/index.do?folderRsn=2HWY0jiQvnMZo%2B0LPv30dg%3D%3D,-79.414299,43.65
17 213544 STE 20 OZ,135 PORTLAND ST,10,164,Wellington Place,Active,active,129,8224,,2017-08-09,http://app.toronto.ca/AIC/index.do?folderRsn=Y70OLjr%2Fbl%2BVqO01eqVpgA%3D%3D,-79.400788,43.644442
20 159444 NNY 06 OZ,2699 KEELE ST,6,029,Maple Leaf,Active,active,418,30473.7,313.8,2020-06-23,http://app.toronto.ca/AIC/index.do?folderRsn=2DmZiRZLbz0YByp0RW8qGw%3D%3D,-79.481517,43.722547
16 199836 STE 27 OZ,79 SHUTER ST,13,168,Downtown Yonge East,Built,built,234,17025,,2016-08-02,http://app.toronto.ca/DevelopmentApplications/associatedApplicationsList.do?action=init&folderRsn=4002148&isCofASearch=false,-79.37495,43.653046
06 200145 ESC 40 OZ,3260 SHEPPARD AVE E,22,,,Built,built,804,73944,687,2006-12-28,,,
23 167119 WET 03 OZ,21-25 WINDSOR ST,3,160,Mimico-Queensway,Active,active,1117,70028,6295,2023-06-28,http://app.toronto.ca/AIC/index.do?folderRsn=yF7JrREIXs%2BpkCPrsiu08g%3D%3D,-79.497758,43.617256
20 177243 ESC 23 SA,350 MIDDLEFIELD RD,23,129,Agincourt North,Active,active,0,,1846,2020-08-06,http://app.toronto.ca/AIC/index.do?folderRsn=lf3q%2BsGVe%2BgimHH8YCTkhQ%3D%3D,-79.255594,43.802743
14 262051 ESC 41 SA,72 DYNAMIC DR,23,130,Milliken,Under Review,proposed,0,,845.59,2014-12-09,http://app.toronto.ca/AIC/index.do?folderRsn=W8xKBBeywLzVpXo5Aon4uQ%3D%3D,-79.251767,43.820782
21 206885 ESC 21 OZ,300 BOROUGH DR,21,156,Bendale-Glen Andrew,Active,active,15550,1149000,67400,2021-09-01,http://app.toronto.ca/AIC/index.do?folderRsn=gbN0qlmKKiDT5W5DxvvQlA%3D%3D,-79.263524,43.77616
23 217877 STE 11 OZ,40 WALMER RD,11,095,Annex,Active,active,253,15932,,2023-10-24,http://app.toronto.ca/AIC/index.do?folderRsn=lFMK2ZMSLL%2F7Sj%2Bd67zGSg%3D%3D,-79.407139,43.666773
22 137060 STE 11 OZ,219 ROXTON RD,11,081,Trinity-Bellwoods,Under Review,proposed,25,1599,87,2022-04-22,http://app.toronto.ca/AIC/index.do?folderRsn=7WwRY%2F2ljxXHNCTdS6RXIw%3D%3D,-79.421405,43.652526
19 148811 STE 10 SA,185 QUEENS QUAY  E,10,166,St Lawrence-East Bayfront-The Islands,Built,built,0,,17412,2019-05-03,http://app.toronto.ca/AIC/index.do?folderRsn=uWpB%2Be7CVaEZW50hmTociA%3D%3D,-79.366099,43.642654
22 205741 NNY 15 OZ,77 ERSKINE AVE,15,173,North Toronto,Active,active,377,23973,,2022-09-19,http://app.toronto.ca/AIC/index.do?folderRsn=R%2F%2FB3qChz3DJVy7%2FRZhq5Q%3D%3D,-79.396241,43.709389
15 150340 NNY 26 OZ,3 SOUTHVALE DR,15,056,Leaside-Bennington,Built,built,38,5222.47,,2015-05-01,http://app.toronto.ca/DevelopmentApplications/associatedApplicationsList.do?action=init&folderRsn=3739775&isCofASearch=false,-79.361592,43.700111
24 114801 NNY 18 SA,5800 YONGE ST,18,036,Newtonbrook West,Under Review,proposed,0,,939,2024-02-12,http://app.toronto.ca/AIC/index.do?folderRsn=bskKj%2FhrL8PwlcNdTsDfbQ%3D%3D,-79.418021,43.782525
22 137382 STE 19 SA,416 DAWES RD,19,054,O'Connor-Parkview,Active,active,0,,2416,2022-04-22,http://app.toronto.ca/AIC/index.do?folderRsn=a7y4k2lBSlC6221cGwO9Wg%3D%3D,-79.297435,43.699212
22 194893 ESC 23 SA,80 SCOTTFIELD DR,23,129,Agincourt North,Active,active,0,,17122,2022-08-23,http://app.toronto.ca/AIC/index.do?folderRsn=dFjtua1WNAX%2BiEZTsW3aoA%3D%3D,-79.25369,43.807315
19 182689 ESC 21 SA,1050 ELLESMERE RD,21,126,Dorset Park,Built,built,0,,7043,2019-07-04,http://app.toronto.ca/AIC/index.do?folderRsn=%2BNQakReev2%2F88IAubcCGXw%3D%3D,-79.273442,43.765923
21 192052 ESC 24 OZ,3718 KINGSTON RD,24,139,Scarborough Village,Under Review,proposed,419,30230,671,2021-07-30,http://app.toronto.ca/AIC/index.do?folderRsn=8jdKwifrL6rX01SeBOSBJg%3D%3D,-79.210657,43.744106
22 199142 NNY 18 OZ,6979-6991 YONGE ST,18,036,Newtonbrook West,Under Review,proposed,427,29301.27,239.7,2022-09-02,http://app.toronto.ca/AIC/index.do?folderRsn=JWyfOaz4bevsaQ1BkzVhnw%3D%3D,-79.419815,43.795672
20 160774 STE 10 SA,835 QUEEN ST W,10,162,West Queen West,Active,active,19,1118.1,136.9,2020-06-26,http://app.toronto.ca/AIC/index.do?folderRsn=dQ0egZScCDK5L97FoXfmQw%3D%3D,-79.409826,43.643862
22 178545 NNY 08 SA,101 MASON BLVD,8,039,Bedford Park-Nortown,Active,active,0,,2453.92,2022-07-18,http://app.toronto.ca/AIC/index.do?folderRsn=deVIjYR4BCXmanTzb2WGjQ%3D%3D,-79.410858,43.739306
22 192578 STE 12 OZ,429 WALMER RD,12,096,Casa Loma,Active,active,48,17130,,2022-08-18,http://app.toronto.ca/AIC/index.do?folderRsn=JWtQH%2B%2BexSO6%2BffqG%2FwAfA%3D%3D,-79.412576,43.683457
21 155923 STE 11 OZ,145 ST GEORGE ST,11,079,University,Active,active,398,23749,131,2021-05-17,http://app.toronto.ca/AIC/index.do?folderRsn=OwuO9yfmmxEGwBUViaMHPg%3D%3D,-79.400046,43.66709
21 176276 NNY 15 OZ,47 RANLEIGH AVE,15,105,Lawrence Park North,Active,active,16,1147.62,,2021-06-26,http://app.toronto.ca/AIC/index.do?folderRsn=s8aV4aWdB2ijIMlhp8%2BZrw%3D%3D,-79.401484,43.725679
19 175315 STE 19 SA,136 KINGSTON RD,19,064,Woodbine Corridor,Built,built,28,1716,,2019-06-20,http://app.toronto.ca/AIC/index.do?folderRsn=Bxjp3fWnUM%2Bm9BThYp4pnw%3D%3D,-79.311828,43.668726
22 110986 WET 01 SA,48 LOWE S PL,1,006,Kingsview Village-The Westway,Built,built,0,,25864,2022-02-04,http://app.toronto.ca/AIC/index.do?folderRsn=SJZqsXtifIKcxR3PnSGH%2FQ%3D%3D,-79.548421,43.706722
22 203333 STE 13 OZ,33 MAITLAND ST,13,167,Church-Wellesley,Active,active,501,37937,,2022-09-14,http://app.toronto.ca/AIC/index.do?folderRsn=ewlzydERgIyQyOu1nDfJfQ%3D%3D,-79.382841,43.661895
24 146962 STE 11 OZ,41 SPADINA RD,11,095,Annex,Active,active,70,5135,,2024-05-10,http://app.toronto.ca/AIC/index.do?folderRsn=GjCCH6hObaELC74YJ1cZlw%3D%3D,-79.404477,43.666845
25 193975 STE 12 SA,443 ARLINGTON AVE,12,106,Humewood-Cedarvale,Under Review,proposed,0,,930,2025-07-15,http://app.toronto.ca/AIC/index.do?folderRsn=zbHyfH4orI%2BTYbawtwECuw%3D%3D,-79.428737,43.690586
19 243755 NNY 18 OZ,6150 YONGE ST,18,036,Newtonbrook West,Active,active,674,44692.4,1418.8,2019-10-31,http://app.toronto.ca/AIC/index.do?folderRsn=RZUQb%2FW%2FUMQ58vQPU1ATaA%3D%3D,-79.419403,43.79015
24 142776 WET 07 OZ,2775 JANE ST,7,025,Glenfield-Jane Heights,Under Review,proposed,420,26665,,2024-05-01,http://app.toronto.ca/AIC/index.do?folderRsn=Ry53tv3wFuM%2FTImeYBBoxQ%3D%3D,-79.514814,43.746666
25 230811 STE 14 SA,545 COMMISSIONERS ST,14,070,South Riverdale,Under Review,proposed,0,,2696,2025-09-25,http://app.toronto.ca/AIC/index.do?folderRsn=b9jkuvtXKzFmT6F8rxbVpg%3D%3D,-79.329275,43.652403
23 167857 STE 10 SA,259 LAKE SHORE BLVD E,10,166,St Lawrence-East Bayfront-The Islands,Under Review,proposed,729,52700,,2023-06-29,http://app.toronto.ca/AIC/index.do?folderRsn=fzXU0Vd9mWCNwDQvbzVr3w%3D%3D,-79.364414,43.644614
25 231195 STE 10 SA,259 LAKE SHORE BLVD E,10,166,St Lawrence-East Bayfront-The Islands,Under Review,proposed,618,40384,270,2025-09-26,http://app.toronto.ca/AIC/index.do?folderRsn=Lp9IrpWm3Tv2toET6S4IkA%3D%3D,-79.364414,43.644614
22 108115 WET 05 SA,1552 WESTON RD,5,115,Mount Dennis,Active,active,50,2254,,2022-01-27,http://app.toronto.ca/AIC/index.do?folderRsn=SyfAVNTPTtqChG5WJ4YRPg%3D%3D,-79.506589,43.692088
24 123236 ESC 25 SA,361 A OLD FINCH AVE,25,144,Morningside Heights,Active,active,0,,269.24,2024-03-07,http://app.toronto.ca/AIC/index.do?folderRsn=Tu%2FKXH6dLAtNnx%2BfwjkeJA%3D%3D,-79.190362,43.821768
25 108662 STE 10 OZ,151 LIBERTY ST,10,085,South Parkdale,Under Review,proposed,732,43239.47,1140.03,2025-01-24,http://app.toronto.ca/AIC/index.do?folderRsn=to7%2BZawuzrsIgTd%2FsS3EzA%3D%3D,-79.424522,43.63533
25 233775 ESC 24 SA,921-931 PROGRESS AVE,24,142,Woburn North,Under Review,proposed,0,,143.44,2025-10-01,http://app.toronto.ca/AIC/index.do?folderRsn=SG%2B9ESrMetUmE14OgCVqZg%3D%3D,-79.231709,43.781222
18 189969 NNY 10 OZ,25 FISHERVILLE RD,6,035,Westminster-Branson,Active,active,396,27666,,2018-07-06,http://app.toronto.ca/AIC/index.do?folderRsn=%2BI1GKLcBlOyrEs3IrMT0Eg%3D%3D,-79.449175,43.786876
18 186858 NNY 16 OZ,2500 YONGE ST,8,100,Yonge-Eglinton,Active,active,157,18685.8,1296.9,2018-06-29,http://app.toronto.ca/AIC/index.do?folderRsn=FqvvECzq9ntDBgXCPEFMUw%3D%3D,-79.399966,43.710043
16 246686 NNY 23 SA,139 SHEPPARD AVE E,18,153,Avondale,Built,built,0,,652,2016-11-03,http://app.toronto.ca/DevelopmentApplications/associatedApplicationsList.do?action=init&folderRsn=4056392&isCofASearch=false,-79.402096,43.761301
16 173545 ESC 36 OZ,253 MARKHAM RD,24,139,Scarborough Village,Active,active,783,53736,,2016-06-14,http://app.toronto.ca/AIC/index.do?folderRsn=EAbxiwHLMOm5rlSDFebMsQ%3D%3D,-79.22038,43.745229
16 232828 STE 27 OZ,2 CARLTON ST,13,170,Yonge-Bay Corridor,Active,active,1014,69448,10037,2016-10-04,http://app.toronto.ca/AIC/index.do?folderRsn=YW93WQ5AB79QZxKfHqRATw%3D%3D,-79.383099,43.659566
17 245498 STE 20 SA,6 SPADINA AVE,10,165,Harbourfront-CityPlace,Built,built,593,39008,,2017-10-10,http://app.toronto.ca/AIC/index.do?folderRsn=OAx3fNwa%2Bx5FRghQ08lSMg%3D%3D,-79.397935,43.640454
23 183066 STE 09 OZ,1650 DUPONT ST,9,088,High Park North,Active,active,163,10434.6,341.7,2023-08-01,http://app.toronto.ca/AIC/index.do?folderRsn=R8%2BsU1vIOfatoQRtlue9fw%3D%3D,-79.4563,43.662932
22 109344 NNY 18 OZ,175 CUMMER AVE,18,050,Newtonbrook East,Active,active,59,3039.97,,2022-01-31,http://app.toronto.ca/AIC/index.do?folderRsn=%2B3Dpravvq%2FXgXEVjly07DQ%3D%3D,-79.408842,43.785868
22 124107 NNY 17 OZ,1001 SHEPPARD AVE E,17,052,Bayview Village,Under Review,proposed,1184,77424.2,2148.5,2022-03-17,http://app.toronto.ca/AIC/index.do?folderRsn=YxpgMSP8MxROJzd58HaY%2Bg%3D%3D,-79.374974,43.769121
19 235686 STE 13 SA,88 QUEEN ST E,13,,,Built,built,587,40194,10424,2019-10-11,http://app.toronto.ca/AIC/index.do?folderRsn=V8hR8tcB%2FFUbXfL8I0DHKg%3D%3D,,
22 180538 WET 05 OZ,611 KEELE ST,5,090,Junction Area,Under Review,proposed,395,26477,587,2022-07-22,http://app.toronto.ca/AIC/index.do?folderRsn=dd5vdfWmBJ2Cy4tKNabshw%3D%3D,-79.467238,43.67006
21 203298 STE 04 SA,3001 DUNDAS ST W,4,090,Junction Area,Active,active,14,1213,140,2021-08-24,http://app.toronto.ca/AIC/index.do?folderRsn=tbs6ofPlFidc2LEugl3aYQ%3D%3D,-79.469591,43.663313
16 198806 STE 21 OZ,875 EGLINTON AVE W,12,106,Humewood-Cedarvale,Built,built,390,24987,1000,2016-07-29,http://app.toronto.ca/AIC/index.do?folderRsn=ZvZoiGlHISF%2BORQkhnyjCQ%3D%3D,-79.426256,43.698614
24 214095 ESC 20 OZ,1212-1238 KINGSTON RD,20,122,Birchcliffe-Cliffside,Under Review,proposed,200,12686,577,2024-09-17,http://app.toronto.ca/AIC/index.do?folderRsn=TemXgwMr0JSFHHi3pVlhzw%3D%3D,-79.27894,43.680784
19 128983 STE 10 SA,162 QUEENS QUAY  E,10,166,St Lawrence-East Bayfront-The Islands,Built,built,463,27474,810,2019-03-21,http://app.toronto.ca/AIC/index.do?folderRsn=Io3PXs0uZSzlaVMd116Bzw%3D%3D,-79.367923,43.642894
21 199636 STE 14 OZ,682 BROADVIEW AVE,14,068,North Riverdale,Under Review,proposed,857,55970,2289,2021-08-17,http://app.toronto.ca/AIC/index.do?folderRsn=wb6WDURk0SCXwF4US%2F7EFA%3D%3D,-79.358048,43.672521
24 166703 STE 12 OZ,2323 YONGE ST,12,100,Yonge-Eglinton,Active,active,784,46477,998,2024-06-18,http://app.toronto.ca/AIC/index.do?folderRsn=XMqnMmlIb%2FOMbxovRXcsxA%3D%3D,-79.398486,43.706533
20 234713 NNY 17 OZ,6 FOXDALE CRT,17,049,Bayview Woods-Steeles,Active,active,6,2163.06,,2020-12-30,http://app.toronto.ca/AIC/index.do?folderRsn=VIj37vxlurlxaVLYNQ7D9g%3D%3D,-79.385049,43.793239
22 124524 NNY 16 OZ,230 THE DONWAY  W,16,042,Banbury-Don Mills,Active,active,315,21173.3,743.3,2022-03-18,http://app.toronto.ca/AIC/index.do?folderRsn=ejEYz8atkHm2Sis68ILQjQ%3D%3D,-79.347586,43.736866
22 222351 ESC 22 OZ,3600 FINCH AVE E,22,148,East L'Amoreaux,Active,active,356,24159,3176,2022-10-26,http://app.toronto.ca/AIC/index.do?folderRsn=qH4AqT7UGG9mgokfQzrEHg%3D%3D,-79.307052,43.797558
22 216345 STE 11 OZ,425 BLOOR ST W,11,079,University,Active,active,472,30507,798,2022-10-12,http://app.toronto.ca/AIC/index.do?folderRsn=Z%2Bsz4E1BxmWRB%2B0JGMxCKA%3D%3D,-79.405117,43.664212
24 253157 NNY 18 OZ,40 HENDON AVE,18,036,Newtonbrook West,Active,active,148,10228.33,,2024-12-23,http://app.toronto.ca/AIC/index.do?folderRsn=iPShNmh46XKQU0XOFDq5gw%3D%3D,-79.419602,43.779076
24 194913 STE 14 OZ,26 LAING ST,14,063,The Beaches,Active,active,170,11168.3,111.6,2024-08-08,http://app.toronto.ca/AIC/index.do?folderRsn=Za2pATwvtR0GBe%2FoM3TyXg%3D%3D,-79.327139,43.660383
22 185154 STE 13 OZ,15 TORONTO ST,13,168,Downtown Yonge East,Active,active,394,25711,205,2022-08-03,http://app.toronto.ca/AIC/index.do?folderRsn=azLt9iEWlwkPs7d07KONqg%3D%3D,-79.3762,43.648326
24 174957 NNY 18 OZ,3138 BAYVIEW AVE,18,152,East Willowdale,Active,active,5,958.1,,2024-07-04,http://app.toronto.ca/AIC/index.do?folderRsn=LexBIuZ%2BVSZu7iBvBS1wdQ%3D%3D,-79.392108,43.780101
18 272965 ESC 22 OZ,3050 PHARMACY AVE,22,147,L'Amoreaux West,Built,built,303,28396.1,,2018-12-31,http://app.toronto.ca/AIC/index.do?folderRsn=uqvLOTelvdiyOqr0iH3VpQ%3D%3D,-79.327642,43.793582
23 118421 NNY 16 OZ,155 ST DENNIS DR,16,044,Flemingdon Park,Active,active,2170,135413.25,348,2023-02-28,http://app.toronto.ca/AIC/index.do?folderRsn=nLREUQ3tvVbs6QwhNtzdTg%3D%3D,-79.327568,43.719795
19 124750 STE 04 OZ,2946 DUNDAS ST W,4,090,Junction Area,Built,built,120,11151,3495,2019-03-12,http://app.toronto.ca/AIC/index.do?folderRsn=5Gp%2BSZi91RnC10NKUWqk%2FQ%3D%3D,-79.467884,43.663628
17 218847 NNY 25 OZ,110 BROADWAY AVE,15,173,North Toronto,Built,built,858,51818.5,626.5,2017-08-18,http://app.toronto.ca/AIC/index.do?folderRsn=oLQhEfLcaHEuz6Sv3kOtTQ%3D%3D,-79.39317,43.709014
22 205614 WET 03 OZ,1138 ISLINGTON AVE,3,159,Etobicoke City Centre,Under Review,proposed,37,1951,,2022-09-19,http://app.toronto.ca/AIC/index.do?folderRsn=0o4zrsqtxpAP8xpxKL88og%3D%3D,-79.521683,43.63717
21 169458 NNY 15 OZ,124 BROADWAY AVE,15,173,North Toronto,Active,active,576,32805,,2021-06-11,http://app.toronto.ca/AIC/index.do?folderRsn=LrIdAX9nF%2F8KxUyv8ZyK8w%3D%3D,-79.392708,43.709376
24 221140 STE 10 SA,1 CENTRE ISLAND PK,10,,,Active,active,0,,5221,2024-10-02,http://app.toronto.ca/AIC/index.do?folderRsn=AS6ZRRrHt5DmSkwqFwz%2F4g%3D%3D,-79.377479,43.613225
00 035704 ASC 37 OZ,350 PROGRESS AVE,21,,,Active,active,1797,178808,1708.62,2000-07-13,,,
21 251348 STE 14 OZ,415 BROADVIEW AVE,14,070,South Riverdale,Under Review,proposed,49,3886,,2021-12-24,http://app.toronto.ca/AIC/index.do?folderRsn=K2n6J9GzI354xMURtuibOg%3D%3D,-79.352855,43.664523
20 102415 STE 10 SA,1001 QUEEN ST W,10,,,Active,active,0,,31421,2020-01-08,http://app.toronto.ca/AIC/index.do?folderRsn=ZAnyDy8vZooh4UD7yy4uWA%3D%3D,,
20 218559 WET 05 OZ,1575 LAWRENCE AVE W,5,030,Brookhaven-Amesbury,Active,active,118,9881.5,132.2,2020-11-16,http://app.toronto.ca/AIC/index.do?folderRsn=fYfK1ccGuJ4%2FTizTDjy8zA%3D%3D,-79.48874,43.703795
14 204219 STE 20 OZ,23 SPADINA AVE,10,165,Harbourfront-CityPlace,Built,built,1397,102739,4570,2014-08-11,http://app.toronto.ca/AIC/index.do?folderRsn=BZYuuWLAErWrrKihN0lRKg%3D%3D,-79.39266,43.639181
22 130989 ESC 22 SA,1028 MCNICOLL AVE,22,,,Active,active,175,15033.99,,2022-04-06,http://app.toronto.ca/AIC/index.do?folderRsn=csksQbRDyze%2BSa8hjJ1qgg%3D%3D,,
19 129081 WET 01 SA,30 VICE REGENT BLVD,1,001,West Humber-Clairville,Under Review,proposed,0,,6042.8,2019-03-21,http://app.toronto.ca/AIC/index.do?folderRsn=5YbA6b5sp0g%2BoHYIlq9BIw%3D%3D,-79.592122,43.709811
25 241423 WET 02 SA,4668 DUNDAS ST W,2,015,Kingsway South,Under Review,proposed,58,4484.5,,2025-10-17,http://app.toronto.ca/AIC/index.do?folderRsn=zSH6E7OfVobwpTygetKNvg%3D%3D,-79.5241,43.652585
16 205578 NNY 24 OZ,260 FINCH AVE E,18,152,East Willowdale,Built,built,30,2847.94,,2016-08-11,,-79.396914,43.782217
19 125840 STE 11 OZ,6 HOSKIN AVE,11,079,University,Active,active,0,,11991,2019-03-14,http://app.toronto.ca/AIC/index.do?folderRsn=tnVDMsObPdEaGLgKLV1qsQ%3D%3D,-79.395977,43.663458
20 173349 ESC 21 SA,110 RIDGETOP RD,21,126,Dorset Park,Active,active,0,,3716,2020-07-28,http://app.toronto.ca/AIC/index.do?folderRsn=ZXmjtUAOG98vldih4CRuYQ%3D%3D,-79.291532,43.769295
21 238067 WET 03 SA,450 EVANS AVE,3,020,Alderwood,Built,built,0,,29470,2021-11-15,http://app.toronto.ca/AIC/index.do?folderRsn=PGUIaAWDFNowdRuqqXEdoQ%3D%3D,-79.532774,43.613187
21 168576 STE 09 SA,70 CALEDONIA PARK RD,9,091,Weston-Pelham Park,Active,active,0,,7981.5,2021-06-10,http://app.toronto.ca/AIC/index.do?folderRsn=8vv1mUohJKdaWdm9MShSbg%3D%3D,-79.453636,43.671333
21 221491 ESC 23 SA,59 HEATHER RD,23,128,Agincourt South-Malvern West,Under Review,proposed,0,,482.91,2021-10-04,http://app.toronto.ca/AIC/index.do?folderRsn=TRffjUge0UpP0Qtaovk3Xg%3D%3D,-79.27048,43.787997
24 200736 NNY 18 OZ,221 FINCH AVE W,18,037,Willowdale West,Active,active,503,33519.91,1947.24,2024-08-19,http://app.toronto.ca/AIC/index.do?folderRsn=9cczVa%2FQqTJ94W%2FlMGdfwQ%3D%3D,-79.435138,43.773231
23 140427 STE 13 OZ,2 CAWTHRA SQ,13,167,Church-Wellesley,Active,active,590,39541,476,2023-05-02,http://app.toronto.ca/AIC/index.do?folderRsn=0S3f%2FNZj4wXIz44oJNPcXQ%3D%3D,-79.379703,43.665176
17 278837 WET 05 SA,66 JUTLAND RD,3,159,Etobicoke City Centre,Built,built,0,,11636,2017-12-22,http://app.toronto.ca/AIC/index.do?folderRsn=Xr1CEuUbBik6rQaiaSmftw%3D%3D,-79.522919,43.626517
16 204453 WET 02 SA,40 QUEENS PLATE DR,1,001,West Humber-Clairville,Under Review,proposed,0,,1941,2016-08-10,http://app.toronto.ca/AIC/index.do?folderRsn=ca9UVLOwj6KVsspWdCxDiw%3D%3D,-79.591005,43.707819
11 271603 NNY 15 OZ,464 WINONA DR,12,107,Oakwood Village,Active,active,16,2670,,2011-09-09,,-79.436079,43.687369
09 193191 ESC 40 SA,520 ELLESMERE RD,21,119,Wexford/Maryvale,Built,built,0,,11932.4,2009-12-02,http://app.toronto.ca/AIC/index.do?folderRsn=aFc%2F6jK4ENPcgmE4jgEdHg%3D%3D,-79.294809,43.760813
16 218808 STE 14 OZ,6 NOBLE ST,4,085,South Parkdale,Active,active,171,12029.3,40,2016-09-07,http://app.toronto.ca/AIC/index.do?folderRsn=gH1o79zaq%2BnZavJCcCp92A%3D%3D,-79.430482,43.640554
22 121988 ESC 20 OZ,708 KENNEDY RD,20,124,Kennedy Park,Active,active,682,49846.74,,2022-03-11,http://app.toronto.ca/AIC/index.do?folderRsn=w833puGVk1tUnh4jwhaWvA%3D%3D,-79.267682,43.726811
22 243087 STE 13 OZ,34-42 MAITLAND ST,13,167,Church-Wellesley,Active,active,532,38200,,2022-12-29,http://app.toronto.ca/AIC/index.do?folderRsn=ansnCb%2BcD0%2BREvhlmSYjdw%3D%3D,-79.382654,43.662441
25 144316 WET 07 SA,2 NORELCO DR,7,021,Humber Summit,Under Review,proposed,0,,19266.64,2025-04-14,http://app.toronto.ca/AIC/index.do?folderRsn=RsLMsQx3JqZX50HoP5zrmw%3D%3D,-79.53452,43.758384
21 199866 STE 12 OZ,91 RAGLAN AVE,12,106,Humewood-Cedarvale,Active,active,305,21565,142,2021-08-17,http://app.toronto.ca/AIC/index.do?folderRsn=AFjrHGLd8QpIJcpfhe2Aww%3D%3D,-79.420679,43.683802
11 143142 STE 20 OZ,571 DUNDAS ST W,10,078,Kensington-Chinatown,Active,active,1434,84904,5530,2011-03-11,,-79.40024,43.650352
21 234009 NNY 15 OZ,136 BROADWAY AVE,15,173,North Toronto,Active,active,290,19150,,2021-11-04,http://app.toronto.ca/AIC/index.do?folderRsn=Tx9gkf58geDi8B%2F3kcXs9A%3D%3D,-79.392194,43.709274
24 187292 WET 03 SA,5 REDCAR AVE,3,159,Etobicoke City Centre,Active,active,0,,6425,2024-07-25,http://app.toronto.ca/AIC/index.do?folderRsn=pWZ8PxtHlHaa3l9bkeZQvg%3D%3D,-79.557655,43.632953
21 120011 NNY 15 OZ,70 WICKSTEED AVE,15,055,Thorncliffe Park,Active,active,0,,19995,2021-02-24,http://app.toronto.ca/AIC/index.do?folderRsn=XDGAJWTsFpMHuLdplOWqxA%3D%3D,-79.362552,43.709821
22 166819 STE 10 OZ,200 UNIVERSITY AVE,10,164,Wellington Place,Under Review,proposed,626,50766.6,,2022-06-23,http://app.toronto.ca/AIC/index.do?folderRsn=eMpV%2Bsnst2OsGu9VW%2BerwA%3D%3D,-79.386832,43.647681
16 270189 STE 28 OZ,227 GERRARD ST E,13,073,Moss Park,Active,active,116,8991,966,2016-12-22,http://app.toronto.ca/AIC/index.do?folderRsn=F%2FpMXBNdaU%2Bv%2BHcvDeMqUw%3D%3D,-79.370603,43.659389
14 193205 WET 11 SA,2 BUTTONWOOD AVE,5,115,Mount Dennis,Built,built,105,5800,503,2014-07-18,,-79.50218,43.689417
20 192344 WET 05 SA,155 FALSTAFF AVE,5,028,Rustic,Built,built,0,,6469,2020-09-11,http://app.toronto.ca/AIC/index.do?folderRsn=T4demuzAZ31P5rCt7jTVmQ%3D%3D,-79.495671,43.715138
18 259547 WET 02 SA,33 CARLSON CRT,1,001,West Humber-Clairville,Built,built,0,,10793,2018-11-22,http://app.toronto.ca/AIC/index.do?folderRsn=CLYRXqXRl%2FS2lT42QZVJrQ%3D%3D,-79.58394,43.688092
18 119828 WET 02 SA,555 REXDALE BLVD,1,001,West Humber-Clairville,Built,built,0,,106760,2018-02-21,http://app.toronto.ca/AIC/index.do?folderRsn=vPjZapUs2EcTmD2DQfhd7g%3D%3D,-79.605834,43.707013
17 279888 STE 30 SA,8 DE GRASSI ST,14,070,South Riverdale,Under Review,proposed,15,725.2,58.4,2017-12-28,http://app.toronto.ca/AIC/index.do?folderRsn=NRJszMnLRNNarLSdswtK4A%3D%3D,-79.34648,43.658096
21 138377 ESC 24 OZ,4121 KINGSTON RD,24,136,West Hill,Active,active,1029,85616,3420,2021-04-09,http://app.toronto.ca/AIC/index.do?folderRsn=7Bt3jUNGatQZz36uWG2sZw%3D%3D,-79.198626,43.754857
22 109040 NNY 17 SA,44 APPIAN DR,17,052,Bayview Village,Active,active,0,,4068,2022-01-31,http://app.toronto.ca/AIC/index.do?folderRsn=vxzjEYr4mRigynGEWA2kcA%3D%3D,-79.371577,43.783777
18 153602 STE 19 OZ,950 KING ST W,10,163,Fort York-Liberty Village,Active,active,243,15510.77,121.82,2018-05-04,http://app.toronto.ca/AIC/index.do?folderRsn=GV6eTxfgi0CTju3rFNX9yA%3D%3D,-79.412017,43.640379
21 151369 STE 13 SA,55 EASTERN AVE,13,166,St Lawrence-East Bayfront-The Islands,Active,active,0,,24272,2021-05-07,http://app.toronto.ca/AIC/index.do?folderRsn=60d3y2OTKy4QYs7y2VLA3g%3D%3D,-79.358841,43.651338
20 115056 STE 09 SA,158 STERLING RD,9,086,Roncesvalles,Built,built,266,19337,1145,2020-02-12,http://app.toronto.ca/AIC/index.do?folderRsn=fIrwJ6KZ7YXv0HRazt9pWw%3D%3D,-79.446164,43.6526
25 147607 ESC 22 OZ,2914 SHEPPARD AVE E,22,118,Tam O'Shanter-Sullivan,Under Review,proposed,590,43089,280,2025-04-22,http://app.toronto.ca/AIC/index.do?folderRsn=erdEDhDRUlYRlieAqGl%2Bdw%3D%3D,-79.322266,43.774001
24 186227 STE 19 SA,32 CRANFIELD RD,19,054,O'Connor-Parkview,Active,active,0,,216.85,2024-07-23,http://app.toronto.ca/AIC/index.do?folderRsn=tPbLCw7IFIRaB2SS1J5sWA%3D%3D,-79.311172,43.712585
25 200375 ESC 21 OZ,2130 LAWRENCE AVE E,21,119,Wexford/Maryvale,Under Review,proposed,1303,86380.1,1877.8,2025-07-25,http://app.toronto.ca/AIC/index.do?folderRsn=7WXDnKONXZ70jFjX2q3VoQ%3D%3D,-79.287546,43.74554
16 195545 WET 05 SA,5415 DUNDAS ST W,3,159,Etobicoke City Centre,Built,built,295,23366,5096,2016-07-22,http://app.toronto.ca/AIC/index.do?folderRsn=A3fPITPfHPFl3XlwIOJIiQ%3D%3D,-79.54149,43.631975
23 219525 NNY 18 OZ,26 HOUNSLOW AVE,18,037,Willowdale West,Active,active,305,19235.3,,2023-10-27,http://app.toronto.ca/AIC/index.do?folderRsn=6TZizKqwehaiaASpoX9Anw%3D%3D,-79.416191,43.773493
17 274213 ESC 37 OZ,2180 LAWRENCE AVE E,21,119,Wexford/Maryvale,Active,active,488,26646,,2017-12-11,http://app.toronto.ca/DevelopmentApplications/associatedApplicationsList.do?action=init&folderRsn=4294603&isCofASearch=false,-79.284668,43.746159
22 204291 WET 05 OZ,2355 KEELE ST,5,030,Brookhaven-Amesbury,Under Review,proposed,311,22540,,2022-09-15,http://app.toronto.ca/AIC/index.do?folderRsn=uzLp12siDrG3kgf4KXU1HA%3D%3D,-79.477675,43.705677
23 113750 WET 03 OZ,37 SHORNCLIFFE RD,3,159,Etobicoke City Centre,Active,active,0,,16710.6,2023-02-14,http://app.toronto.ca/AIC/index.do?folderRsn=wCgLfTiYPwcikUfZhVdDnw%3D%3D,-79.543345,43.627994
20 230438 STE 12 OZ,190 SOUDAN AVE,12,174,South Eglinton-Davisville,Active,active,194,15231,,2020-12-18,http://app.toronto.ca/AIC/index.do?folderRsn=NipFr%2Byj5w7d7u%2FZbs7Tyw%3D%3D,-79.39112,43.703956
22 112333 ESC 21 OZ,1519 BIRCHMOUNT RD,21,119,Wexford/Maryvale,Under Review,proposed,103,7316.66,,2022-02-09,http://app.toronto.ca/AIC/index.do?folderRsn=9kyj0Dp8oJiGKkfsR83Rsw%3D%3D,-79.289562,43.757383
22 166545 STE 12 OZ,170 ROEHAMPTON AVE,12,174,South Eglinton-Davisville,Active,active,599,38816,,2022-06-22,http://app.toronto.ca/AIC/index.do?folderRsn=uEQtjBlrAXcf4CtGBMx9pQ%3D%3D,-79.394043,43.707293
24 246869 STE 14 OZ,280 COMMISSIONERS ST,14,070,South Riverdale,Under Review,proposed,937,64882.58,16336.7,2024-12-04,http://app.toronto.ca/AIC/index.do?folderRsn=5Yi%2Bq%2BFnnKvFodalcskTYg%3D%3D,-79.342393,43.648511
24 187123 STE 04 OZ,2461 DUNDAS ST W,4,088,High Park North,Under Review,proposed,281,19266.3,360.6,2024-07-24,http://app.toronto.ca/AIC/index.do?folderRsn=00RIt5M%2FGR5kjxU4gIts2A%3D%3D,-79.453949,43.65756
24 154638 WET 05 OZ,2595 ST CLAIR AVE W,5,089,Runnymede-Bloor West Village,Active,active,505,38172,2453.1,2024-05-27,http://app.toronto.ca/AIC/index.do?folderRsn=Ef47EFRWlsDODbF0R5zKUQ%3D%3D,-79.490748,43.66513
16 118618 NNY 24 OZ,627 SHEPPARD AVE E,17,052,Bayview Village,Built,built,238,16240.2,417.5,2016-02-19,http://app.toronto.ca/AIC/index.do?folderRsn=lkecXxN29xDphoNWiM%2FY0A%3D%3D,-79.380589,43.765927
24 132505 ESC 24 OZ,4201-4203 KINGSTON RD,24,136,West Hill,Active,active,68,4744.3,,2024-04-04,http://app.toronto.ca/AIC/index.do?folderRsn=PexUnCkkwZvukPfiSn1wew%3D%3D,-79.196159,43.758255
12 152660 STE 20 OZ,263 ADELAIDE ST W,10,164,Wellington Place,Active,active,432,28695,3087,2012-04-12,http://app.toronto.ca/AIC/index.do?folderRsn=bzNt32X3%2BxtY8geI1jSkfA%3D%3D,-79.389585,43.645799
25 127266 WET 03 OZ,125 THE QUEENSWAY,3,016,Stonegate-Queensway,Under Review,proposed,3968,266647.1,4553.8,2025-03-11,http://app.toronto.ca/AIC/index.do?folderRsn=zGezOf5ugxCP4seEadTuPw%3D%3D,-79.481752,43.628177
24 136301 ESC 21 OZ,2444 EGLINTON AVE E,21,124,Kennedy Park,Active,active,919,62271.79,1871.47,2024-04-15,http://app.toronto.ca/AIC/index.do?folderRsn=Flt2i1N6n2q2d8TDjlf8Xg%3D%3D,-79.264974,43.731517
25 182239 STE 14 OZ,20 LESLIE ST,14,070,South Riverdale,Under Review,proposed,643,48219.9,1320.4,2025-06-23,http://app.toronto.ca/AIC/index.do?folderRsn=ldD9bNpnGEDOnVKsuqyyxw%3D%3D,-79.329734,43.658228
24 252430 NNY 18 OZ,30 HENDON AVE,18,036,Newtonbrook West,Under Review,proposed,433,30696,,2024-12-20,http://app.toronto.ca/AIC/index.do?folderRsn=7oi6TxkV1WyDpKNpzuZwkw%3D%3D,-79.418571,43.779332
24 235116 WET 03 OZ,5280 DUNDAS ST W,3,159,Etobicoke City Centre,Active,active,462,28474.5,95.3,2024-11-05,http://app.toronto.ca/AIC/index.do?folderRsn=CUCqCyv2TX1fErhSY6MAYA%3D%3D,-79.539538,43.635837
07 288612 ESC 38 OZ,1221 MARKHAM RD,24,,,Active,active,879,73884.2,865.4,2007-12-20,,,
12 276890 STE 20 OZ,266-270 KING ST W,10,164,Wellington Place,Active,active,2268,155962,3229,2012-11-09,,-79.388337,43.645194
13 124500 NNY 23 OZ,57 LINELLE ST,18,039,Bedford Park-Nortown,Active,active,34,7431.8,,2013-02-25,http://app.toronto.ca/AIC/index.do?folderRsn=vA8QgbKFapdoup3UwDCBfA%3D%3D,-79.410652,43.751832
18 270584 NNY 16 OZ,850 YORK MILLS RD,16,042,Banbury-Don Mills,Active,active,0,,53413,2018-12-20,http://app.toronto.ca/AIC/index.do?folderRsn=o3xAliMqwKGQeVhIhKutiA%3D%3D,-79.353925,43.753053
19 185758 STE 10 SA,571 DUNDAS ST W,10,078,Kensington-Chinatown,Built,built,188,16898.9,505.5,2019-07-09,http://app.toronto.ca/AIC/index.do?folderRsn=S%2BgVnaq4g58PIow6kzDoGQ%3D%3D,-79.40024,43.650352
22 119174 NNY 18 OZ,6125 YONGE ST,18,036,Newtonbrook West,Active,active,432,28310.76,1808.68,2022-03-03,http://app.toronto.ca/AIC/index.do?folderRsn=XTS6BVdLXjvkaBkacMMF%2Fw%3D%3D,-79.418249,43.790218
25 252700 WET 05 SA,2427 WESTON RD,5,113,Weston,Under Review,proposed,0,,13994,2025-11-12,http://app.toronto.ca/AIC/index.do?folderRsn=xeL0w%2B%2F1JbUhJRxfcYy5yA%3D%3D,-79.532359,43.705076
24 245561 NNY 15 OZ,2425 BAYVIEW AVE,15,041,Bridle Path-Sunnybrook-York Mills,Active,active,56,13410.18,,2024-12-02,http://app.toronto.ca/AIC/index.do?folderRsn=MCrR6NHy8PqWzKUIhbL%2F0Q%3D%3D,-79.381955,43.735878
24 211777 WET 03 OZ,3418 LAKE SHORE BLVD W,3,019,Long Branch,Active,active,79,6471.6,104.4,2024-09-12,http://app.toronto.ca/AIC/index.do?folderRsn=uok%2BwVCfwc6DquHDo2Xq8g%3D%3D,-79.52888,43.59388
14 266616 STE 29 OZ,796 BROADVIEW AVE,14,068,North Riverdale,Built,built,33,3420,154,2014-12-22,http://app.toronto.ca/DevelopmentApplications/associatedApplicationsList.do?action=init&folderRsn=3676555&isCofASearch=false,-79.359249,43.675456
17 225847 STE 20 OZ,292 DUNDAS ST W,11,078,Kensington-Chinatown,Built,built,382,22544,1862,2017-08-31,http://app.toronto.ca/AIC/index.do?folderRsn=21kRAl3WpQmG3FYVMudQJQ%3D%3D,-79.391314,43.652511
21 247109 STE 04 OZ,3239 DUNDAS ST W,4,090,Junction Area,Active,active,127,8663,130,2021-12-10,http://app.toronto.ca/AIC/index.do?folderRsn=y%2B6qGy7mUdBX8OCipntGkQ%3D%3D,-79.478118,43.663373
25 139446 WET 02 OZ,1455 ROYAL YORK RD,2,007,Willowridge-Martingrove-Richview,Under Review,proposed,72,7495.71,,2025-04-04,http://app.toronto.ca/AIC/index.do?folderRsn=mj6TElGc8Pqweuh03DyW9w%3D%3D,-79.528334,43.685307
21 233780 STE 11 OZ,906 YONGE ST,11,095,Annex,Active,active,410,27870,760,2021-11-03,http://app.toronto.ca/AIC/index.do?folderRsn=3UNrbczLRVp%2B9d8tWsplNQ%3D%3D,-79.389068,43.671702
21 157799 STE 04 SA,12 WINDERMERE AVE,4,,,Under Review,proposed,3,341,198,2021-05-20,http://app.toronto.ca/AIC/index.do?folderRsn=f1CrhhsTAc7a7GnlGIUbMg%3D%3D,,
14 213710 STE 28 OZ,5 DEFRIES ST,13,072,Regent Park,Built,built,580,39753,,2014-08-28,http://app.toronto.ca/AIC/index.do?folderRsn=9s3Q5G0VF7roerKKHH3bpw%3D%3D,-79.356467,43.658506
25 227957 NNY 15 OZ,922 MILLWOOD RD,15,056,Leaside-Bennington,Under Review,proposed,44,3787,83,2025-09-19,http://app.toronto.ca/AIC/index.do?folderRsn=fRM5ufR1%2FtKpDZjgnc4JiA%3D%3D,-79.36307,43.701231
21 235569 NNY 18 OZ,500 SHEPPARD AVE E,18,153,Avondale,Active,active,1072,57600,3400,2021-11-08,http://app.toronto.ca/AIC/index.do?folderRsn=N6I714wcB1cLcfMcGbNjaQ%3D%3D,-79.389128,43.764863
20 126617 WET 03 OZ,2157 LAKE SHORE BLVD W,3,161,Humber Bay Shores,Active,active,0,,8119.8,2020-03-16,http://app.toronto.ca/AIC/index.do?folderRsn=zytgD6RTdexFW0OjbM7VnQ%3D%3D,-79.479638,43.623296
13 133965 NNY 16 OZ,117 ROSELAWN AVE,8,100,Yonge-Eglinton,Built,built,12,2189.3,,2013-03-15,,-79.40304,43.708032
25 256564 WET 03 OZ,69 OLD MILL TER,3,016,Stonegate-Queensway,Under Review,proposed,371,27713.46,,2025-11-20,http://app.toronto.ca/AIC/index.do?folderRsn=fb5W4uch9HTLYmUi2bCXGQ%3D%3D,-79.498909,43.647713
22 129524 STE 09 SA,1141 BLOOR ST W,9,083,Dufferin Grove,Active,active,856,58175,1519,2022-04-01,http://app.toronto.ca/AIC/index.do?folderRsn=tSVUYT3CXdbL6PIa%2FvhVxA%3D%3D,-79.438335,43.656172
21 125701 STE 13 OZ,412 CHURCH ST,13,168,Downtown Yonge East,Active,active,311,22418,282,2021-03-11,http://app.toronto.ca/AIC/index.do?folderRsn=S%2Bw4dM1%2FSATjiantTnimbw%3D%3D,-79.37942,43.658828
11 332281 STE 27 OZ,21 AVENUE RD,11,079,University,Built,built,797,53685,4998,2011-12-30,,-79.394329,43.667916
17 162754 STE 28 OZ,83 RIVER ST,13,072,Regent Park,Active,active,388,23667,300,2017-05-18,http://app.toronto.ca/AIC/index.do?folderRsn=%2BDxepQxK5HHj0VDFZ0Zjng%3D%3D,-79.357565,43.657936
23 115006 WET 05 OZ,1812 WESTON RD,5,008,Humber Heights-Westmount,Active,active,303,22788.2,379.2,2023-02-17,http://app.toronto.ca/AIC/index.do?folderRsn=Q%2B8KyNUpYMVVGwTDpTlRug%3D%3D,-79.513361,43.69685
22 118270 ESC 21 OZ,2102 LAWRENCE AVE E,21,119,Wexford/Maryvale,Active,active,149,10293,,2022-03-01,http://app.toronto.ca/AIC/index.do?folderRsn=elOKHCF5cdmULT1viMa8qA%3D%3D,-79.290668,43.744707
15 131139 STE 22 OZ,377 SPADINA RD,12,101,Forest Hill South,Built,built,5,1337.82,,2015-03-23,,-79.412269,43.685643
09 170317 WET 06 OZ,2143 LAKE SHORE BLVD W,3,161,Humber Bay Shores,Built,built,883,61196,3933,2009-03-09,,-79.479359,43.624268
14 266161 ESC 41 SA,95 STATE CROWN BLVD,23,130,Milliken,Active,active,0,,2405.78,2014-12-19,,-79.259486,43.829698
20 124315 STE 13 OZ,244 CHURCH ST,13,168,Downtown Yonge East,Built,built,681,37005,315,2020-03-10,http://app.toronto.ca/AIC/index.do?folderRsn=0bpwpt5JrAzNlNk%2FkuphOg%3D%3D,-79.377459,43.653964
25 187784 NNY 06 OZ,271 COCKSFIELD AVE,6,033,Clanton Park,Under Review,proposed,319,23567,,2025-07-03,http://app.toronto.ca/AIC/index.do?folderRsn=exdaceujU5%2B9wSpLFBMzpw%3D%3D,-79.459018,43.750373
24 207996 NNY 18 OZ,4949 BATHURST ST,18,037,Willowdale West,Under Review,proposed,491,34283,2789,2024-09-04,http://app.toronto.ca/AIC/index.do?folderRsn=Uo09FzO5%2FA7GPC5DZYrdyA%3D%3D,-79.442581,43.772366
21 233897 STE 12 OZ,50 MERTON ST,12,099,Mount Pleasant East,Under Review,proposed,603,36057,1758,2021-11-03,http://app.toronto.ca/AIC/index.do?folderRsn=nnbkVB3MSlXRS0d6MZVe5w%3D%3D,-79.394542,43.694984
23 152222 ESC 24 SA,2863 ELLESMERE RD,24,135,Morningside,Under Review,proposed,0,,3370,2023-05-29,http://app.toronto.ca/AIC/index.do?folderRsn=VXvJn2we0uvTaavrAscCTw%3D%3D,-79.207519,43.779929
23 133181 ESC 24 SA,3201 EGLINTON AVE E,24,139,Scarborough Village,Under Review,proposed,0,,342.36,2023-04-12,http://app.toronto.ca/AIC/index.do?folderRsn=0ANeuhRnDPpgkpDtJJkOvw%3D%3D,-79.21546,43.741743
17 278424 WET 02 OZ,840 QUEENS PLATE DR,1,001,West Humber-Clairville,Under Review,proposed,148,11925,,2017-12-21,http://app.toronto.ca/AIC/index.do?folderRsn=1g1qnUKe1ysievsd111Zew%3D%3D,-79.603593,43.71859
16 216777 STE 28 OZ,18 EASTERN AVE,13,166,St Lawrence-East Bayfront-The Islands,Built,built,379,24237,890,2016-09-01,http://app.toronto.ca/AIC/index.do?folderRsn=jf4qcPuVQjI%2Bnpl%2Fn%2FVbAA%3D%3D,-79.360429,43.651175
16 168925 WET 06 OZ,10 AUDLEY ST,3,160,Mimico-Queensway,Active,active,1824,122701,952,2016-06-06,http://app.toronto.ca/AIC/index.do?folderRsn=BojKG45tzXOl%2Fe7Pr3AZ3w%3D%3D,-79.493093,43.618066
21 235841 STE 12 OZ,645 NORTHCLIFFE BLVD,12,107,Oakwood Village,Under Review,proposed,336,23922,131,2021-11-09,http://app.toronto.ca/AIC/index.do?folderRsn=Cs7n5HTiQPWEg9eDZyhINA%3D%3D,-79.447221,43.693305
21 235229 NNY 08 OZ,2402 DUFFERIN ST,8,109,Caledonia-Fairbank,Under Review,proposed,505,31132,520,2021-11-08,http://app.toronto.ca/AIC/index.do?folderRsn=4ssV4GcXebunq%2F7VdQYPyw%3D%3D,-79.45185,43.694828
17 244663 WET 05 OZ,880 THE QUEENSWAY,3,016,Stonegate-Queensway,Built,built,103,7494,671,2017-10-06,http://app.toronto.ca/AIC/index.do?folderRsn=fcW2x%2F%2B5C%2Fd%2BIkBwZO2oHw%3D%3D,-79.511605,43.622624
24 173799 WET 03 SA,260 EIGHTH ST,3,018,New Toronto,Under Review,proposed,0,,42086,2024-07-03,http://app.toronto.ca/AIC/index.do?folderRsn=IBcx9c3L4YERn0%2BHYAzjPw%3D%3D,-79.509377,43.601052
24 211388 ESC 24 SA,399 MARKHAM RD,24,139,Scarborough Village,Under Review,proposed,20,1023.67,,2024-09-11,http://app.toronto.ca/AIC/index.do?folderRsn=tBu7855%2BkpJ3cYvSQPnEkw%3D%3D,-79.221002,43.747223
23 216296 ESC 21 OZ,100 BOROUGH DR,21,156,Bendale-Glen Andrew,Under Review,proposed,2487,174828,762,2023-10-19,http://app.toronto.ca/AIC/index.do?folderRsn=Q3EXiNStfLMWfH2E%2BZeV6w%3D%3D,-79.259854,43.771139
25 259468 ESC 24 OZ,4105 KINGSTON RD,24,,,Under Review,proposed,2534,189525,1766,2025-11-27,http://app.toronto.ca/AIC/index.do?folderRsn=GnEYagxvT66iCEPb8PJDZw%3D%3D,,
16 117899 NNY 24 OZ,500 CUMMER AVE,18,050,Newtonbrook East,Built,built,0,,9252,2016-02-18,http://app.toronto.ca/DevelopmentApplications/associatedApplicationsList.do?action=init&folderRsn=3903977&isCofASearch=false,-79.395082,43.791013
20 120971 STE 04 SA,34-50 SOUTHPORT ST,4,087,High Park-Swansea,Active,active,359,22277,695,2020-03-02,http://app.toronto.ca/AIC/index.do?folderRsn=YY3AFRpOQEqUPlwIGtq2WA%3D%3D,-79.47295,43.636342
21 231464 WET 03 SA,1574 THE QUEENSWAY,3,159,Etobicoke City Centre,Active,active,0,,2464.37,2021-10-28,http://app.toronto.ca/AIC/index.do?folderRsn=VhaVECrTP9ajJdyoQ9avKQ%3D%3D,-79.540993,43.616235
25 134898 NNY 18 OZ,110 SHEPPARD AVE E,18,153,Avondale,Under Review,proposed,1136,69013.96,298.98,2025-03-26,http://app.toronto.ca/AIC/index.do?folderRsn=jB6gXk1OeWJ5UxTfXPqVYg%3D%3D,-79.404782,43.761435
17 185378 WET 17 OZ,980 LANSDOWNE AVE,9,091,Weston-Pelham Park,Built,built,960,64372,312,2017-06-22,http://app.toronto.ca/AIC/index.do?folderRsn=qw9JS5xYeE5pMHm5yQBlqg%3D%3D,-79.449144,43.667364
18 271148 WET 01 SA,7 RICHGROVE DR,1,,,Built,built,225,16165,,2018-12-21,http://app.toronto.ca/AIC/index.do?folderRsn=rhP1HdY7Ybkj5w68XZZLxg%3D%3D,,
20 230569 STE 13 OZ,241 CHURCH ST,13,168,Downtown Yonge East,Active,active,594,36143,247,2020-12-18,http://app.toronto.ca/AIC/index.do?folderRsn=TfHbPNDuAn3dHrDnFxzrHA%3D%3D,-79.377153,43.654802
18 104519 NNY 23 OZ,35 HOLMES AVE,18,151,Yonge-Doris,Active,active,154,10664.6,,2018-01-12,http://app.toronto.ca/AIC/index.do?folderRsn=iz%2FmNF12gch%2FreIUM3Zo%2BA%3D%3D,-79.412642,43.776042
20 229115 NNY 08 OZ,50-60 EGLINTON AVE W,8,100,Yonge-Eglinton,Under Review,proposed,1559,97344.7,2800.7,2020-12-14,http://app.toronto.ca/AIC/index.do?folderRsn=2vCFK%2Bw2tAsTHYuXenqFrQ%3D%3D,-79.400682,43.704536
21 199583 STE 09 OZ,189 OLD WESTON RD,9,090,Junction Area,Under Review,proposed,781,55864,2789,2021-08-17,http://app.toronto.ca/AIC/index.do?folderRsn=pT2AH9bqjvHd6AcKWxpulg%3D%3D,-79.461708,43.667238
16 268887 NNY 09 SA,80 CARL HALL RD,6,155,Downsview,Built,built,155,46105.9,,2016-12-20,http://app.toronto.ca/DevelopmentApplications/associatedApplicationsList.do?action=init&folderRsn=4082536&isCofASearch=false,-79.47827,43.752257
23 180580 WET 02 OZ,710 THE WEST MALL,2,011,Eringate-Centennial-West Deane,Under Review,proposed,293,23737.2,,2023-07-27,http://app.toronto.ca/AIC/index.do?folderRsn=t9390Vz6qmouv6Ok74wUbg%3D%3D,-79.571978,43.653978
21 234917 STE 12 OZ,289 BALLIOL ST,12,099,Mount Pleasant East,Active,active,273,18075,,2021-11-05,http://app.toronto.ca/AIC/index.do?folderRsn=ZeP7BgaSVPoSEHrTjPRaOg%3D%3D,-79.387709,43.69696
22 187482 NNY 16 OZ,7 ST DENNIS DR,16,044,Flemingdon Park,Active,active,2536,139543.5,,2022-08-08,http://app.toronto.ca/AIC/index.do?folderRsn=Hvr0GLZU4gt22KGazr%2Fbfw%3D%3D,-79.33643,43.714018
17 181165 STE 19 OZ,1200 DUNDAS ST W,9,081,Trinity-Bellwoods,Built,built,115,6247.1,355,2017-06-15,http://app.toronto.ca/AIC/index.do?folderRsn=EmO%2FW3aXPlw%2FU8735D28Cw%3D%3D,-79.422721,43.647805
17 219060 STE 28 OZ,33 PARLIAMENT ST,10,166,St Lawrence-East Bayfront-The Islands,Built,built,557,33462,1866,2017-08-18,http://app.toronto.ca/AIC/index.do?folderRsn=SpNiZcup9dYV%2BFoPa6nXRQ%3D%3D,-79.361566,43.647128
13 195390 STE 30 OZ,629 EASTERN AVE,14,070,South Riverdale,Active,active,0,,96715,2013-06-27,,-79.335619,43.655965
17 277580 NNY 16 OZ,41 CHATSWORTH DR,8,103,Lawrence Park South,Active,active,30,7826.26,,2017-12-20,http://app.toronto.ca/AIC/index.do?folderRsn=czR91IOInLHijjXr3pna5g%3D%3D,-79.403483,43.719858
17 253844 STE 28 OZ,114 CHURCH ST,13,168,Downtown Yonge East,Active,active,592,39534,702,2017-10-26,http://app.toronto.ca/AIC/index.do?folderRsn=ygo86LakUpWXAgerXtY7oQ%3D%3D,-79.375782,43.650128
25 262812 STE 10 OZ,50 STEPHANIE ST,10,164,Wellington Place,Under Review,proposed,163,11198.9,,2025-12-05,http://app.toronto.ca/AIC/index.do?folderRsn=hXJe6yi%2FA83COdSBPxy5KA%3D%3D,-79.3926,43.649468
22 148540 NNY 06 OZ,123 GARRATT BLVD,6,155,Downsview,Active,active,2957,206259,138008,2022-05-18,http://app.toronto.ca/AIC/index.do?folderRsn=mySwMJ4mBcLZLr%2FUsdmjGg%3D%3D,-79.470481,43.73248
16 163292 NNY 24 OZ,200 CUMMER AVE,18,050,Newtonbrook East,Built,built,14,5291.76,,2016-05-27,http://app.toronto.ca/AIC/index.do?folderRsn=3oFpKAs%2BRZcTZHgsnkjyXw%3D%3D,-79.408622,43.787511
14 208729 STE 27 OZ,10 ST MARY ST,13,169,Bay-Cloverhill,Active,active,650,40086,1265,2014-08-19,http://app.toronto.ca/AIC/index.do?folderRsn=kB1dzIm8CebZ2uTXSA7JAA%3D%3D,-79.386416,43.666108
23 142154 WET 01 SA,927 DIXON RD,1,001,West Humber-Clairville,Built,built,0,,938,2023-05-05,http://app.toronto.ca/AIC/index.do?folderRsn=NaPyklTiZFJFTktqMkS2bg%3D%3D,-79.597638,43.684267
21 219425 NNY 06 OZ,1265 WILSON AVE,6,154,Oakdale-Beverley Heights,Under Review,proposed,577,42379,,2021-09-29,http://app.toronto.ca/AIC/index.do?folderRsn=%2FgfHe4%2FkT%2Ba5%2FU82o1zKFg%3D%3D,-79.492297,43.721817
25 264480 ESC 21 SA,1370 BIRCHMOUNT RD,21,119,Wexford/Maryvale,Under Review,proposed,0,,8676.83,2025-12-09,http://app.toronto.ca/AIC/index.do?folderRsn=5uvEJl4wS7wT6Hn%2Fo6%2FkyQ%3D%3D,-79.287043,43.747874
21 185451 STE 12 OZ,1406 YONGE ST,12,097,Yonge-St.Clair,Active,active,509,30044,,2021-07-16,http://app.toronto.ca/AIC/index.do?folderRsn=AXLo4sxjczcEUr0edGHk0w%3D%3D,-79.393984,43.684748
19 215798 STE 13 SA,425 CHERRY ST,13,166,St Lawrence-East Bayfront-The Islands,Built,built,443,30543,10617,2019-09-04,http://app.toronto.ca/AIC/index.do?folderRsn=1%2FdjmMBviws78UKJsjjlVg%3D%3D,-79.35798,43.650623
20 120401 WET 03 SA,15 CORDOVA AVE,3,,,Built,built,257,20261,,2020-02-28,http://app.toronto.ca/AIC/index.do?folderRsn=m6sARNxlqohFD6Wj%2FSY10A%3D%3D,,
25 209063 STE 11 OZ,40 PARK RD,11,098,Rosedale-Moore Park,Under Review,proposed,289,24409,,2025-08-12,http://app.toronto.ca/AIC/index.do?folderRsn=1WMnDOV9JfMey1COIfN3Mg%3D%3D,-79.385105,43.670991
25 127362 WET 01 SA,585 DIXON RD,1,001,West Humber-Clairville,Under Review,proposed,0,,288.1,2025-03-11,http://app.toronto.ca/AIC/index.do?folderRsn=2u8l%2Fy3U%2BpYCphbejVbj1Q%3D%3D,-79.574281,43.688544
19 192154 NNY 17 OZ,699 SHEPPARD AVE E,17,052,Bayview Village,Built,built,174,10789,,2019-07-19,http://app.toronto.ca/AIC/index.do?folderRsn=%2FZGwBm%2FDsuLOtGy3yYoGfQ%3D%3D,-79.377997,43.766374
22 136217 NNY 08 SA,145 BAYCREST AVE,8,032,Englemount-Lawrence,Active,active,0,,5521,2022-04-20,http://app.toronto.ca/AIC/index.do?folderRsn=iQMGX%2BXg6wXfyx%2BOmoWkkg%3D%3D,-79.444452,43.724616
23 231196 STE 14 SA,7 LESLIE ST,14,070,South Riverdale,Active,active,0,,1375,2023-11-29,http://app.toronto.ca/AIC/index.do?folderRsn=uhLnTKE2CdSH7OejHt%2BxQg%3D%3D,-79.325276,43.653476
24 254706 STE 19 OZ,6 DAWES RD,19,062,East End-Danforth,Active,active,452,32343,49.7,2024-12-31,http://app.toronto.ca/AIC/index.do?folderRsn=PW0h6WYQi65hkfHerzRNmg%3D%3D,-79.298983,43.685127
24 214131 STE 11 OZ,149 COLLEGE ST,11,078,Kensington-Chinatown,Under Review,proposed,845,40429,213,2024-09-17,http://app.toronto.ca/AIC/index.do?folderRsn=YDqasLdxsJ3xgW%2F%2BnLIaRg%3D%3D,-79.392212,43.657147
24 243837 WET 05 OZ,16 WILBY CRES,5,113,Weston,Active,active,436,27547,,2024-11-27,http://app.toronto.ca/AIC/index.do?folderRsn=2lH%2FHCTd6uQYbRb53dQUPQ%3D%3D,-79.511597,43.695303
18 199835 STE 28 OZ,1 FRONT ST W,10,166,St Lawrence-East Bayfront-The Islands,Active,active,592,43465.75,15762.21,2018-07-25,http://app.toronto.ca/AIC/index.do?folderRsn=21C8uecK438HBRMXuv38sA%3D%3D,-79.377993,43.644058
23 159680 STE 14 OZ,1099 BROADVIEW AVE,14,057,Broadview North,Active,active,313,29847.8,632.7,2023-06-12,http://app.toronto.ca/AIC/index.do?folderRsn=QMLnugv38O4rNJvN9voOVA%3D%3D,-79.356051,43.684317
24 237044 STE 13 OZ,530 YONGE ST,13,169,Bay-Cloverhill,Active,active,822,51351,1012,2024-11-08,http://app.toronto.ca/AIC/index.do?folderRsn=vqtcHVFRnLWKR5gd%2F7iZ4A%3D%3D,-79.384804,43.6621
24 241176 STE 19 OZ,2455 DANFORTH AVE,19,062,East End-Danforth,Active,active,620,39273.3,3219.9,2024-11-20,http://app.toronto.ca/AIC/index.do?folderRsn=CKSFdGDc6e1Wf%2FS6jiN%2FoA%3D%3D,-79.304992,43.68532
23 124235 STE 13 SA,150 SHERBOURNE ST,13,073,Moss Park,Active,active,0,,13857,2023-03-17,http://app.toronto.ca/AIC/index.do?folderRsn=zI731LTQ03rXVa2EIFYJuw%3D%3D,-79.3706,43.653397
21 221282 NNY 08 OZ,805 GLENCAIRN AVE,8,031,Yorkdale-Glen Park,Active,active,362,24406.6,367,2021-10-04,http://app.toronto.ca/AIC/index.do?folderRsn=OKCVbfpF0ffsesAWkN3zxA%3D%3D,-79.443669,43.706905
19 237185 WET 05 OZ,1440 LAWRENCE AVE W,5,030,Brookhaven-Amesbury,Under Review,proposed,422,30600,2615,2019-10-16,http://app.toronto.ca/AIC/index.do?folderRsn=lxfdyXPif3mExQAgoHW6cQ%3D%3D,-79.479627,43.706913
25 153994 NNY 18 OZ,36 AVONDALE AVE,18,153,Avondale,Under Review,proposed,504,32731.02,,2025-05-05,http://app.toronto.ca/AIC/index.do?folderRsn=q7BfMWnJ66n2nuEqJcm5cA%3D%3D,-79.408231,43.756876
25 267267 STE 10 SA,30 HANNA AVE,10,163,Fort York-Liberty Village,Under Review,proposed,0,,7564.5,2025-12-17,http://app.toronto.ca/AIC/index.do?folderRsn=xa%2Fisu4rLj0wf29blA2jJg%3D%3D,-79.419729,43.635671
24 248503 NNY 18 OZ,45-47 SHEPPARD AVE E,18,153,Avondale,Active,active,2377,147864,3581,2024-12-09,http://app.toronto.ca/AIC/index.do?folderRsn=cOww4sS%2Fsxx5r7P8f4PHpg%3D%3D,-79.408091,43.759958
24 241879 STE 14 OZ,1012 GERRARD ST E,14,070,South Riverdale,Active,active,112,7899,291,2024-11-21,http://app.toronto.ca/AIC/index.do?folderRsn=rT22Jil3ZAvlTX%2FBYR0uSw%3D%3D,-79.338187,43.667033
25 241113 NNY 15 SA,8 HYDE PARK CRCL,15,041,Bridle Path-Sunnybrook-York Mills,Under Review,proposed,62,13422.34,,2025-10-17,http://app.toronto.ca/AIC/index.do?folderRsn=YLQiKhKajdV49dhhl7Bv%2Bg%3D%3D,-79.381638,43.735325
23 140447 STE 14 OZ,1291 GERRARD ST E,14,070,South Riverdale,Active,active,256,18862.5,799.9,2023-05-02,http://app.toronto.ca/AIC/index.do?folderRsn=7SHoSY5V4oM4ErsmPg9utw%3D%3D,-79.327655,43.668898
20 203733 NNY 06 SA,75 VANLEY CRES,6,027,York University Heights,Active,active,0,,4987.76,2020-10-07,http://app.toronto.ca/AIC/index.do?folderRsn=0S2XR4zMfji2jpT0NBjuDQ%3D%3D,-79.473926,43.760289
20 150974 NNY 17 OZ,1 HERONS HILL WAY,17,053,Henry Farm,Active,active,343,27257,,2020-06-01,http://app.toronto.ca/AIC/index.do?folderRsn=8KTFT8A81pgNAw0O6WXj4w%3D%3D,-79.336119,43.772466
14 147891 STE 30 OZ,354-358 PAPE AVE,14,070,South Riverdale,Active,active,41,3217,462,2014-04-28,http://app.toronto.ca/AIC/index.do?folderRsn=FP%2BCpffK6Lh4aaQ0suPsOQ%3D%3D,-79.341104,43.666693
25 120011 STE 12 OZ,861 AVENUE RD,12,101,Forest Hill South,Active,active,9,2387,,2025-02-21,http://app.toronto.ca/AIC/index.do?folderRsn=6kVao8yZHIndbvGcg%2FV%2BEw%3D%3D,-79.405759,43.696342
25 113541 NNY 15 OZ,609 ROEHAMPTON AVE,15,099,Mount Pleasant East,Under Review,proposed,209,15285.1,,2025-02-06,http://app.toronto.ca/AIC/index.do?folderRsn=APw0gba4dWvT2Ag0rO3jNQ%3D%3D,-79.379067,43.70958
11 209308 WET 03 OZ,240 MARKLAND DR,2,012,Markland Wood,Built,built,234,16974,,2011-06-02,http://app.toronto.ca/AIC/index.do?folderRsn=GdvQveixGCgX1hJSBRuLdw%3D%3D,-79.578945,43.627136
19 199383 NNY 18 OZ,10 ELMWOOD AVE,18,151,Yonge-Doris,Active,active,0,,199.69,2019-08-01,http://app.toronto.ca/AIC/index.do?folderRsn=qOsXri5mHw6pSLhyFx1N2w%3D%3D,-79.411706,43.764949
21 235163 STE 13 OZ,410 SHERBOURNE ST,13,073,Moss Park,Active,active,473,31033,240,2021-11-07,http://app.toronto.ca/AIC/index.do?folderRsn=Ni657pTGoptUsn2N8eAIaA%3D%3D,-79.374398,43.662726
22 167486 STE 09 OZ,1613 ST CLAIR AVE W,9,091,Weston-Pelham Park,Active,active,330,22662.6,332,2022-06-24,http://app.toronto.ca/AIC/index.do?folderRsn=TDwp2QBtJbGW7VE8pcfGxw%3D%3D,-79.455436,43.672905
11 328717 NNY 23 OZ,2 TEAGARDEN CRT,18,153,Avondale,Built,built,128,9699.35,,2011-12-20,http://app.toronto.ca/AIC/index.do?folderRsn=HpAoIbjExpApfscZ%2FA33Bg%3D%3D,-79.389227,43.766319
25 268378 WET 03 OZ,5500 DUNDAS ST W,3,159,Etobicoke City Centre,Active,active,560,45570.06,997.45,2025-12-19,http://app.toronto.ca/AIC/index.do?folderRsn=yYQMvEYUGFXWzGGL6Xx%2BaQ%3D%3D,-79.548382,43.629221
16 163131 NNY 23 SA,120 SHEPPARD AVE E,18,153,Avondale,Built,built,74,5000,,2016-05-27,http://app.toronto.ca/AIC/index.do?folderRsn=RIf6d43TpbnP4S%2BpBGpgYw%3D%3D,-79.404071,43.761536
20 181659 STE 11 OZ,700 UNIVERSITY AVE,11,078,Kensington-Chinatown,Active,active,479,39530.2,18440.03,2020-08-17,http://app.toronto.ca/AIC/index.do?folderRsn=tjSUQ%2Fm4sAWQupWn67rj0w%3D%3D,-79.391391,43.657018
21 214165 STE 13 OZ,475 YONGE ST,13,170,Yonge-Bay Corridor,Active,active,1791,122311,1160,2021-09-17,http://app.toronto.ca/AIC/index.do?folderRsn=rOm%2BIl%2B0m6AboOiQZq2ixA%3D%3D,-79.383194,43.660553
21 214121 STE 11 OZ,1235 BAY ST,11,169,Bay-Cloverhill,Active,active,364,23837.7,91.5,2021-09-17,http://app.toronto.ca/AIC/index.do?folderRsn=c1KfxNdsVpgY9xstmEo83A%3D%3D,-79.389842,43.668889
23 143869 WET 03 SA,54 ATOMIC AVE,3,159,Etobicoke City Centre,Active,active,0,,2525,2023-05-10,http://app.toronto.ca/AIC/index.do?folderRsn=yJqkG%2FcXlSzlNKI1KtbwBg%3D%3D,-79.543688,43.618879
19 128433 WET 01 SA,600 DIXON RD,1,001,West Humber-Clairville,Built,built,0,,21458,2019-03-20,http://app.toronto.ca/AIC/index.do?folderRsn=ZQVGECxZtWxEr8joSiw10A%3D%3D,-79.572213,43.691267
20 214204 NNY 08 OZ,3180-3182 YONGE ST,8,105,Lawrence Park North,Active,active,77,14575,400,2020-11-03,http://app.toronto.ca/AIC/index.do?folderRsn=BMJDRO7sxgw2lviOOPwZLQ%3D%3D,-79.403434,43.725674
24 241292 ESC 20 SA,180 FALLINGBROOK RD,20,122,Birchcliffe-Cliffside,Active,active,0,,210,2024-11-20,http://app.toronto.ca/AIC/index.do?folderRsn=7pLVXZr2OpXSgjFAfumkZA%3D%3D,-79.280335,43.681756
18 268503 NNY 06 OZ,1304 WILSON AVE,6,154,Oakdale-Beverley Heights,Active,active,90,7489.32,,2018-12-14,http://app.toronto.ca/AIC/index.do?folderRsn=i8mBPt7f6oTRPPmcXzJBMw%3D%3D,-79.49525,43.722072
20 170662 STE 12 OZ,1801 EGLINTON AVE W,12,107,Oakwood Village,Active,active,485,31616,880,2020-07-21,http://app.toronto.ca/AIC/index.do?folderRsn=vc2yijT9QU31P%2BXYy6xqGQ%3D%3D,-79.44922,43.693767
20 207354 STE 13 OZ,510 YONGE ST,13,169,Bay-Cloverhill,Active,active,587,39892,777,2020-10-16,http://app.toronto.ca/AIC/index.do?folderRsn=e96AsISWkhzFSfBM9XeRzA%3D%3D,-79.384526,43.661777
25 198600 NNY 15 OZ,544 EGLINTON AVE E,15,099,Mount Pleasant East,Under Review,proposed,256,19624.3,177.1,2025-07-23,http://app.toronto.ca/AIC/index.do?folderRsn=FKsItyLsOqr8CHCKIpcngw%3D%3D,-79.381,43.708545
22 168205 WET 03 OZ,2491 LAKE SHORE BLVD W,3,161,Humber Bay Shores,Active,active,151,11173.86,330.36,2022-06-27,http://app.toronto.ca/AIC/index.do?folderRsn=9k7ByV2RH%2FAY7IrYc65Diw%3D%3D,-79.489508,43.61089
25 263781 STE 12 OZ,250 ROEHAMPTON AVE,12,174,South Eglinton-Davisville,Under Review,proposed,711,48233.4,,2025-12-08,http://app.toronto.ca/AIC/index.do?folderRsn=SrD8D%2FQ%2FsIZpiFqey57HAg%3D%3D,-79.39174,43.707747
22 168175 NNY 15 OZ,503 EGLINTON AVE E,15,099,Mount Pleasant East,Active,active,217,14274,461,2022-06-27,http://app.toronto.ca/AIC/index.do?folderRsn=gSkHHjoJeXp6nCvgEptAGQ%3D%3D,-79.380827,43.70817
25 147830 WET 03 OZ,327 ROYAL YORK RD,3,160,Mimico-Queensway,Under Review,proposed,1046,70085.6,233.1,2025-04-23,http://app.toronto.ca/AIC/index.do?folderRsn=Li8hVW43o32hTARJFdRykg%3D%3D,-79.498388,43.614525
25 269305 STE 10 SA,2 STRACHAN AVE,10,163,Fort York-Liberty Village,Under Review,proposed,0,,43167,2025-12-23,http://app.toronto.ca/AIC/index.do?folderRsn=5S%2B0iCNslJNihnSSfIbvXw%3D%3D,-79.410726,43.634886
20 210394 NNY 15 OZ,1466 BAYVIEW AVE,15,099,Mount Pleasant East,Under Review,proposed,154,12087.3,1552.9,2020-10-23,http://app.toronto.ca/AIC/index.do?folderRsn=eWGN6Buh%2FYhth04SYLuJ%2Fg%3D%3D,-79.374867,43.701584
25 257536 NNY 18 OZ,38 FINCH AVE W,18,037,Willowdale West,Under Review,proposed,636,38880.9,310.5,2025-11-24,http://app.toronto.ca/AIC/index.do?folderRsn=CC2bsrcI341SGiATJ1vetw%3D%3D,-79.419399,43.777245
23 152215 NNY 18 SA,5800 YONGE ST,18,036,Newtonbrook West,Under Review,proposed,1170,75134.1,2800.1,2023-05-29,http://app.toronto.ca/AIC/index.do?folderRsn=4ooEmMK0smyKovJ%2Fs0xX2g%3D%3D,-79.418021,43.782525
19 137676 NNY 16 SA,1095 LESLIE ST,16,042,Banbury-Don Mills,Built,built,250,33116,290,2019-04-09,http://app.toronto.ca/AIC/index.do?folderRsn=FQCoFlxhhwNOkGkZ0nFZ6w%3D%3D,-79.349488,43.71757
20 153356 NNY 15 OZ,1710 BAYVIEW AVE,15,099,Mount Pleasant East,Built,built,197,16020,432,2020-06-08,http://app.toronto.ca/AIC/index.do?folderRsn=sbDYyMIpISQZ1zSV0WR%2FtQ%3D%3D,-79.377283,43.707962
25 269673 NNY 08 OZ,485 DUPLEX AVE,8,100,Yonge-Eglinton,Under Review,proposed,524,38105.9,,2025-12-24,http://app.toronto.ca/AIC/index.do?folderRsn=cBmF1wIVZvbHz9lS55MXAg%3D%3D,-79.400478,43.707803
23 153890 NNY 18 SA,5800 YONGE ST,18,036,Newtonbrook West,Under Review,proposed,1016,70395.1,385,2023-05-31,http://app.toronto.ca/AIC/index.do?folderRsn=qazR%2FagKMaaCLKxfQ5D%2BOA%3D%3D,-79.418021,43.782525
23 119823 STE 04 OZ,1728 BLOOR ST W,4,087,High Park-Swansea,Active,active,90,6076.2,53.6,2023-03-03,http://app.toronto.ca/AIC/index.do?folderRsn=SAlwv0S%2BED3%2FTRN2tlxbNw%3D%3D,-79.458933,43.653343
25 269679 WET 02 SA,1006 KIPLING AVE,2,158,Islington,Under Review,proposed,50,3486,,2025-12-24,http://app.toronto.ca/AIC/index.do?folderRsn=n34vQ4Qeenjds374tPimQw%3D%3D,-79.536978,43.642246
22 168468 ESC 24 OZ,4180 KINGSTON RD,24,136,West Hill,Active,active,320,20796.8,415,2022-06-27,http://app.toronto.ca/AIC/index.do?folderRsn=Py%2FuSJrmjwqiA0bOAcA%2FhA%3D%3D,-79.199015,43.756278
25 269745 ESC 23 OZ,1928 MCCOWAN RD,23,128,Agincourt South-Malvern West,Under Review,proposed,933,88419,7262,2025-12-24,http://app.toronto.ca/AIC/index.do?folderRsn=t1aNITKDpWn2SX0geU2%2FJg%3D%3D,-79.260435,43.79034
15 236743 STE 14 OZ,58 ATLANTIC AVE,10,085,South Parkdale,Active,active,514,45471.4,1864.6,2015-10-13,http://app.toronto.ca/AIC/index.do?folderRsn=CaghS%2Fkj4JDjks4FHBG1bA%3D%3D,-79.421041,43.636137
25 270220 WET 03 SA,3925 BLOOR ST W,3,158,Islington,Under Review,proposed,52,3604.19,,2025-12-29,http://app.toronto.ca/AIC/index.do?folderRsn=R3NyfmKS5GKPIhRJImR9kQ%3D%3D,-79.545879,43.637247
20 159922 STE 11 OZ,1109 BATHURST ST,11,095,Annex,Built,built,0,,11847,2020-06-24,http://app.toronto.ca/AIC/index.do?folderRsn=8LBnaljMSUsKMfv6TraSSg%3D%3D,-79.414398,43.671721
23 109221 STE 14 OZ,184 CHATHAM AVE,14,069,Blake-Jones,Active,active,42,2380.6,,2023-02-01,http://app.toronto.ca/AIC/index.do?folderRsn=S3WW%2BKPqnz3aiWUnRfmjFQ%3D%3D,-79.334482,43.678264
25 254942 NNY 15 SA,45 INDUSTRIAL ST,15,055,Thorncliffe Park,Under Review,proposed,0,,1311.01,2025-11-17,http://app.toronto.ca/AIC/index.do?folderRsn=5uRpsYriFL2ignpKqLCRtQ%3D%3D,-79.35494,43.706517
19 137322 STE 12 OZ,65 RAGLAN AVE,12,106,Humewood-Cedarvale,Active,active,320,23466,145,2019-04-08,http://app.toronto.ca/AIC/index.do?folderRsn=1F9iE8HVhtIzLhTSv9TSIg%3D%3D,-79.420477,43.683313
21 180550 ESC 20 OZ,685 WARDEN AVE,20,120,Clairlea-Birchmount,Active,active,2098,129178,989,2021-07-06,http://app.toronto.ca/AIC/index.do?folderRsn=7I841ukJQtwJWwwmfI8uxw%3D%3D,-79.277706,43.705041
24 131338 WET 03 SA,1156 THE QUEENSWAY,3,159,Etobicoke City Centre,Active,active,208,12860,340,2024-04-02,http://app.toronto.ca/AIC/index.do?folderRsn=3E62Ua3%2BMWil1jeGyZXDlA%3D%3D,-79.521019,43.620566
18 111294 STE 27 OZ,60 QUEEN ST E,13,168,Downtown Yonge East,Active,active,443,28753,656,2018-01-30,http://app.toronto.ca/AIC/index.do?folderRsn=i0ViXtHfoYjMmu670TVFjw%3D%3D,-79.375838,43.651352
15 108641 STE 20 OZ,316 BLOOR ST W,11,079,University,Active,active,499,27860,476,2015-01-26,http://app.toronto.ca/AIC/index.do?folderRsn=BcxQZws4innRuFpkuv9VeQ%3D%3D,-79.403261,43.665096
14 268618 STE 22 OZ,55 EGLINTON AVE E,12,174,South Eglinton-Davisville,Active,active,664,43332,521,2014-12-30,http://app.toronto.ca/AIC/index.do?folderRsn=CFMmMJ%2FMhj%2BqP0GA56waNQ%3D%3D,-79.39628,43.704918
21 223856 STE 10 SA,1001 QUEEN ST W,10,,,Active,active,0,,45422,2021-10-08,http://app.toronto.ca/AIC/index.do?folderRsn=%2FqBf5ZoCds0nCDLqiJjFYQ%3D%3D,,
23 213844 STE 04 OZ,1304 KING ST W,4,085,South Parkdale,Under Review,proposed,232,14637.4,332.3,2023-10-12,http://app.toronto.ca/AIC/index.do?folderRsn=UfZM%2F9JN3E%2BvPKHjLy0YVA%3D%3D,-79.431518,43.636323
21 178720 STE 11 OZ,148 AVENUE RD,11,095,Annex,Active,active,110,26259,330,2021-07-02,http://app.toronto.ca/AIC/index.do?folderRsn=rudwz1kLVrkdMbJ8BDHaoQ%3D%3D,-79.397116,43.672787
21 235796 STE 13 OZ,130 PARLIAMENT ST,13,073,Moss Park,Under Review,proposed,422,25246,382,2021-11-09,http://app.toronto.ca/AIC/index.do?folderRsn=aurqBzzP9087maS5F7aQjQ%3D%3D,-79.364262,43.652152
21 235932 STE 13 OZ,296 KING ST E,13,166,St Lawrence-East Bayfront-The Islands,Under Review,proposed,449,27597,1188,2021-11-09,http://app.toronto.ca/AIC/index.do?folderRsn=iPRcKfMlgNvcbFV17J7dlg%3D%3D,-79.365077,43.650236
25 264514 NNY 08 OZ,8 BENNER AVE,8,108,Briar Hill-Belgravia,Under Review,proposed,418,27812.4,,2025-12-09,http://app.toronto.ca/AIC/index.do?folderRsn=BFRCJbHliP6%2Fd%2F7LPEAJrA%3D%3D,-79.4406,43.703545
21 235704 WET 03 OZ,2405 LAKE SHORE BLVD W,3,161,Humber Bay Shores,Under Review,proposed,557,34690.23,285.22,2021-11-09,http://app.toronto.ca/AIC/index.do?folderRsn=l8cUfb8uBUMIGHj7fu3spg%3D%3D,-79.488989,43.612098
22 144668 WET 03 OZ,2 QUEEN ELIZABETH BLVD,3,160,Mimico-Queensway,Under Review,proposed,1127,77935.7,6003.9,2022-05-10,http://app.toronto.ca/AIC/index.do?folderRsn=VujDeR02h1TT8CkO2QlwaA%3D%3D,-79.502725,43.621865
18 127133 NNY 23 OZ,202 SHEPPARD AVE W,18,038,Lansing-Westgate,Under Review,proposed,17,1039,364,2018-03-09,http://app.toronto.ca/AIC/index.do?folderRsn=Wrjo0Y%2F%2BDjZmV%2F1xD6v9Gg%3D%3D,-79.42117,43.757515
19 185764 STE 10 SA,571 DUNDAS ST W,10,078,Kensington-Chinatown,Built,built,103,11786,1185,2019-07-09,http://app.toronto.ca/AIC/index.do?folderRsn=l%2BbUyA0ONqOCWhMzJIdK9A%3D%3D,-79.40024,43.650352
18 266038 NNY 15 OZ,2673 BAYVIEW AVE,15,040,St.Andrew-Windfields,Active,active,10,3288.98,,2018-12-07,http://app.toronto.ca/AIC/index.do?folderRsn=V2zzAMfOMrc656FM4CTrSQ%3D%3D,-79.385902,43.755454
26 102197 ESC 25 SA,92 ISLAND RD,25,143,West Rouge,Under Review,proposed,0,,24977,2026-01-08,http://app.toronto.ca/AIC/index.do?folderRsn=rfHVy%2B6MmaTJSD0Mf46QrA%3D%3D,-79.14024,43.796858
22 242163 WET 03 OZ,1276 ISLINGTON AVE,3,159,Etobicoke City Centre,Active,active,375,25770.63,,2022-12-23,http://app.toronto.ca/AIC/index.do?folderRsn=4EGuRS0HXjlLZCQnPNryEw%3D%3D,-79.526051,43.645789
21 227527 STE 13 OZ,47 HUNTLEY ST,13,074,North St.James Town,Under Review,proposed,1411,85781,1304,2021-10-19,http://app.toronto.ca/AIC/index.do?folderRsn=JG9tO8sgTvfVj8qQSim4Rw%3D%3D,-79.378618,43.668443
25 135273 STE 12 OZ,148 SOUDAN AVE,12,174,South Eglinton-Davisville,Under Review,proposed,640,43236,,2025-03-26,http://app.toronto.ca/AIC/index.do?folderRsn=bgdfQE7dPvL4t%2BX4jq8W%2Fg%3D%3D,-79.39264,43.703617
21 231497 STE 11 OZ,100 DAVENPORT RD,11,095,Annex,Active,active,43,10296,442,2021-10-28,http://app.toronto.ca/AIC/index.do?folderRsn=8s%2BO3M6IzUDys1SaXz5EPg%3D%3D,-79.391275,43.671846
22 108032 NNY 18 OZ,6167 YONGE ST,18,036,Newtonbrook West,Active,active,461,28889,714,2022-01-27,http://app.toronto.ca/AIC/index.do?folderRsn=qYBjxDkf0CQZODyPSLY%2Bgw%3D%3D,-79.41867,43.791415
24 242228 STE 19 SA,1654-1660 O'CONNOR DR,19,043,Victoria Village,Under Review,proposed,0,,13749.76,2024-11-22,http://app.toronto.ca/AIC/index.do?folderRsn=00O5nwb3WFEYE9fZTizrHA%3D%3D,-79.305284,43.717025
22 138373 STE 10 SA,7 YONGE ST,10,166,St Lawrence-East Bayfront-The Islands,Active,active,1014,90054,3094,2022-04-26,,-79.374162,43.640762
25 133899 NNY 06 SA,1377 SHEPPARD AVE W,6,155,Downsview,Under Review,proposed,0,,11625,2025-03-24,http://app.toronto.ca/AIC/index.do?folderRsn=WvrSc65rkNWKM4Lw9yP%2FBA%3D%3D,-79.482673,43.746537
22 234848 ESC 21 OZ,2650 LAWRENCE AVE E,21,157,Bendale South,Under Review,proposed,1001,66155,1940,2022-11-30,http://app.toronto.ca/AIC/index.do?folderRsn=TcPJt79eePCOHnNOigd%2FuA%3D%3D,-79.26408,43.750183
25 265180 STE 13 OZ,30 HUNTLEY ST,13,167,Church-Wellesley,Under Review,proposed,1419,85824,,2025-12-11,http://app.toronto.ca/AIC/index.do?folderRsn=ldHwRHNOmqyeBU3FBU03AA%3D%3D,-79.379032,43.667276
23 106987 STE 10 SA,61 FRONT ST W  REAR,10,,,Under Review,proposed,0,,3373,2023-01-25,http://app.toronto.ca/AIC/index.do?folderRsn=PKHyQhXqxfU9N%2B7f7%2Fgyag%3D%3D,-79.373924,43.648157
23 138819 STE 09 OZ,2 UNION ST,9,090,Junction Area,Active,active,0,,1383.59,2023-04-27,http://app.toronto.ca/AIC/index.do?folderRsn=N4pq%2BIzoz3XYlC0zP28zVw%3D%3D,-79.466486,43.672251
17 108913 STE 28 SA,1 YONGE ST,10,166,St Lawrence-East Bayfront-The Islands,Active,active,958,91177,18080,2017-01-25,http://app.toronto.ca/AIC/index.do?folderRsn=GxtQfKXQs4gRPX%2BnSEuU9w%3D%3D,-79.374291,43.640729
14 240949 WET 05 SA,1061 THE QUEENSWAY,3,159,Etobicoke City Centre,Built,built,0,,5126.77,2014-10-21,http://app.toronto.ca/AIC/index.do?folderRsn=jnvY57v7uexkU8BFITfeYQ%3D%3D,-79.519875,43.619784
21 217842 ESC 22 SA,3157 KENNEDY RD,22,130,Milliken,Under Review,proposed,0,,3251.2,2021-09-26,http://app.toronto.ca/AIC/index.do?folderRsn=Ufbzavb0d8gKHPyZ9i71UQ%3D%3D,-79.301368,43.811647
26 104084 ESC 22 SA,3030 BIRCHMOUNT RD,22,148,East L'Amoreaux,Under Review,proposed,0,,28744.66,2026-01-13,http://app.toronto.ca/AIC/index.do?folderRsn=Yo1nFCELIVZG%2BaDkkxh6vA%3D%3D,-79.309258,43.799901
20 183834 WET 07 OZ,3400 WESTON RD,7,022,Humbermede,Active,active,403,31350.02,565,2020-08-21,http://app.toronto.ca/AIC/index.do?folderRsn=TXZO9GYvnC2WpI03Z%2FrNSQ%3D%3D,-79.543629,43.747821
22 222952 ESC 22 OZ,2221 KENNEDY RD,22,128,Agincourt South-Malvern West,Active,active,68,9110,,2022-10-27,http://app.toronto.ca/AIC/index.do?folderRsn=ltGDSw1%2FUg2yBFXcj4buVA%3D%3D,-79.286572,43.779705
25 173237 STE 12 OZ,503 OAKWOOD AVE,12,107,Oakwood Village,Under Review,proposed,161,10016,360,2025-06-06,http://app.toronto.ca/AIC/index.do?folderRsn=5TsTSJHWc6%2B3sSlhmzc5qg%3D%3D,-79.44087,43.690935
17 145066 NNY 25 OZ,55 ERSKINE AVE,15,173,North Toronto,Active,active,132,9484.78,,2017-04-18,http://app.toronto.ca/AIC/index.do?folderRsn=32yOvptADC4PjY77TvVhOw%3D%3D,-79.396968,43.709413
21 124969 NNY 18 OZ,172 FINCH AVE W,18,037,Willowdale West,Active,active,492,42789,1246,2021-03-09,http://app.toronto.ca/AIC/index.do?folderRsn=sQbulYg7xpLhAbMluY%2BTvQ%3D%3D,-79.430715,43.774728
26 105531 WET 02 OZ,3838 BLOOR ST W,2,158,Islington,Under Review,proposed,0,,1238,2026-01-16,http://app.toronto.ca/AIC/index.do?folderRsn=e40kUy4cEPdv1FVZbNYvOw%3D%3D,-79.539093,43.639357
14 172663 NNY 15 OZ,2433 DUFFERIN ST,8,108,Briar Hill-Belgravia,Built,built,99,9463.29,199.5,2014-06-11,http://app.toronto.ca/AIC/index.do?folderRsn=oIaEqUw%2F%2FTzSqE0ozj%2BeOg%3D%3D,-79.451113,43.697134
25 236994 NNY 15 SA,1 COUNTRY LANE,15,041,Bridle Path-Sunnybrook-York Mills,Under Review,proposed,86,9940,,2025-10-08,http://app.toronto.ca/AIC/index.do?folderRsn=q3X9SeLahJZY3lWot6w0Xg%3D%3D,-79.382257,43.737979
14 268446 WET 06 OZ,580 EVANS AVE,3,020,Alderwood,Active,active,1201,100841,,2014-12-30,http://app.toronto.ca/AIC/index.do?folderRsn=fx2g9Mru5VmTDwP6JhhJ%2Fg%3D%3D,-79.545162,43.609984
18 111118 STE 20 SA,357 COLLEGE ST,11,078,Kensington-Chinatown,Active,active,0,,1705,2018-01-29,http://app.toronto.ca/AIC/index.do?folderRsn=3knNJY5z7mZRIxgTFzdwEA%3D%3D,-79.403751,43.655063
19 247355 STE 04 OZ,1521 QUEEN ST W,4,085,South Parkdale,Active,active,95,6219,281,2019-11-08,http://app.toronto.ca/AIC/index.do?folderRsn=FH0urTlBMSJMXTJQ3tC31A%3D%3D,-79.442016,43.637375
18 176812 STE 19 OZ,64 BATHURST ST,10,162,West Queen West,Built,built,307,21477,7494,2018-06-12,http://app.toronto.ca/AIC/index.do?folderRsn=Q7wFipMcDHtd9TboancM3g%3D%3D,-79.402739,43.640711
20 149566 STE 04 SA,1660 BLOOR ST W,4,087,High Park-Swansea,Built,built,174,12116,315,2020-05-27,http://app.toronto.ca/AIC/index.do?folderRsn=VoETJ%2B2I6wNTtGGW8beQSQ%3D%3D,-79.45761,43.653613
21 210738 WET 03 SA,121 SHORNCLIFFE RD,3,159,Etobicoke City Centre,Active,active,0,,7172.6,2021-09-10,http://app.toronto.ca/AIC/index.do?folderRsn=jSXKbiJ30XxT904L4Btelw%3D%3D,-79.54093,43.622226
13 195001 NNY 23 OZ,72 CHURCH AVE,18,152,East Willowdale,Active,active,14,1507.3,,2013-06-26,http://app.toronto.ca/AIC/index.do?folderRsn=0GcxgRQj1j8IVmTHVzKq0A%3D%3D,-79.410522,43.772825
25 212266 WET 03 OZ,39 NEWCASTLE ST,3,160,Mimico-Queensway,Under Review,proposed,1579,105472,781,2025-08-18,http://app.toronto.ca/AIC/index.do?folderRsn=Wsk%2BOq5rNltGz05dKG%2Fidw%3D%3D,-79.496866,43.615809
18 208427 WET 11 OZ,2650 ST CLAIR AVE W,5,089,Runnymede-Bloor West Village,Active,active,96,15858,3794,2018-08-13,http://app.toronto.ca/AIC/index.do?folderRsn=lIJkdcdSVKrzm9UJbOz2EQ%3D%3D,-79.496227,43.665255
13 180572 ESC 40 OZ,3445 SHEPPARD AVE E,22,118,Tam O'Shanter-Sullivan,Built,built,378,30246,882,2013-06-04,,-79.306179,43.776741
15 202792 STE 22 OZ,77 CLARENDON AVE,12,096,Casa Loma,Built,built,16,5312,,2015-08-06,http://app.toronto.ca/DevelopmentApplications/associatedApplicationsList.do?action=init&folderRsn=3801481&isCofASearch=false,-79.406238,43.680374
21 109901 ESC 25 SB,9940 SHEPPARD AVE E,25,143,West Rouge,Under Review,proposed,428,37253,,2021-01-28,http://app.toronto.ca/AIC/index.do?folderRsn=5jz42z4cGCo72192SviDZw%3D%3D,-79.170659,43.80668
25 252388 NNY 18 OZ,15 POYNTZ AVE,18,038,Lansing-Westgate,Under Review,proposed,535,35007,189,2025-11-12,http://app.toronto.ca/AIC/index.do?folderRsn=BAg%2BmOfPdjjNfoH%2B4NBzMw%3D%3D,-79.411668,43.757546
24 174546 WET 03 SA,8 NEWCASTLE ST,3,160,Mimico-Queensway,Under Review,proposed,453,30455.7,536.7,2024-07-04,http://app.toronto.ca/AIC/index.do?folderRsn=jrISDdQRgilG35K9qEljhA%3D%3D,-79.495148,43.61664
20 226919 ESC 25 SA,755 MORNINGSIDE AVE,25,135,Morningside,Built,built,0,,944,2020-12-08,http://app.toronto.ca/AIC/index.do?folderRsn=ajiFEtUrRdaMZqE7hCb1mg%3D%3D,-79.193134,43.784615
19 264443 WET 03 OZ,4916-4944 DUNDAS ST W,3,159,Etobicoke City Centre,Active,active,0,,17478,2019-12-23,http://app.toronto.ca/AIC/index.do?folderRsn=zxScF6N%2FulkeiIRkBirb%2FQ%3D%3D,-79.529356,43.64671
20 233424 STE 10 OZ,277 WELLINGTON ST W,10,165,Harbourfront-CityPlace,Active,active,654,37475,6279,2020-12-23,http://app.toronto.ca/AIC/index.do?folderRsn=lpXUT0phrO%2B6WhFzZ2OTzQ%3D%3D,-79.3916,43.642553
19 191585 WET 02 OZ,340 MILL RD,2,,,Active,active,215,17689.9,,2019-07-18,http://app.toronto.ca/AIC/index.do?folderRsn=wpLmwivx%2FVOLOnHHtav7ZQ%3D%3D,-79.585809,43.637871
24 252598 NNY 15 SA,28 OVERLEA BLVD,15,055,Thorncliffe Park,Under Review,proposed,0,,3065.9,2024-12-20,http://app.toronto.ca/AIC/index.do?folderRsn=BVlJBqdDfxRQuC%2BfWloR%2Fw%3D%3D,-79.350208,43.703542
22 234090 WET 05 SA,2322 EGLINTON AVE W,5,110,Keelesdale-Eglinton West,Active,active,0,,304,2022-11-28,http://app.toronto.ca/AIC/index.do?folderRsn=dhuXfCAagn87m5E57R56dw%3D%3D,-79.467425,43.690215
26 109669 NNY 15 SA,135 VANDERHOOF AVE,15,055,Thorncliffe Park,Under Review,proposed,0,,5005,2026-01-27,http://app.toronto.ca/AIC/index.do?folderRsn=9MV6GqTufcKh8P8984BYpA%3D%3D,-79.351849,43.711911
23 198001 STE 14 OZ,1134 QUEEN ST E,14,070,South Riverdale,Active,active,29,1731,274.7,2023-09-05,http://app.toronto.ca/AIC/index.do?folderRsn=rRZZ5t3QZlfCb6UyFXogrg%3D%3D,-79.334866,43.660531
16 230579 ESC 35 OZ,1 EGLINTON SQ,20,120,Clairlea-Birchmount,Under Review,proposed,3618,312297,2809,2016-09-29,,-79.300012,43.720632
24 231134 STE 12 OZ,275 MERTON ST,12,099,Mount Pleasant East,Active,active,494,31219,153,2024-10-25,http://app.toronto.ca/AIC/index.do?folderRsn=3tFLUtkwj0qFZKbOigmzgw%3D%3D,-79.38848,43.695604
21 235352 STE 12 OZ,2010 YONGE ST,12,100,Yonge-Eglinton,Under Review,proposed,274,21757,1453,2021-11-08,http://app.toronto.ca/AIC/index.do?folderRsn=tcSIVr1PXV4jXT00nYmU%2Bw%3D%3D,-79.397744,43.699333
24 113378 NNY 17 SA,4000 LESLIE ST,17,052,Bayview Village,Active,active,0,,59720,2024-02-08,http://app.toronto.ca/AIC/index.do?folderRsn=IbJWAACheWl2CTS%2F6ji3dg%3D%3D,-79.365317,43.767942
21 215777 WET 03 OZ,5238 DUNDAS ST W,3,159,Etobicoke City Centre,Active,active,521,31253.56,379,2021-09-21,http://app.toronto.ca/AIC/index.do?folderRsn=TaiTFaJLtTXeIwS%2Fn7iNTw%3D%3D,-79.53851,43.636914
19 243242 STE 11 OZ,888 DUPONT ST,11,172,Dovercourt Village,Active,active,251,18439,,2019-10-30,http://app.toronto.ca/AIC/index.do?folderRsn=qc9doJl4ZcmIIWlQgNgJHQ%3D%3D,-79.429124,43.668564
14 235297 STE 20 OZ,30 WIDMER ST,10,164,Wellington Place,Built,built,646,44883,16136,2014-10-09,http://app.toronto.ca/DevelopmentApplications/associatedApplicationsList.do?action=init&folderRsn=3640115&isCofASearch=false,-79.391951,43.645336
17 173706 STE 22 OZ,30 MERTON ST,12,099,Mount Pleasant East,Active,active,322,24347.2,324.2,2017-06-05,http://app.toronto.ca/AIC/index.do?folderRsn=qdQpQEcnGuYfplWGPYKZNA%3D%3D,-79.395258,43.69474
25 255087 STE 13 OZ,115 JARVIS ST,13,168,Downtown Yonge East,Under Review,proposed,596,37187,226,2025-11-17,http://app.toronto.ca/AIC/index.do?folderRsn=NNL%2B5SYrzK7Tj9SE5A1CQA%3D%3D,-79.372515,43.650991
25 204025 NNY 06 OZ,500 SHEPPARD AVE W,6,038,Lansing-Westgate,Under Review,proposed,331,22714,,2025-08-01,http://app.toronto.ca/AIC/index.do?folderRsn=BiRXBh7%2BgjXO2jBg6UWHcQ%3D%3D,-79.435698,43.754457
21 249631 STE 12 OZ,1 ST CLAIR AVE W,12,097,Yonge-St.Clair,Under Review,proposed,340,26270,394,2021-12-17,http://app.toronto.ca/AIC/index.do?folderRsn=9530hi6QJ3cJUK7%2FIpVJKg%3D%3D,-79.394773,43.68577
14 242937 NNY 16 SA,1914 AVENUE RD,8,039,Bedford Park-Nortown,Built,built,0,,1695,2014-10-24,http://app.toronto.ca/DevelopmentApplications/associatedApplicationsList.do?action=init&folderRsn=3648750&isCofASearch=false,-79.420087,43.73133
12 191650 STE 27 OZ,37 YORKVILLE AVE,11,169,Bay-Cloverhill,Active,active,1138,95533,6846,2012-06-12,,-79.389032,43.669328
26 112094 STE 19 SA,443-445 COXWELL AVE,19,065,Greenwood-Coxwell,Under Review,proposed,0,,13360.84,2026-02-02,http://app.toronto.ca/AIC/index.do?folderRsn=A3vzADOhmn0Z5iaoUrNQEQ%3D%3D,-79.32135,43.67612
23 232890 ESC 22 SA,3550 PHARMACY AVE,22,116,Steeles,Active,active,0,,41824.6,2023-12-05,http://app.toronto.ca/AIC/index.do?folderRsn=e53ntI1tZPPTKE5QKsj2JA%3D%3D,-79.337847,43.81363
17 162972 WET 17 SA,908 ST CLAIR AVE W,9,094,Wychwood,Active,active,173,12481,656,2017-05-19,http://app.toronto.ca/AIC/index.do?folderRsn=mmGqgnzLUnPIl9S90MVOsQ%3D%3D,-79.434158,43.678244
17 186503 STE 22 OZ,2161 YONGE ST,12,100,Yonge-Eglinton,Built,built,335,23232,8367,2017-06-23,http://app.toronto.ca/AIC/index.do?folderRsn=posVYQ4tBndTjlsV%2FmOikQ%3D%3D,-79.397675,43.702691
20 222337 WET 03 SA,541 KIPLING AVE,3,160,Mimico-Queensway,Active,active,0,,31337.82,2020-11-25,http://app.toronto.ca/AIC/index.do?folderRsn=3FkJ8EkhkyXA0TWrosfbvQ%3D%3D,-79.522229,43.611561
26 112744 NNY 17 SA,3075 DON MILLS RD,17,047,Don Valley Village,Under Review,proposed,0,,141.8,2026-02-03,http://app.toronto.ca/AIC/index.do?folderRsn=ZdZkdG9hYLKSTWozI%2F7V9g%3D%3D,-79.352919,43.785867
25 265324 NNY 17 OZ,630 SHEPPARD AVE E,17,052,Bayview Village,Under Review,proposed,1074,77340.95,4667.41,2025-12-11,http://www.toronto.ca/2901BayviewAvePhase2,-79.38413,43.765824
18 189938 STE 22 OZ,1 DELISLE AVE,12,097,Yonge-St.Clair,Active,active,371,32375,1640,2018-07-06,http://app.toronto.ca/AIC/index.do?folderRsn=22PQdDrYKWXrYUitfuTwUA%3D%3D,-79.394982,43.686954
22 184095 NNY 16 OZ,123 WYNFORD DR,16,042,Banbury-Don Mills,Active,active,1253,73691.07,994.81,2022-07-29,http://app.toronto.ca/AIC/index.do?folderRsn=ToD0JyrGi06ecPalDexUdQ%3D%3D,-79.329301,43.72433
24 252497 NNY 15 OZ,660 EGLINTON AVE E,15,056,Leaside-Bennington,Under Review,proposed,1204,84202,1526,2024-12-20,http://app.toronto.ca/AIC/index.do?folderRsn=%2BEycsSrDyweiRKEua%2F6ozA%3D%3D,-79.376413,43.70977
17 277456 ESC 38 OZ,670 PROGRESS AVE,24,142,Woburn North,Under Review,proposed,3203,195612,3041,2017-12-19,http://app.toronto.ca/AIC/index.do?folderRsn=CmYNBr1TZis%2BsTQG10lIbw%3D%3D,-79.24861,43.77595
21 136860 STE 19 OZ,1631 QUEEN ST E,19,063,The Beaches,Active,active,328,24275,1112,2021-04-07,http://app.toronto.ca/AIC/index.do?folderRsn=ReLVaGWNsUkzIi%2F2lscEPg%3D%3D,-79.316245,43.66386
25 189153 WET 03 OZ,829 THE QUEENSWAY,3,016,Stonegate-Queensway,Active,active,332,24349,590,2025-07-07,http://app.toronto.ca/AIC/index.do?folderRsn=cCGyWXCfKDvKqtsIn2cjjA%3D%3D,-79.508859,43.622811
14 137827 ESC 44 OZ,6175 KINGSTON RD,25,133,Centennial Scarborough,Active,active,44,8350.03,,2014-04-03,http://app.toronto.ca/AIC/index.do?folderRsn=DguKCktZqbR4J72qtaP9yA%3D%3D,-79.166839,43.783609
17 207556 STE 18 OZ,990 BLOOR ST W,9,083,Dufferin Grove,Built,built,116,8379,310,2017-07-28,http://app.toronto.ca/AIC/index.do?folderRsn=rcm6akMDZdEFIUSntDxW1A%3D%3D,-79.430165,43.659195
25 210997 STE 12 OZ,146 VAUGHAN RD,12,106,Humewood-Cedarvale,Active,active,110,8447,60,2025-08-15,http://app.toronto.ca/AIC/index.do?folderRsn=gFNi1fcHYPPVOG3g1PTmHw%3D%3D,-79.422375,43.683334
19 152383 STE 11 OZ,409 HURON ST,11,079,University,Active,active,136,6504,,2019-05-10,http://app.toronto.ca/AIC/index.do?folderRsn=ENTaWQ0fWgC6nl9H5pjplA%3D%3D,-79.401027,43.66462
16 269853 ESC 37 OZ,1880-1890 EGLINTON AVE E,21,120,Clairlea-Birchmount,Active,active,3597,274047.8,37844.7,2016-12-22,http://app.toronto.ca/AIC/index.do?folderRsn=4M2Un1ZCIFvykHNhgsGg6g%3D%3D,-79.300378,43.723211
23 173467 STE 13 OZ,494 RICHMOND ST E,13,073,Moss Park,Active,active,718,44432,441,2023-07-12,http://app.toronto.ca/AIC/index.do?folderRsn=F%2BrkrsFEep3DbtzBRUcbUg%3D%3D,-79.364787,43.652716
18 178870 ESC 44 OZ,7437 KINGSTON RD,25,143,West Rouge,Built,built,422,28932,,2018-06-15,http://app.toronto.ca/AIC/index.do?folderRsn=bdBd15B6S4P1pUS%2BamhT6Q%3D%3D,-79.142927,43.798593
18 170127 STE 18 OZ,72 PERTH AVE,9,086,Roncesvalles,Active,active,255,19387.1,,2018-06-01,http://app.toronto.ca/AIC/index.do?folderRsn=37F7XrE1QstTsbxAgvz5qg%3D%3D,-79.44872,43.654146
26 113198 STE 04 SA,3434 DUNDAS ST W,4,089,Runnymede-Bloor West Village,Under Review,proposed,0,,3640.4,2026-02-04,http://app.toronto.ca/AIC/index.do?folderRsn=9LZT8jmS8lnMygPDMzlY6w%3D%3D,-79.486051,43.663876
17 261931 STE 22 OZ,808 MOUNT PLEASANT RD,12,174,South Eglinton-Davisville,Active,active,889,48697,802,2017-11-14,http://app.toronto.ca/AIC/index.do?folderRsn=b67vPUrtmrkbqUxqwKnb0A%3D%3D,-79.390927,43.707011
25 218807 STE 13 OZ,355 SHERBOURNE ST,13,073,Moss Park,Active,active,440,35574,591,2025-09-02,http://app.toronto.ca/AIC/index.do?folderRsn=2LwV6W8fRt6nZQ0OWyjJfA%3D%3D,-79.372829,43.661038
25 203821 NNY 08 OZ,9 SHORTT ST,8,109,Caledonia-Fairbank,Active,active,458,35070.91,496.55,2025-08-01,http://app.toronto.ca/AIC/index.do?folderRsn=mW2yqO0XNnxqZZBT1rurng%3D%3D,-79.45185,43.69404
24 140234 STE 13 OZ,5 HUNTLEY ST,13,074,North St.James Town,Active,active,709,48755,,2024-04-24,http://app.toronto.ca/AIC/index.do?folderRsn=3cQU34I%2FYjc1bgBEK%2B%2Brmg%3D%3D,-79.377941,43.666682
18 272231 ESC 22 OZ,20 COWDRAY CRT,22,128,Agincourt South-Malvern West,Active,active,2157,165152,2238,2018-12-27,http://app.toronto.ca/AIC/index.do?folderRsn=7FWouDSWkcjdTG%2F3GtN7cg%3D%3D,-79.284559,43.77828
15 228723 NNY 15 OZ,100 BROADWAY AVE,15,173,North Toronto,Built,built,448,28497,100,2015-09-25,http://app.toronto.ca/AIC/index.do?folderRsn=%2FQtkcu3sxdezssbDFBZuHQ%3D%3D,-79.394004,43.709071
24 171199 WET 07 SA,4700 KEELE ST,7,027,York University Heights,Under Review,proposed,586,22855,,2024-06-27,http://app.toronto.ca/AIC/index.do?folderRsn=qvY52UBzxzSHtQZUzKpFWA%3D%3D,-79.49949,43.767522
20 229385 WET 03 OZ,875 THE QUEENSWAY,3,016,Stonegate-Queensway,Active,active,152,11836.1,263,2020-12-15,http://app.toronto.ca/AIC/index.do?folderRsn=r7sLJTWNgvD4uWVSugsa9Q%3D%3D,-79.51107,43.622166
17 271641 WET 07 OZ,135 PLUNKETT RD,7,021,Humber Summit,Active,active,136,14219,,2017-12-05,http://app.toronto.ca/AIC/index.do?folderRsn=aLSxpR1Ux8uxie%2BC3EI7pw%3D%3D,-79.570293,43.760496
25 261353 NNY 17 OZ,229 CONSUMERS RD,17,053,Henry Farm,Under Review,proposed,0,,77505,2025-12-02,http://app.toronto.ca/AIC/index.do?folderRsn=0OkjO29dGZcNf18cb4%2B3kQ%3D%3D,-79.331918,43.768894
20 120404 STE 13 OZ,110 ADELAIDE ST E,13,168,Downtown Yonge East,Under Review,proposed,600,36370,730,2020-02-28,http://app.toronto.ca/AIC/index.do?folderRsn=n4%2BMiC1EfbuphCT6mx5Auw%3D%3D,-79.373778,43.649719
25 159156 STE 12 SA,501 ARLINGTON AVE,12,106,Humewood-Cedarvale,Active,active,0,,1072,2025-05-14,http://app.toronto.ca/AIC/index.do?folderRsn=t0QVZFiLNNaSe8OsDPkrew%3D%3D,-79.433149,43.690297
13 198702 NNY 25 OZ,740 YORK MILLS RD,15,042,Banbury-Don Mills,Built,built,192,21128,,2013-07-04,http://app.toronto.ca/AIC/index.do?folderRsn=2lqXi1pYFSh0wFCGgaLcGg%3D%3D,-79.361053,43.751714
26 114412 WET 07 OZ,2450 FINCH AVE W,7,022,Humbermede,Under Review,proposed,1136,68760,6405,2026-02-06,http://app.toronto.ca/AIC/index.do?folderRsn=pmpvyzOx9Go9EsNz%2Bbjsmg%3D%3D,-79.554394,43.747967
26 115080 WET 01 SA,8-28 WESTMORE DR,1,001,West Humber-Clairville,Under Review,proposed,0,,18220,2026-02-09,http://app.toronto.ca/AIC/index.do?folderRsn=4IS30gS4w9RZfH2kKspqBA%3D%3D,-79.604757,43.740268
20 220827 ESC 24 SA,144 GALLOWAY RD,24,136,West Hill,Active,active,178,11334,,2020-11-20,http://app.toronto.ca/AIC/index.do?folderRsn=MLhP3ldmIPR71K3OfLUVNw%3D%3D,-79.194806,43.75872
13 277902 WET 02 OZ,2200 ISLINGTON AVE,1,001,West Humber-Clairville,Built,built,0,,45633,2013-12-13,http://app.toronto.ca/AIC/index.do?folderRsn=HP4eTqAfyqDWToTJtA3J2g%3D%3D,-79.558133,43.708766
20 209863 ESC 20 OZ,3291 KINGSTON RD,20,139,Scarborough Village,Active,active,349,22381,,2020-10-22,http://app.toronto.ca/AIC/index.do?folderRsn=YH0pi%2FDCuiVti%2Bj4Dq6Wnw%3D%3D,-79.223615,43.730476
22 222178 ESC 21 SA,1845 BIRCHMOUNT RD,21,126,Dorset Park,Active,active,0,,24953.58,2022-10-26,http://app.toronto.ca/AIC/index.do?folderRsn=w%2F2q%2Fd549fbvgppos4Dprw%3D%3D,-79.290943,43.765711
20 224753 STE 13 OZ,191 SHERBOURNE ST,13,073,Moss Park,Active,active,693,54110,525,2020-12-02,http://app.toronto.ca/AIC/index.do?folderRsn=dy1VIPgSMEON0qMJR8QXBw%3D%3D,-79.370127,43.6548
24 168035 STE 09 OZ,158 STERLING RD,9,086,Roncesvalles,Active,active,396,25493.4,1869,2024-06-20,http://app.toronto.ca/AIC/index.do?folderRsn=TsNy7FEh1UJ9EiG7U%2F%2Bchg%3D%3D,-79.446164,43.6526
22 139780 ESC 22 SA,2350-2362 KENNEDY RD,22,118,Tam O'Shanter-Sullivan,Under Review,proposed,659,49391.5,14178.6,2022-04-28,http://app.toronto.ca/AIC/index.do?folderRsn=FnniOxV4tIFQmflimvphBg%3D%3D,-79.289723,43.783028
20 227227 NNY 18 OZ,5203 YONGE ST,18,037,Willowdale West,Active,active,268,18430.6,238.4,2020-12-08,http://app.toronto.ca/AIC/index.do?folderRsn=orVAhBH9ST991WR8R0MESw%3D%3D,-79.413145,43.768662
22 176294 NNY 08 OZ,2350 YONGE ST,8,100,Yonge-Eglinton,Under Review,proposed,323,20561.68,,2022-07-13,http://app.toronto.ca/AIC/index.do?folderRsn=BuBb%2BiSh9FbMNoZqFpWPjQ%3D%3D,-79.399271,43.706513
17 277713 NNY 15 SA,11 BAGOT CRT,8,032,Englemount-Lawrence,Built,built,222,51047.84,,2017-12-20,http://app.toronto.ca/AIC/index.do?folderRsn=MUtH0wSWuyIPjBH5lyR2Rw%3D%3D,-79.444209,43.720734
22 133670 STE 11 OZ,1303 YONGE ST,11,097,Yonge-St.Clair,Active,active,832,60133,1221,2022-04-12,http://app.toronto.ca/AIC/index.do?folderRsn=aIylr7di91SibHWC%2Bul0Uw%3D%3D,-79.392319,43.682173
21 244299 ESC 22 OZ,750 HUNTINGWOOD DR,22,118,Tam O'Shanter-Sullivan,Active,active,5,974.31,,2021-12-02,http://app.toronto.ca/AIC/index.do?folderRsn=WP1nV0%2FvvdKx%2ByPntPY%2F6A%3D%3D,-79.302262,43.788723
21 232980 STE 12 OZ,5 RAGLAN AVE,12,094,Wychwood,Active,active,236,18820,16,2021-11-01,http://app.toronto.ca/AIC/index.do?folderRsn=Cna%2BCLRz9UV38PiO7imFMg%3D%3D,-79.419617,43.681509
19 183250 WET 03 OZ,26 BURNHAMTHORPE RD,3,158,Islington,Active,active,116,7033.54,,2019-07-05,http://app.toronto.ca/AIC/index.do?folderRsn=tP9B71rx7BcRVCHMWG2vlQ%3D%3D,-79.530576,43.646971
24 117170 NNY 06 SA,1133 FINCH AVE W,6,027,York University Heights,Active,active,0,,3321.2,2024-02-20,http://app.toronto.ca/AIC/index.do?folderRsn=yJD%2FhcUs45tcFtkbSWRVCQ%3D%3D,-79.480581,43.763403
21 235947 STE 10 OZ,39 CAMDEN ST,10,164,Wellington Place,Active,active,252,13743,293,2021-11-09,http://app.toronto.ca/AIC/index.do?folderRsn=1Q%2B9MVroNbAaxeB9nInp1g%3D%3D,-79.3978,43.64484
24 166781 WET 07 SA,163 RIVALDA RD,7,022,Humbermede,Under Review,proposed,0,,7508.09,2024-06-18,http://app.toronto.ca/AIC/index.do?folderRsn=Da0a4nbG%2BoIVlCXmLzkGog%3D%3D,-79.53658,43.743707
21 127937 NNY 08 OZ,1812 EGLINTON AVE W,8,109,Caledonia-Fairbank,Under Review,proposed,687,42949,202,2021-03-16,http://app.toronto.ca/AIC/index.do?folderRsn=5xO%2BnKXKeB3nMfIb6bs4Rw%3D%3D,-79.449971,43.694079
22 191848 STE 11 OZ,914 BATHURST ST,11,095,Annex,Active,active,159,10758,67,2022-08-17,http://app.toronto.ca/AIC/index.do?folderRsn=2%2BZE75RWFu%2FmbqNOSt%2BwDg%3D%3D,-79.413003,43.666317
22 205695 ESC 21 OZ,126 BELLAMY RD N,21,138,Eglinton East,Active,active,184,11930.08,,2022-09-19,http://app.toronto.ca/AIC/index.do?folderRsn=YVEoXTIbL4%2F1kLN29z2Pfg%3D%3D,-79.232175,43.740427
23 153305 NNY 15 SA,755 LAWRENCE AVE E,15,041,Bridle Path-Sunnybrook-York Mills,Active,active,0,,1004.96,2023-05-30,http://app.toronto.ca/AIC/index.do?folderRsn=gaCZp0v1762ErsCjmXxbQg%3D%3D,-79.359592,43.732146
23 146704 ESC 25 OZ,1650 MILITARY TRL,25,136,West Hill,Active,active,101,10469,,2023-05-16,http://app.toronto.ca/AIC/index.do?folderRsn=C2L0Dcet6PqOkV95VTYfEQ%3D%3D,-79.170841,43.779753
23 126078 STE 13 SA,153 EASTERN AVE,13,166,St Lawrence-East Bayfront-The Islands,Under Review,proposed,979,74119,1455,2023-03-23,http://app.toronto.ca/AIC/index.do?folderRsn=9aARTfgKBdtvYwKJP%2F25Nw%3D%3D,-79.355464,43.652562
22 185925 STE 13 OZ,561 JARVIS ST,13,167,Church-Wellesley,Under Review,proposed,818,43203,97,2022-08-04,http://app.toronto.ca/AIC/index.do?folderRsn=qdEN58vxP4ApZS%2FcWsFTTg%3D%3D,-79.378885,43.666363
21 138108 STE 09 OZ,316 CAMPBELL AVE,9,171,Junction-Wallace Emerson,Active,active,314,20538,,2021-04-09,http://app.toronto.ca/AIC/index.do?folderRsn=AAcuqyO7C%2FsjuQP%2FxVSypA%3D%3D,-79.450755,43.664472
25 236949 STE 13 OZ,761 DUNDAS ST E,13,072,Regent Park,Under Review,proposed,1197,73902,1331,2025-10-08,http://app.toronto.ca/AIC/index.do?folderRsn=pQXQdd9xsAyXtIdMbT%2BI5Q%3D%3D,-79.356565,43.659072
15 158919 ESC 35 OZ,250 DANFORTH RD,20,121,Oakridge,Active,active,208,17516,465,2015-05-19,http://app.toronto.ca/AIC/index.do?folderRsn=XghoKlW44C2SaCKqciJ8lg%3D%3D,-79.273596,43.699555
17 207620 ESC 36 SA,1665 KINGSTON RD,20,122,Birchcliffe-Cliffside,Built,built,51,6032,,2017-07-28,http://app.toronto.ca/AIC/index.do?folderRsn=fn2cpC3aruM%2BpEns3xDwbg%3D%3D,-79.264617,43.68942
23 125661 NNY 16 SA,7 ST DENNIS DR,16,044,Flemingdon Park,Under Review,proposed,474,28481,,2023-03-22,http://app.toronto.ca/AIC/index.do?folderRsn=QwserswqjeIRLDKxsWvlYQ%3D%3D,-79.33643,43.714018
21 235591 NNY 08 OZ,131 LYON CRT,8,102,Forest Hill North,Under Review,proposed,402,31695.8,95.3,2021-11-08,http://app.toronto.ca/AIC/index.do?folderRsn=QodfP5%2FdNc89DXeMen1gAg%3D%3D,-79.440429,43.701082
20 219229 ESC 20 OZ,3310 KINGSTON RD,20,139,Scarborough Village,Under Review,proposed,275,18828.5,407.5,2020-11-17,http://app.toronto.ca/AIC/index.do?folderRsn=lPyqh4UAr%2BXRYRMIzawVjQ%3D%3D,-79.22279,43.732258
16 145600 NNY 10 OZ,700 SHEPPARD AVE W,6,033,Clanton Park,Built,built,134,9986.8,436,2016-04-25,http://app.toronto.ca/AIC/index.do?folderRsn=8B1yP8s60BmtVB3stc6dBA%3D%3D,-79.444926,43.752508
24 149325 STE 14 OZ,120 BOUCHETTE ST,14,070,South Riverdale,Under Review,proposed,1754,120504,7399.1,2024-05-15,http://app.toronto.ca/AIC/index.do?folderRsn=O3knE3Ll8L06MyzSbDEYkg%3D%3D,-79.342003,43.650408
22 114259 STE 14 OZ,1111 DANFORTH AVE,14,069,Blake-Jones,Active,active,297,19269,1627.5,2022-02-15,http://app.toronto.ca/AIC/index.do?folderRsn=1fpgLIYJ3tF8OSvH4UccEQ%3D%3D,-79.33497,43.678673
21 203335 ESC 21 SA,10 BERTRAND AVE,21,119,Wexford/Maryvale,Active,active,0,,8321.6,2021-08-24,http://app.toronto.ca/AIC/index.do?folderRsn=QSOVAq9hhIftwknyWC2snw%3D%3D,-79.288359,43.732183
21 139777 NNY 15 SA,939 EGLINTON AVE E,15,055,Thorncliffe Park,Built,built,301,23900,,2021-04-13,http://app.toronto.ca/AIC/index.do?folderRsn=pIQvY33UpFJ1pIG3vykJpA%3D%3D,-79.360588,43.711515
15 255425 STE 20 OZ,122 PETER ST,10,164,Wellington Place,Active,active,385,22886,1243,2015-11-23,http://app.toronto.ca/AIC/index.do?folderRsn=Gh71yrLi5JM99MLLCiR1dw%3D%3D,-79.393579,43.646026
20 109056 WET 05 OZ,1860 KEELE ST,5,110,Keelesdale-Eglinton West,Active,active,353,20989,355,2020-01-27,http://app.toronto.ca/AIC/index.do?folderRsn=qjvaJ3d%2FEtDB0cffMi9aqA%3D%3D,-79.474542,43.689177
24 118466 NNY 08 OZ,567 LAWRENCE AVE W,8,032,Englemount-Lawrence,Under Review,proposed,15,285,1307,2024-02-23,http://app.toronto.ca/AIC/index.do?folderRsn=ivLkqEB0oKXzIqSCozp4Qw%3D%3D,-79.436107,43.715263
23 142019 STE 13 SA,250 FRONT ST E,13,166,St Lawrence-East Bayfront-The Islands,Active,active,0,,1058,2023-05-05,http://app.toronto.ca/AIC/index.do?folderRsn=qx1Ni%2BisToo58ys5EogFsw%3D%3D,-79.364048,43.649607
26 118747 ESC 25 OZ,363 OLD KINGSTON RD,25,133,Centennial Scarborough,Under Review,proposed,129,8864,445,2026-02-19,http://app.toronto.ca/AIC/index.do?folderRsn=YN7tq6rhxYftRrBh6uPQNw%3D%3D,-79.17051,43.781233
25 185157 NNY 08 OZ,2700 DUFFERIN ST,8,108,Briar Hill-Belgravia,Under Review,proposed,1351,98570,20252,2025-06-27,http://app.toronto.ca/AIC/index.do?folderRsn=yWP8UmM7KqM%2F%2F%2BkijHbwTw%3D%3D,-79.45419,43.699715
21 251925 WET 07 OZ,470 SENTINEL RD,7,027,York University Heights,Under Review,proposed,1765,138411.86,1926.92,2021-12-29,http://app.toronto.ca/AIC/index.do?folderRsn=5W6Mtp7SKezCGvzAx1PShQ%3D%3D,-79.50226,43.760977
25 103014 ESC 24 OZ,40 BUSHBY DR,24,142,Woburn North,Under Review,proposed,1695,109707.84,1063.19,2025-01-09,http://app.toronto.ca/AIC/index.do?folderRsn=rQRTRp%2BDtem6Ch8L%2FppbKw%3D%3D,-79.251339,43.772565
25 191848 NNY 17 OZ,635 SHEPPARD AVE E,17,052,Bayview Village,Under Review,proposed,351,22111.7,305,2025-07-10,http://app.toronto.ca/AIC/index.do?folderRsn=H5p0mXhvvlZONCBaCFBcEg%3D%3D,-79.380012,43.766121
09 172870 WET 11 SA,2270 WESTON RD   REAR,5,008,Humber Heights-Westmount,Under Review,proposed,107,7571,,2009-09-25,http://app.toronto.ca/AIC/index.do?folderRsn=IoPaRuyC1TT3TcCtR5cqmQ%3D%3D,-79.529201,43.702698
21 196590 WET 03 OZ,351 ROYAL YORK RD,3,160,Mimico-Queensway,Active,active,278,19661,682,2021-08-11,http://app.toronto.ca/AIC/index.do?folderRsn=tZXmuBeSo19QOBzKfvvO3Q%3D%3D,-79.499058,43.616013
24 213561 ESC 23 OZ,5789 STEELES AVE E,23,130,Milliken,Active,active,0,,46294.76,2024-09-16,http://app.toronto.ca/AIC/index.do?folderRsn=fpoTfn5zQDIKqRiZtUFfQw%3D%3D,-79.264913,43.831019
14 227468 STE 27 OZ,68 CHARLES ST E,11,167,Church-Wellesley,Built,built,403,30395,328,2014-09-24,,-79.383043,43.667611
23 140195 NNY 15 OZ,405 MOUNT PLEASANT RD,15,099,Mount Pleasant East,Built,built,0,,88,2023-05-01,http://app.toronto.ca/AIC/index.do?folderRsn=1YDWxFreMceoBghy1AD8pg%3D%3D,-79.386622,43.697221
18 176381 WET 04 SA,270 THE KINGSWAY,2,009,Edenbridge-Humber Valley,Built,built,210,22914.5,692.36,2018-06-12,http://app.toronto.ca/AIC/index.do?folderRsn=2iwKUoF20Zsy3Hxdy6jsOw%3D%3D,-79.520025,43.659785
22 242126 STE 14 OZ,50 LAING ST,14,063,The Beaches,Under Review,proposed,248,13981,,2022-12-23,http://app.toronto.ca/AIC/index.do?folderRsn=bUDB8ILgd0syEKOC7Jn8YA%3D%3D,-79.327412,43.660978
24 106901 WET 05 OZ,1175 WESTON RD,5,115,Mount Dennis,Under Review,proposed,1073,66579.2,350.7,2024-01-22,http://app.toronto.ca/AIC/index.do?folderRsn=L7%2BeRVs9HwkACqahmnHcmg%3D%3D,-79.490072,43.685445
07 143093 STE 28 OZ,351 LAKE SHORE BLVD E,10,,,Active,active,1593,113600,11400,2007-04-05,,,
23 136834 STE 04 OZ,1266 QUEEN ST W,4,085,South Parkdale,Active,active,358,24588.8,184.2,2023-04-21,http://app.toronto.ca/AIC/index.do?folderRsn=bA%2F0DhPDeHorCNnj9XWrng%3D%3D,-79.429833,43.640457
19 181636 ESC 23 OZ,3030 MARKHAM RD,23,130,Milliken,Under Review,proposed,0,,507.85,2019-07-02,http://app.toronto.ca/AIC/index.do?folderRsn=86lU62Ccs7eGwNLMwi%2FLWA%3D%3D,-79.251163,43.828259
24 252705 STE 14 SA,425 CARLAW AVE,14,070,South Riverdale,Under Review,proposed,0,,5161,2024-12-20,http://app.toronto.ca/AIC/index.do?folderRsn=H576RkIJaSZKvLflGxWcnQ%3D%3D,-79.342236,43.666709
22 139836 WET 03 OZ,4888 DUNDAS ST W,3,159,Etobicoke City Centre,Active,active,398,28059,1329,2022-04-28,http://app.toronto.ca/AIC/index.do?folderRsn=QPm5Ix3xee5lm735SEUVOQ%3D%3D,-79.528415,43.647752
20 151363 STE 13 OZ,218 DUNDAS ST E,13,073,Moss Park,Active,active,542,31630,1251,2020-06-02,http://app.toronto.ca/AIC/index.do?folderRsn=VtQitSPYgnDiJUsbeFOMCA%3D%3D,-79.373284,43.656027
22 160403 NNY 15 OZ,849 EGLINTON AVE E,15,055,Thorncliffe Park,Under Review,proposed,744,49380.9,1592.9,2022-06-10,http://app.toronto.ca/AIC/index.do?folderRsn=hf65IAufAty6RofH8AwJCA%3D%3D,-79.361689,43.711305
21 169802 NNY 17 OZ,3377 BAYVIEW AVE,17,049,Bayview Woods-Steeles,Active,active,1392,88544.05,582.8,2021-06-13,http://app.toronto.ca/AIC/index.do?folderRsn=lfP7D%2FH4USSdC87CuwuJ4Q%3D%3D,-79.392282,43.795147
22 137068 WET 03 SA,302 DWIGHT AVE,3,018,New Toronto,Under Review,proposed,0,,4615,2022-04-22,http://app.toronto.ca/AIC/index.do?folderRsn=HmLJy3nFWaMO7wrjg9H0OA%3D%3D,-79.501966,43.608518
21 143747 STE 10 OZ,25 QUEENS QUAY  E,10,166,St Lawrence-East Bayfront-The Islands,Under Review,proposed,611,43416,1164,2021-04-21,http://app.toronto.ca/AIC/index.do?folderRsn=Y%2FDmSfkCghAM0G%2BcGuzaIg%3D%3D,-79.373225,43.640184
17 278161 NNY 26 SA,939 EGLINTON AVE E,15,055,Thorncliffe Park,Built,built,514,49093,2207,2017-12-21,http://app.toronto.ca/AIC/index.do?folderRsn=3CszrzG2xoVf%2BRfeolHKzQ%3D%3D,-79.360058,43.711829
15 251277 STE 27 OZ,48 SCOLLARD ST,11,095,Annex,Built,built,130,19840,1556,2015-11-13,http://app.toronto.ca/DevelopmentApplications/associatedApplicationsList.do?action=init&folderRsn=3858499&isCofASearch=false,-79.390055,43.670463
22 225964 NNY 15 OZ,589 EGLINTON AVE E,15,099,Mount Pleasant East,Active,active,470,28040,720,2022-11-04,http://app.toronto.ca/AIC/index.do?folderRsn=wFv7hYNkvu2SGO0mHkP7qA%3D%3D,-79.378112,43.708688
22 240925 NNY 08 SA,165 TYCOS DR,8,031,Yorkdale-Glen Park,Active,active,0,,5133.6,2022-12-19,http://app.toronto.ca/AIC/index.do?folderRsn=fLChT1VsXTKKXXELIcVLiA%3D%3D,-79.464193,43.700851
21 251071 WET 03 OZ,5251 DUNDAS ST W,3,159,Etobicoke City Centre,Active,active,552,34471,170,2021-12-23,http://app.toronto.ca/AIC/index.do?folderRsn=kLqm9DDZDnfc04QSHgZigg%3D%3D,-79.53803,43.636153
25 214767 NNY 18 OZ,283 SHEPPARD AVE W,18,038,Lansing-Westgate,Under Review,proposed,139,9596,,2025-08-22,http://app.toronto.ca/AIC/index.do?folderRsn=kCABXalJGfIB5xQI4KClxQ%3D%3D,-79.425337,43.756158
25 131074 STE 19 OZ,419 WOODBINE AVE,19,063,The Beaches,Under Review,proposed,123,7843.6,132,2025-03-18,http://app.toronto.ca/AIC/index.do?folderRsn=GBjuADs8ccHNaH9Vf3Narw%3D%3D,-79.307324,43.671748
20 115845 NNY 08 OZ,4050 YONGE ST,8,039,Bedford Park-Nortown,Active,active,500,50034,5796,2020-02-14,http://app.toronto.ca/AIC/index.do?folderRsn=cN3MFnpZSG9mhyjlipQfvg%3D%3D,-79.407422,43.742668
22 204655 STE 10 OZ,191 DUNDAS ST W,10,170,Yonge-Bay Corridor,Under Review,proposed,135,10681.85,13592.24,2022-09-16,http://app.toronto.ca/AIC/index.do?folderRsn=mCS12vKAw9E6iIyFMWYVlg%3D%3D,-79.387003,43.652946
15 208844 STE 28 OZ,141 BAY ST,10,166,St Lawrence-East Bayfront-The Islands,Built,built,0,,127816.2,2015-08-18,,-79.377949,43.643548
24 254890 NNY 17 OZ,2600 DON MILLS RD,17,053,Henry Farm,Under Review,proposed,1814,126673,,2024-12-31,http://app.toronto.ca/AIC/index.do?folderRsn=yzrqCZOt%2BnMuhlg18lxE%2Fw%3D%3D,-79.348806,43.774252
20 118393 ESC 20 OZ,320 MCCOWAN RD,20,123,Cliffcrest,Active,active,483,56102,,2020-02-24,http://app.toronto.ca/AIC/index.do?folderRsn=mKwhnvPFubMyt%2Bzt1wqFQw%3D%3D,-79.238581,43.734455
26 122654 STE 12 OZ,1960 YONGE ST,12,100,Yonge-Eglinton,Under Review,proposed,379,23898,94,2026-02-27,http://app.toronto.ca/AIC/index.do?folderRsn=xoTcZ1Feha7DaUpwGoptnA%3D%3D,-79.397395,43.697573
19 108243 NNY 18 SA,5840 YONGE ST,18,036,Newtonbrook West,Built,built,407,33195,,2019-01-24,http://app.toronto.ca/AIC/index.do?folderRsn=PqnPELQrT1Gz0z5euXyuAw%3D%3D,-79.417904,43.783441
25 166590 STE 09 SA,1045 DUFFERIN ST,9,083,Dufferin Grove,Under Review,proposed,0,,1120.36,2025-05-28,http://app.toronto.ca/AIC/index.do?folderRsn=xNE3GxWT4LcyEhlB8nWiTw%3D%3D,-79.435746,43.659034
25 184315 WET 03 OZ,2686 LAKE SHORE BLVD W,3,,,Under Review,proposed,172,11207.7,,2025-06-26,http://app.toronto.ca/AIC/index.do?folderRsn=ejjfpiyA%2BnmrubrxkSZdSA%3D%3D,-79.495687,43.601016
25 208823 WET 03 OZ,2915-2917 BLOOR ST W,3,016,Stonegate-Queensway,Under Review,proposed,423,25090,1024,2025-08-12,http://app.toronto.ca/AIC/index.do?folderRsn=%2BZ1XmcIZGUAFoV5jHJynbA%3D%3D,-79.506854,43.646189
21 180092 STE 13 OZ,98 BOND ST,13,,,Active,active,336,18527,240,2021-07-06,http://app.toronto.ca/AIC/index.do?folderRsn=CNcqm7BBNDgPlU11jlalkA%3D%3D,,
21 251194 NNY 08 OZ,782 MARLEE AVE,8,031,Yorkdale-Glen Park,Under Review,proposed,321,20351,65,2021-12-23,http://app.toronto.ca/AIC/index.do?folderRsn=fvWj1eZVbeUpg6yw%2BXgeSQ%3D%3D,-79.44663,43.712819
25 150915 ESC 20 OZ,2535 GERRARD ST E,20,122,Birchcliffe-Cliffside,Active,active,80,1749,,2025-04-29,http://app.toronto.ca/AIC/index.do?folderRsn=f20HXfoegb%2F22PlvfrhkUg%3D%3D,-79.279837,43.685888
25 175195 STE 10 OZ,429 LAKE SHORE BLVD E,10,166,St Lawrence-East Bayfront-The Islands,Under Review,proposed,1711,106025,3695,2025-06-10,http://app.toronto.ca/AIC/index.do?folderRsn=%2Fuo7j%2FCzGQRAGzSiU5pGWA%3D%3D,-79.357745,43.646674
23 167527 NNY 18 OZ,7 STEELES AVE E,18,050,Newtonbrook East,Under Review,proposed,683,36091,171,2023-06-28,http://app.toronto.ca/AIC/index.do?folderRsn=ARZl0AkPQwCZ5piIFGrFMg%3D%3D,-79.419286,43.796025
24 106375 STE 13 SA,150 SHERBOURNE ST,13,073,Moss Park,Under Review,proposed,0,,7544,2024-01-19,http://app.toronto.ca/AIC/index.do?folderRsn=MXzpPdN1TsCSCTbU9y4aOA%3D%3D,-79.3706,43.653397
18 257584 WET 05 OZ,12 CORDOVA AVE,3,159,Etobicoke City Centre,Active,active,325,23549,,2018-11-16,http://app.toronto.ca/AIC/index.do?folderRsn=A3dzXJC4tf9smp8p6qNEtQ%3D%3D,-79.528521,43.646344
23 165943 ESC 23 OZ,5951 STEELES AVE E,23,130,Milliken,Active,active,0,,35612,2023-06-25,http://app.toronto.ca/AIC/index.do?folderRsn=yGl0KMDSvSOPU6GYrKgAHQ%3D%3D,-79.257629,43.832455
26 124085 WET 05 OZ,116 RYDING AVE,5,090,Junction Area,Under Review,proposed,931,61729,686,2026-03-03,http://app.toronto.ca/AIC/index.do?folderRsn=aBnarYf8u6d1rMNmAZAeow%3D%3D,-79.475698,43.667933
21 181257 STE 10 OZ,164 BATHURST ST,10,162,West Queen West,Active,active,384,22587.94,581.85,2021-07-08,http://app.toronto.ca/AIC/index.do?folderRsn=XyJBATm4uU0jePj%2FYiPiCw%3D%3D,-79.404183,43.644279
23 231968 ESC 20 SA,1119 KINGSTON RD,20,122,Birchcliffe-Cliffside,Active,active,58,3931,69,2023-12-01,http://app.toronto.ca/AIC/index.do?folderRsn=DJD4P3MpLQPt78q9%2FgPtrw%3D%3D,-79.281746,43.679246
25 205890 NNY 16 SA,800 YORK MILLS RD,16,042,Banbury-Don Mills,Under Review,proposed,0,,218,2025-08-06,http://app.toronto.ca/AIC/index.do?folderRsn=vWdGPqZolM7rMSPyaG%2FG8w%3D%3D,-79.359724,43.751542
25 129087 STE 12 OZ,170 MERTON ST,12,099,Mount Pleasant East,Active,active,531,35786,211,2025-03-14,http://app.toronto.ca/AIC/index.do?folderRsn=dDqtkvt2ELooYfyLBV6p3A%3D%3D,-79.391154,43.69547
25 244597 WET 03 OZ,1243 ISLINGTON AVE,3,159,Etobicoke City Centre,Active,active,702,47586.74,92.91,2025-10-24,http://app.toronto.ca/AIC/index.do?folderRsn=AfAKlB9uCND20%2BMjx5ngng%3D%3D,-79.523706,43.64394
25 120193 NNY 15 SA,20 ESANDAR DR,15,055,Thorncliffe Park,Built,built,0,,734.4,2025-02-21,http://app.toronto.ca/AIC/index.do?folderRsn=0uUiRJCxPeeBq%2Bb9506SXA%3D%3D,-79.358401,43.704348
22 140164 STE 09 SA,1141 BLOOR ST W,9,083,Dufferin Grove,Active,active,56,2837,,2022-04-29,http://app.toronto.ca/AIC/index.do?folderRsn=b3CIuDnRwl3gvt568DKhtg%3D%3D,-79.437837,43.657165
25 233722 STE 14 OZ,65-87 HEWARD AVE,14,070,South Riverdale,Under Review,proposed,806,60440,3361,2025-10-01,http://app.toronto.ca/AIC/index.do?folderRsn=KMZqQOSf7mTsjUNsIMedvQ%3D%3D,-79.337471,43.655626
20 222605 ESC 20 SA,2448-2450 KINGSTON RD,20,122,Birchcliffe-Cliffside,Active,active,43,4524.47,134.53,2020-11-25,http://app.toronto.ca/AIC/index.do?folderRsn=SNncbonKgOFLdb2BPUWJBg%3D%3D,-79.249727,43.707721
25 189182 WET 07 OZ,3100 WESTON RD,7,023,Pelmo Park-Humberlea,Under Review,proposed,125,7741.49,,2025-07-07,http://app.toronto.ca/AIC/index.do?folderRsn=232yc0PZvITy7C166FsFug%3D%3D,-79.539817,43.731708
24 208560 STE 11 OZ,55 BELMONT ST,11,095,Annex,Active,active,198,,17458,2024-09-05,http://app.toronto.ca/AIC/index.do?folderRsn=Y3B%2FDbOylzv776x9%2F0kH1g%3D%3D,-79.391166,43.672681
15 268779 WET 07 OZ,3002 ISLINGTON AVE,7,021,Humber Summit,Built,built,46,7625,,2015-12-23,http://app.toronto.ca/AIC/index.do?folderRsn=0%2BLr2RrAGF%2F1XWD9SezMmA%3D%3D,-79.572474,43.758098
20 114224 NNY 06 OZ,1285 FINCH AVE W,6,027,York University Heights,Under Review,proposed,1907,123374.84,6432.03,2020-02-10,http://app.toronto.ca/AIC/index.do?folderRsn=P6VYxrfHH5T31VYPVadoLg%3D%3D,-79.489425,43.76154
23 206748 ESC 22 OZ,3000 KENNEDY RD,22,148,East L'Amoreaux,Active,active,171,20622,,2023-09-25,http://app.toronto.ca/AIC/index.do?folderRsn=Wanu4eeg2rIMeHB1ggF7ZQ%3D%3D,-79.300565,43.80587
25 230632 STE 19 OZ,143-147 MAIN ST,19,062,East End-Danforth,Active,active,56,3633.4,98.3,2025-09-25,http://app.toronto.ca/AIC/index.do?folderRsn=v%2BLnJN0bjAWzPdPNTERURQ%3D%3D,-79.299917,43.681484
25 180696 NNY 16 OZ,1416 VICTORIA PARK AVE,16,043,Victoria Village,Under Review,proposed,77,5459.89,114.45,2025-06-20,http://app.toronto.ca/AIC/index.do?folderRsn=xnQnsoPMZOAylLcdA3FQUA%3D%3D,-79.301272,43.717953
13 203675 STE 19 OZ,840 DUPONT ST,11,172,Dovercourt Village,Built,built,328,26144.5,3067.1,2013-07-12,http://app.toronto.ca/AIC/index.do?folderRsn=8j%2F3t9%2BO6RWK32MxZqf53w%3D%3D,-79.427773,43.668979
17 190573 NNY 23 OZ,270 SHEPPARD AVE W,18,038,Lansing-Westgate,Active,active,205,15889,609.1,2017-06-30,http://app.toronto.ca/AIC/index.do?folderRsn=sf3EKs29nE9wDVwofXbxzQ%3D%3D,-79.424516,43.756719
24 194578 WET 05 SA,1571 LAWRENCE AVE W,5,030,Brookhaven-Amesbury,Under Review,proposed,0,,287.9,2024-08-08,http://app.toronto.ca/AIC/index.do?folderRsn=1JelIS8fFXItzNe6lauh0w%3D%3D,-79.488256,43.703956
25 261278 NNY 16 SA,12 BUSHBURY DR,16,149,Parkwoods-O'Connor Hills,Under Review,proposed,0,,905,2025-12-02,http://app.toronto.ca/AIC/index.do?folderRsn=kl7Bzde0BVByMSo%2BTmiPYA%3D%3D,-79.343278,43.752095
20 196539 ESC 24 OZ,448 MARKHAM RD,24,141,Golfdale-Cedarbrae-Woburn,Active,active,47,8991.9,,2020-09-21,http://app.toronto.ca/AIC/index.do?folderRsn=9G1TrkwMQcYjcxq9zUtBAA%3D%3D,-79.223389,43.749581
21 151073 WET 05 OZ,175 EILEEN AVE,5,114,Lambton Baby Point,Active,active,58,10204,,2021-05-06,http://app.toronto.ca/AIC/index.do?folderRsn=RqhnrakknUqDg2dBjdJZGQ%3D%3D,-79.503317,43.664613
17 280210 NNY 09 OZ,3621 DUFFERIN ST,6,155,Downsview,Active,active,158,15968,30611,2017-12-29,http://app.toronto.ca/AIC/index.do?folderRsn=kCGJFPUiTwDTff51DAW4xA%3D%3D,-79.458561,43.728977
23 139189 STE 14 SA,786-788 QUEEN ST E,14,070,South Riverdale,Active,active,15,1180.34,69.64,2023-04-28,http://app.toronto.ca/AIC/index.do?folderRsn=JdthMqBamUedRYY169iYGw%3D%3D,-79.347447,43.657693
23 145949 NNY 15 OZ,8 HYDE PARK CRCL,15,041,Bridle Path-Sunnybrook-York Mills,Active,active,62,13422.34,,2023-05-15,http://app.toronto.ca/AIC/index.do?folderRsn=a59WVlTl5fibMJDR80oNhQ%3D%3D,-79.381638,43.735325
20 111505 STE 09 SA,1744 DUNDAS ST W,9,084,Little Portugal,Under Review,proposed,19,1093,107,2020-02-03,http://app.toronto.ca/AIC/index.do?folderRsn=kYjXNz3tuBznLa6K%2B73FNg%3D%3D,-79.439812,43.6484
25 211860 NNY 08 OZ,5 PARK HILL RD,8,107,Oakwood Village,Under Review,proposed,505,34123,,2025-08-15,http://app.toronto.ca/AIC/index.do?folderRsn=bgs45NVrL9MpUqEkgHCypQ%3D%3D,-79.437363,43.696955
18 126273 STE 18 SA,90 CROATIA ST,9,083,Dufferin Grove,Built,built,0,,10262,2018-03-07,http://app.toronto.ca/AIC/index.do?folderRsn=Tittb0KrMabek8s84zyY3w%3D%3D,-79.438335,43.656172
20 113131 STE 19 OZ,2720 DANFORTH AVE,19,062,East End-Danforth,Active,active,64,4643.7,61,2020-02-06,http://app.toronto.ca/AIC/index.do?folderRsn=KSdhIH3enq0lsBhP5UmNMQ%3D%3D,-79.298398,43.687307
24 146664 NNY 08 OZ,2346 YONGE ST,8,100,Yonge-Eglinton,Under Review,proposed,391,32725.7,292.7,2024-05-10,http://app.toronto.ca/AIC/index.do?folderRsn=WkLBPzXnQBoelGEqSk5R4g%3D%3D,-79.399282,43.706344
18 149402 STE 19 SA,12 OSSINGTON AVE,10,162,West Queen West,Built,built,0,,1278,2018-04-26,http://app.toronto.ca/AIC/index.do?folderRsn=NjvmlZ23acoOaEd30ssHhA%3D%3D,-79.41958,43.642469
21 113721 NNY 17 OZ,71 TALARA DR,17,040,St.Andrew-Windfields,Active,active,349,27722,,2021-02-08,http://app.toronto.ca/AIC/index.do?folderRsn=OwFTZ6OQ%2BRcfC8de0nwD3w%3D%3D,-79.379621,43.763636
25 129423 ESC 23 OZ,5445 STEELES AVE E,23,130,Milliken,Under Review,proposed,0,,325,2025-03-14,http://app.toronto.ca/AIC/index.do?folderRsn=pPL4T2EBvOHLOkpnPOIOaw%3D%3D,-79.275955,43.828524
25 128430 STE 04 OZ,138 DOWLING AVE,4,085,South Parkdale,Active,active,147,9996.64,,2025-03-13,http://app.toronto.ca/AIC/index.do?folderRsn=62XqLanxU3O4bFxdkbK6zQ%3D%3D,-79.439417,43.635184
26 127882 WET 05 OZ,1747-1755 JANE ST,5,113,Weston,Under Review,proposed,248,19051,867,2026-03-11,http://app.toronto.ca/AIC/index.do?folderRsn=LuNiM0vM%2BK4SlXOeJgFWng%3D%3D,-79.504427,43.703764
19 232228 WET 03 OZ,4 BEAMISH DR,3,159,Etobicoke City Centre,Active,active,509,32918.5,202,2019-10-04,http://app.toronto.ca/AIC/index.do?folderRsn=Ekp%2FEMEIPYoVMb5frrsuAw%3D%3D,-79.537494,43.638958
22 198781 STE 13 OZ,237 VICTORIA ST,13,168,Downtown Yonge East,Under Review,proposed,189,15274,321,2022-09-01,http://app.toronto.ca/AIC/index.do?folderRsn=jqZBi6Z50fzKxQ8W5H%2Bflg%3D%3D,-79.379164,43.653588
25 258901 STE 10 OZ,1 YONGE ST,10,166,St Lawrence-East Bayfront-The Islands,Under Review,proposed,0,,,2025-11-26,http://app.toronto.ca/AIC/index.do?folderRsn=ymd0hPtMfDE2TZi760Hj2w%3D%3D,-79.374162,43.640762
15 264792 WET 05 OZ,1025 THE QUEENSWAY,3,160,Mimico-Queensway,Built,built,544,39264,2724,2015-12-14,http://app.toronto.ca/AIC/index.do?folderRsn=ZCccPrj%2FCvzsO9%2FQwYqOZQ%3D%3D,-79.515503,43.619087
22 189358 STE 13 OZ,185 KING ST E,13,166,St Lawrence-East Bayfront-The Islands,Active,active,437,28561,430,2022-08-11,http://app.toronto.ca/AIC/index.do?folderRsn=okGlA6Bwm6qVQxClRIpyAw%3D%3D,-79.371231,43.648511
21 147095 WET 03 SA,5134 DUNDAS ST W,3,159,Etobicoke City Centre,Active,active,21,2527.4,135.6,2021-04-28,http://app.toronto.ca/AIC/index.do?folderRsn=4NtwQrZgRGAjP3TS0kXlsA%3D%3D,-79.533653,43.642072
22 179213 NNY 15 OZ,25 OLD YORK MILLS RD,15,041,Bridle Path-Sunnybrook-York Mills,Under Review,proposed,103,7557,1776,2022-07-19,http://app.toronto.ca/AIC/index.do?folderRsn=2Z3I7XbxTh3%2Fw5s10Cn4ug%3D%3D,-79.404514,43.741414
18 265948 ESC 23 SA,1571 SANDHURST CRCL,23,129,Agincourt North,Active,active,0,,11242,2018-12-07,http://app.toronto.ca/AIC/index.do?folderRsn=t9wkBbzsTKH7PrdqN6uLSw%3D%3D,-79.269516,43.80723
16 148963 STE 27 SA,30 BOND ST,13,168,Downtown Yonge East,Built,built,0,,11293,2016-05-02,http://app.toronto.ca/AIC/index.do?folderRsn=hZs9eyX8z1Rxu9ogLx7Trg%3D%3D,-79.377882,43.651657
22 129491 STE 09 SA,1141 BLOOR ST W,9,083,Dufferin Grove,Active,active,211,15395,5798,2022-04-01,http://app.toronto.ca/AIC/index.do?folderRsn=WIZXw%2FpEOCHNCn4VD1pHQA%3D%3D,-79.435345,43.656701
26 128829 NNY 06 OZ,590 WILSON AVE,6,033,Clanton Park,Under Review,proposed,9529,635780,69500,2026-03-12,http://app.toronto.ca/AIC/index.do?folderRsn=F9dOrJo6XyUgi1FSyeWGww%3D%3D,-79.451927,43.731852
21 239091 ESC 20 SA,2340 KINGSTON RD,20,122,Birchcliffe-Cliffside,Active,active,209,15266,775,2021-11-18,http://app.toronto.ca/AIC/index.do?folderRsn=900aHNdObOwyx6ggZfteQQ%3D%3D,-79.251573,43.70498
16 189782 STE 27 OZ,8 ELM ST,11,170,Yonge-Bay Corridor,Active,active,819,49721,735,2016-07-13,http://app.toronto.ca/AIC/index.do?folderRsn=yH2%2FaaeRYv%2F4gVXnS64z1A%3D%3D,-79.382309,43.655931
22 204199 STE 10 OZ,675 KING ST W,10,162,West Queen West,Active,active,159,10459.82,2574.87,2022-09-15,http://app.toronto.ca/AIC/index.do?folderRsn=KgqoN6X%2FZCA8bathu06PqQ%3D%3D,-79.403353,43.641565
20 151071 ESC 22 OZ,3079 PHARMACY AVE,22,147,L'Amoreaux West,Built,built,81,9854.75,267.05,2020-06-01,http://app.toronto.ca/AIC/index.do?folderRsn=69W9xx3LV89Dhy0AM%2FJpKA%3D%3D,-79.326896,43.794038
19 114200 STE 12 OZ,140 MERTON ST,12,099,Mount Pleasant East,Active,active,294,19949,1496,2019-02-11,http://app.toronto.ca/AIC/index.do?folderRsn=jOi1cf6zaFKZjMpuPqunmQ%3D%3D,-79.391908,43.695553
21 115800 STE 12 OZ,25 IMPERIAL ST,12,100,Yonge-Eglinton,Active,active,228,14705,52,2021-02-12,http://app.toronto.ca/AIC/index.do?folderRsn=5npuYynma2oKYV%2BvSDsS3A%3D%3D,-79.397668,43.697513
24 141137 NNY 15 SA,50 VILLAGE STATION RD,15,056,Leaside-Bennington,Under Review,proposed,0,,21219.04,2024-04-26,http://app.toronto.ca/AIC/index.do?folderRsn=zNiBPpttSTrTOyd5LJmDnA%3D%3D,-79.357515,43.700335
19 241351 ESC 21 OZ,0 BOROUGH DR   W S,21,156,Bendale-Glen Andrew,Active,active,1285,108259.9,1587.1,2019-10-25,http://app.toronto.ca/AIC/index.do?folderRsn=glfdxmL18%2BqTT2wocPFhuw%3D%3D,-79.261701,43.772057
25 137621 NNY 17 SA,1750 FINCH AVE E,17,,,Under Review,proposed,0,,11588,2025-04-01,http://app.toronto.ca/AIC/index.do?folderRsn=kpaShIGNWcnCTamKA3SArQ%3D%3D,,
26 128711 WET 07 SA,139 MILLWICK DR,7,021,Humber Summit,Under Review,proposed,0,,973.66,2026-03-12,http://app.toronto.ca/AIC/index.do?folderRsn=iSgKT92pv8QfNv42uf7wyw%3D%3D,-79.568308,43.758168
16 114472 STE 20 OZ,489 WELLINGTON ST W,10,165,Harbourfront-CityPlace,Active,active,162,11081,539.5,2016-02-09,http://app.toronto.ca/AIC/index.do?folderRsn=a7ZSgZ407Qlvuonp1Q%2FxiA%3D%3D,-79.398659,43.640983
22 203398 ESC 20 OZ,673 WARDEN AVE,20,121,Oakridge,Active,active,314,21560.4,353,2022-09-14,http://app.toronto.ca/AIC/index.do?folderRsn=pJ%2BcQ8LQpdL4m2NBvjyPiw%3D%3D,-79.278064,43.703454
24 117894 WET 05 OZ,2335 ST CLAIR AVE W,5,090,Junction Area,Active,active,72,5427.34,,2024-02-22,http://app.toronto.ca/AIC/index.do?folderRsn=MRCQtWBLuno2j%2BJr%2B5q3uA%3D%3D,-79.4798,43.667702
26 130761 STE 10 OZ,801 WELLINGTON ST W,10,163,Fort York-Liberty Village,Under Review,proposed,377,30642,,2026-03-17,http://app.toronto.ca/AIC/index.do?folderRsn=pSDfYuEWK4lGI%2FooNL8bow%3D%3D,-79.411304,43.638636
23 124360 STE 13 OZ,505 PARLIAMENT ST,13,073,Moss Park,Under Review,proposed,60,4240,278,2023-03-17,http://app.toronto.ca/AIC/index.do?folderRsn=0WGhBxHhcGH3xcQPUBnWXw%3D%3D,-79.368193,43.663136
25 133802 NNY 06 OZ,3595 KEELE ST,6,027,York University Heights,Under Review,proposed,350,15567.68,27181.27,2025-03-24,http://app.toronto.ca/AIC/index.do?folderRsn=HEkREzm1dg%2B9zNavT7ddXg%3D%3D,-79.485968,43.749133
25 183005 WET 03 OZ,1233-1255 THE QUEENSWAY,3,159,Etobicoke City Centre,Under Review,proposed,7469,507323.1,11241.5,2025-06-24,http://app.toronto.ca/AIC/index.do?folderRsn=sFBn5M1irx8C1Rg5PxnwyQ%3D%3D,-79.524606,43.621142
12 215214 WET 05 OZ,7 ZORRA ST,3,,,Active,active,915,66763,,2012-07-20,,,
20 230600 WET 07 OZ,2345 FINCH AVE W,7,022,Humbermede,Active,active,2117,156910.19,3776.43,2020-12-18,http://app.toronto.ca/AIC/index.do?folderRsn=1YzdlQynDg9Xildh4ggoFw%3D%3D,-79.541938,43.749842
22 210128 ESC 20 OZ,468-480 DANFORTH RD,20,120,Clairlea-Birchmount,Active,active,524,39282,1563,2022-09-28,http://app.toronto.ca/AIC/index.do?folderRsn=RRNRnwf2LKzE3WvsGR6J0g%3D%3D,-79.267835,43.706454
21 122435 STE 04 SA,3524 DUNDAS ST W,4,089,Runnymede-Bloor West Village,Built,built,0,,13547,2021-03-03,http://app.toronto.ca/AIC/index.do?folderRsn=FyK4HRfCc5xARzZZHrqQyw%3D%3D,-79.489396,43.664206
21 204556 STE 13 OZ,1 SUMACH ST,13,166,St Lawrence-East Bayfront-The Islands,Active,active,1276,79164,1485,2021-08-26,http://app.toronto.ca/AIC/index.do?folderRsn=2F1slXZ13L9%2Fid7pjZjRkA%3D%3D,-79.35781,43.652666
24 241300 STE 12 SA,270 HEATH ST W,12,101,Forest Hill South,Active,active,0,,915,2024-11-20,http://app.toronto.ca/AIC/index.do?folderRsn=zOxWOnvHwIH8oiXMt%2BlREg%3D%3D,-79.416063,43.686243
21 152485 STE 14 SA,1555 QUEEN ST E,14,063,The Beaches,Built,built,632,46033,1544,2021-05-10,http://app.toronto.ca/AIC/index.do?folderRsn=61aC6CFzuQjTlAj41sHmng%3D%3D,-79.318814,43.663217
24 240873 ESC 20 SA,756 WARDEN AVE,20,120,Clairlea-Birchmount,Under Review,proposed,0,,6670.44,2024-11-19,http://app.toronto.ca/AIC/index.do?folderRsn=Ylq0vYXh67u7sfP%2B5eiIXQ%3D%3D,-79.284998,43.718199
25 215644 ESC 22 OZ,3719 SHEPPARD AVE E,22,118,Tam O'Shanter-Sullivan,Under Review,proposed,309,26683,709,2025-08-25,http://app.toronto.ca/AIC/index.do?folderRsn=vDYLBJft5tx4roG7X7wZPw%3D%3D,-79.297622,43.778892
16 145386 STE 20 OZ,321 DAVENPORT RD,11,095,Annex,Active,active,17,4297,,2016-04-25,http://app.toronto.ca/AIC/index.do?folderRsn=1WK280vAgfS3AAR7ssKIYA%3D%3D,-79.401269,43.672525
25 187527 STE 13 OZ,110 MAITLAND ST,13,167,Church-Wellesley,Under Review,proposed,579,37188,2262,2025-07-03,http://app.toronto.ca/AIC/index.do?folderRsn=7aG2rMJO2xzTxH1l2FFmqg%3D%3D,-79.379066,43.663232
20 230414 ESC 20 SA,1161 KINGSTON RD,20,122,Birchcliffe-Cliffside,Built,built,57,5146,225,2020-12-18,http://app.toronto.ca/AIC/index.do?folderRsn=oxG54UT1lUWzGsAjI58nvQ%3D%3D,-79.280024,43.679771
21 184231 STE 12 OZ,150 EGLINTON AVE E,12,174,South Eglinton-Davisville,Active,active,1329,65447,1181,2021-07-14,http://app.toronto.ca/AIC/index.do?folderRsn=5xftK1nGULDE57P%2BIW8bUw%3D%3D,-79.394205,43.705909
20 224482 ESC 20 OZ,672 BIRCHMOUNT RD,20,120,Clairlea-Birchmount,Active,active,234,17236.08,,2020-12-01,http://app.toronto.ca/AIC/index.do?folderRsn=lSlRNZvTQ%2BgLCT%2Fwqm1KbA%3D%3D,-79.274404,43.718063
22 133923 STE 12 OZ,1647 BATHURST ST,12,106,Humewood-Cedarvale,Built,built,10,2006,,2022-04-13,http://app.toronto.ca/AIC/index.do?folderRsn=zwfZtLwAQD8%2Fdf%2F8jsoEbg%3D%3D,-79.422429,43.691595
21 110243 STE 10 OZ,215 LAKE SHORE BLVD E,10,166,St Lawrence-East Bayfront-The Islands,Under Review,proposed,1390,117640,815,2021-01-29,http://app.toronto.ca/AIC/index.do?folderRsn=LqncXCV3H1WmJTQhtvnmnw%3D%3D,-79.367189,43.643668
18 133602 WET 05 OZ,5509 DUNDAS ST W,3,159,Etobicoke City Centre,Active,active,259,21072.4,1209.2,2018-03-23,http://app.toronto.ca/AIC/index.do?folderRsn=C%2FqZsivE4cber2INxZZ5BQ%3D%3D,-79.545274,43.629661
23 215106 ESC 20 SA,100 FALLINGBROOK RD,20,122,Birchcliffe-Cliffside,Active,active,0,,915,2023-10-16,http://app.toronto.ca/AIC/index.do?folderRsn=V2r04g%2BEfNd3pgYtGKLH%2Bw%3D%3D,-79.278772,43.677328
20 151730 ESC 23 OZ,1571 SANDHURST CRCL,23,129,Agincourt North,Active,active,2555,189715,13188,2020-06-03,http://app.toronto.ca/AIC/index.do?folderRsn=OPnnbAjShamZH26geBIqHw%3D%3D,-79.269516,43.80723
20 226085 NNY 08 OZ,412 MARLEE AVE,8,031,Yorkdale-Glen Park,Active,active,214,15605.6,197,2020-12-04,http://app.toronto.ca/AIC/index.do?folderRsn=YUxYDOuCfofxPwscUB2Z%2FA%3D%3D,-79.444361,43.705797
23 118816 NNY 16 OZ,200 GATEWAY BLVD,16,044,Flemingdon Park,Under Review,proposed,666,45262.4,464.6,2023-03-01,http://app.toronto.ca/AIC/index.do?folderRsn=36VsbJG%2F04tqf1BYxFP7pQ%3D%3D,-79.33548,43.71318
10 140492 STE 22 OZ,2112 YONGE ST,12,100,Yonge-Eglinton,Built,built,70,7512,325,2010-03-26,,-79.398092,43.70086
23 138638 STE 10 SA,443 QUEEN ST W,10,164,Wellington Place,Under Review,proposed,0,,887,2023-04-27,http://app.toronto.ca/AIC/index.do?folderRsn=7yDQDPsv5ZSl4rJaFJFIDg%3D%3D,-79.396875,43.646456
14 182666 NNY 15 OZ,12 MARQUETTE AVE,8,032,Englemount-Lawrence,Built,built,48,4722,,2014-06-30,,-79.434418,43.732079
26 133949 WET 02 OZ,4800 EGLINTON AVE W,2,010,Princess-Rosethorn,Under Review,proposed,684,50763,907,2026-03-24,http://app.toronto.ca/AIC/index.do?folderRsn=sNh3YjyGdRf5f1MzqURuTw%3D%3D,-79.559239,43.673759
18 163569 WET 12 SA,1289-1411 LAWRENCE AVE W,5,030,Brookhaven-Amesbury,Active,active,0,,836,2018-05-23,http://app.toronto.ca/AIC/index.do?folderRsn=XiWCv%2F6zpYOhkdTf63lWkw%3D%3D,-79.47396,43.707652
21 189751 ESC 25 OZ,25 SEWELLS RD,25,146,Malvern East,Active,active,318,23772,78,2021-07-26,http://app.toronto.ca/AIC/index.do?folderRsn=XXLZw2Tt5CU4RT89KGPVnA%3D%3D,-79.216024,43.805424
25 151028 WET 03 OZ,66 Y THIRD ST,3,018,New Toronto,Under Review,proposed,0,,1901.21,2025-04-29,http://app.toronto.ca/AIC/index.do?folderRsn=tDHtg6ccIO49tjTm%2Fx%2BDAg%3D%3D,-79.501129,43.599451
11 250127 NNY 34 SA,88 SUNRISE AVE,16,043,Victoria Village,Active,active,0,,4105,2011-08-03,http://app.toronto.ca/AIC/index.do?folderRsn=5dJOuoVGEN%2B5m12bAjeF5g%3D%3D,-79.307409,43.716692
24 253487 STE 14 OZ,440 UNWIN AVE,14,070,South Riverdale,Active,active,8400,664000,70836,2024-12-24,http://app.toronto.ca/AIC/index.do?folderRsn=ORVfzIh9Hfk2K4%2B%2FPq2vKw%3D%3D,-79.335893,43.64309
18 271140 STE 13 OZ,90 QUEEN ST E,13,168,Downtown Yonge East,Built,built,369,22762,382,2018-12-21,http://app.toronto.ca/AIC/index.do?folderRsn=TUeCNl0H%2BIIHBazGUG%2FTPg%3D%3D,-79.374416,43.651666
24 238898 STE 12 OZ,2004 BATHURST ST,12,106,Humewood-Cedarvale,Active,active,71,14454,219,2024-11-14,http://app.toronto.ca/AIC/index.do?folderRsn=zrne8vq0zpqWV1Pv38rpYw%3D%3D,-79.425625,43.697872
25 140803 STE 13 OZ,60 YONGE ST,13,,,Active,active,648,40579,68,2025-04-07,http://app.toronto.ca/AIC/index.do?folderRsn=ALk2MoJfYC%2BVemj%2FZToToQ%3D%3D,-79.378083,43.646289
16 108611 NNY 23 OZ,286 FINCH AVE W,18,037,Willowdale West,Built,built,25,2171.35,,2016-01-26,http://app.toronto.ca/AIC/index.do?folderRsn=Vcp1weJfkMLtaVqMQfo5GA%3D%3D,-79.440429,43.773064
25 120045 NNY 17 SA,3351 BAYVIEW AVE,17,049,Bayview Woods-Steeles,Under Review,proposed,0,,288.1,2025-02-21,http://app.toronto.ca/AIC/index.do?folderRsn=leIGGaZ0vPQhFxJH2qEwkQ%3D%3D,-79.393306,43.790899
22 139084 STE 12 OZ,77 ROEHAMPTON AVE,12,174,South Eglinton-Davisville,Active,active,624,38060,129,2022-04-27,http://app.toronto.ca/AIC/index.do?folderRsn=XyjZkSCKJztXIH%2BUZuQJtw%3D%3D,-79.396363,43.706147
25 224684 NNY 17 OZ,22 GREENBRIAR RD,17,040,St.Andrew-Windfields,Active,active,517,30235,,2025-09-12,http://app.toronto.ca/AIC/index.do?folderRsn=ldbQUDwLIVlB2sZjT99YGg%3D%3D,-79.379931,43.764587
24 150052 STE 14 OZ,115 SAULTER ST S,14,070,South Riverdale,Active,active,1046,69335,6123,2024-05-16,http://app.toronto.ca/AIC/index.do?folderRsn=%2BkWK6WjEt38eRYKcDY4AoQ%3D%3D,-79.343277,43.649021
23 105243 NNY 08 OZ,7 SAGUENAY AVE,8,103,Lawrence Park South,Active,active,0,996.61,,2023-01-19,http://app.toronto.ca/AIC/index.do?folderRsn=R757WLIsMA5PhfCz7SqLkA%3D%3D,-79.420414,43.715503
19 242696 STE 19 OZ,1684 QUEEN ST E,19,063,The Beaches,Active,active,168,14851,1191,2019-10-29,http://app.toronto.ca/AIC/index.do?folderRsn=h1DA3KKi1U8nRoeO9vtutA%3D%3D,-79.31367,43.665412
21 233301 NNY 17 OZ,11 GREENBRIAR RD,17,052,Bayview Village,Active,active,29,1669.79,,2021-11-02,http://app.toronto.ca/AIC/index.do?folderRsn=g5J6e9AkhxYgtrew463FTQ%3D%3D,-79.37965,43.765332
23 112378 STE 14 SA,230 COXWELL AVE,14,065,Greenwood-Coxwell,Built,built,20,1173.7,,2023-02-09,http://app.toronto.ca/AIC/index.do?folderRsn=wyPGSrvP0zb7VC36wAF1EA%3D%3D,-79.319579,43.670023
26 135022 WET 01 SA,129 CARLINGVIEW DR,1,001,West Humber-Clairville,Under Review,proposed,0,,4773.71,2026-03-26,http://app.toronto.ca/AIC/index.do?folderRsn=elb7ygyuXn12bJJ%2ByEH41Q%3D%3D,-79.59096,43.676517
11 251394 STE 19 OZ,1071 KING ST W,10,163,Fort York-Liberty Village,Active,active,298,20329,516,2011-08-04,http://app.toronto.ca/AIC/index.do?folderRsn=rlUP4Ph6WevD5YWM%2Fz32bQ%3D%3D,-79.417205,43.638761
20 233328 STE 04 OZ,406 KEELE ST,4,090,Junction Area,Active,active,65,4587.1,,2020-12-23,http://app.toronto.ca/AIC/index.do?folderRsn=CD%2FE0BFCDqDol2%2BReCSIAA%3D%3D,-79.465417,43.664239
22 138766 ESC 20 SA,3650 DANFORTH AVE,20,122,Birchcliffe-Cliffside,Active,active,0,,39858.6,2022-04-26,http://app.toronto.ca/AIC/index.do?folderRsn=93E41KMOH9FY02VTKetuNw%3D%3D,-79.266451,43.695928
16 182232 NNY 26 OZ,32 EVERGREEN GDNS,15,056,Leaside-Bennington,Built,built,5,1632.9,,2016-06-28,http://app.toronto.ca/AIC/index.do?folderRsn=y011gZ04plO1aClQgpxblA%3D%3D,-79.372037,43.694217
20 160837 STE 10 OZ,355 ADELAIDE ST W,10,164,Wellington Place,Active,active,528,34221,120,2020-06-26,http://app.toronto.ca/AIC/index.do?folderRsn=zEN9NWxPVHk4%2By82aNmx3g%3D%3D,-79.394429,43.64482
17 175826 STE 28 OZ,284 KING ST E,13,166,St Lawrence-East Bayfront-The Islands,Built,built,219,15917,258,2017-06-08,http://app.toronto.ca/AIC/index.do?folderRsn=maFkHJwRzVp7UUNe7xxP4g%3D%3D,-79.36559,43.65028
15 170269 NNY 23 OZ,53 SHEPPARD AVE W,18,038,Lansing-Westgate,Active,active,415,24439,219,2015-06-08,http://app.toronto.ca/AIC/index.do?folderRsn=H%2BiF5nMFcP%2Bdl2LdULatyA%3D%3D,-79.413993,43.758777
25 133694 STE 11 OZ,604 BAY ST,11,170,Yonge-Bay Corridor,Active,active,827,59873,5483,2025-03-24,http://app.toronto.ca/AIC/index.do?folderRsn=XVqEf7KSCW%2BODr%2FFlP%2FB3w%3D%3D,-79.385991,43.653855
22 242108 WET 03 SA,85 VICKERS RD,3,159,Etobicoke City Centre,Under Review,proposed,0,,4714.89,2022-12-23,http://app.toronto.ca/AIC/index.do?folderRsn=INSl2suLeM4MEBdwyBtB5A%3D%3D,-79.55439,43.622576
16 128441 ESC 39 OZ,3268 FINCH AVE E,22,147,L'Amoreaux West,Active,active,330,24787,956,2016-03-16,http://app.toronto.ca/AIC/index.do?folderRsn=Xbzgn8JgGlz7NoFmo0o8gA%3D%3D,-79.31895,43.794446
19 263719 ESC 24 OZ,4097 LAWRENCE AVE E,24,136,West Hill,Active,active,268,17261,,2019-12-20,http://app.toronto.ca/AIC/index.do?folderRsn=D%2BOkoOiLkMOKfyFI5l2yCQ%3D%3D,-79.19566,43.764121
23 106996 ESC 23 SA,5280 FINCH AVE E,23,129,Agincourt North,Active,active,0,,25576,2023-01-25,http://app.toronto.ca/AIC/index.do?folderRsn=I7dk1GTn%2Bx6z6c%2FUXeSIuA%3D%3D,-79.252048,43.80961
24 229360 NNY 17 SA,3125 STEELES AVE E,17,048,Hillcrest Village,Under Review,proposed,0,,14412,2024-10-22,http://app.toronto.ca/AIC/index.do?folderRsn=3%2FCk3Tz%2BmA2C3rfLzDYLUA%3D%3D,-79.344517,43.812678
12 114223 ESC 42 OZ,6351 STEELES AVE E,23,144,Morningside Heights,Built,built,0,,128742.8,2012-01-30,http://app.toronto.ca/AIC/index.do?folderRsn=NPDfHsntpUAYqq0Bj1Sjew%3D%3D,-79.240481,43.831137
15 250774 NNY 23 OZ,4800 YONGE ST,18,038,Lansing-Westgate,Active,active,511,34975.83,15717.1,2015-11-12,http://app.toronto.ca/AIC/index.do?folderRsn=6bWG2%2BK2%2BhwIpdLXwRLB6g%3D%3D,-79.411101,43.758843
24 142426 STE 04 OZ,1355 KING ST W,4,085,South Parkdale,Active,active,92,5201.81,,2024-04-30,http://app.toronto.ca/AIC/index.do?folderRsn=7wOmJQJwL2uoh8OfXnDF0w%3D%3D,-79.43267,43.635696
24 234048 NNY 18 OZ,234 SHEPPARD AVE W,18,038,Lansing-Westgate,Active,active,58,3329.94,97.59,2024-11-01,http://app.toronto.ca/AIC/index.do?folderRsn=Dr4eACJ4TSdAwXZzIoF%2Fig%3D%3D,-79.42265,43.757178
25 187723 STE 19 OZ,1450 O'CONNOR DR,19,054,O'Connor-Parkview,Under Review,proposed,863,69245,2260,2025-07-03,http://app.toronto.ca/AIC/index.do?folderRsn=Dv50aTGWpQPuMwRBha8QBg%3D%3D,-79.306806,43.711909
19 199402 STE 10 OZ,184 SPADINA AVE,10,164,Wellington Place,Active,active,0,,12754.03,2019-08-01,http://app.toronto.ca/AIC/index.do?folderRsn=ouyBxqjVmAVaqB0q0xaURg%3D%3D,-79.397199,43.647605
23 160614 NNY 08 OZ,99 CARTWRIGHT AVE,8,031,Yorkdale-Glen Park,Active,active,0,,2440.63,2023-06-14,http://app.toronto.ca/AIC/index.do?folderRsn=r3kFExW6dN45712gw%2BKLBg%3D%3D,-79.465088,43.719802
16 226894 WET 12 SA,2110 KEELE ST,5,030,Brookhaven-Amesbury,Active,active,9,1052,,2016-09-22,http://app.toronto.ca/AIC/index.do?folderRsn=b07nDTMevpsOBJOaYn1mnA%3D%3D,-79.476872,43.697999
25 125641 NNY 06 OZ,75 BILLY BISHOP WAY,6,033,Clanton Park,Under Review,proposed,2055,149161.4,2493.4,2025-03-06,http://app.toronto.ca/AIC/index.do?folderRsn=JcPA%2B1MP165ZX4bC%2B77yfA%3D%3D,-79.45104,43.731292
19 242173 ESC 21 OZ,2740 LAWRENCE AVE E,21,157,Bendale South,Active,active,100,19658.19,,2019-10-28,http://app.toronto.ca/AIC/index.do?folderRsn=EzJj2n8VmvxgVQhTRqdnfg%3D%3D,-79.259786,43.751615
19 263629 ESC 20 OZ,411 VICTORIA PARK AVE,20,062,East End-Danforth,Active,active,1052,74019,466,2019-12-20,http://app.toronto.ca/AIC/index.do?folderRsn=R4Udu8uzU7j8eHTNscSh2Q%3D%3D,-79.287167,43.68665
13 164210 WET 04 OZ,289 THE KINGSWAY,2,009,Edenbridge-Humber Valley,Built,built,455,38333.7,,2013-05-07,http://app.toronto.ca/AIC/index.do?folderRsn=yMGFpz0rx9kwvTDezq9SxQ%3D%3D,-79.520496,43.66259
20 113215 WET 05 OZ,8 LOCUST ST,5,115,Mount Dennis,Active,active,448,25862,,2020-02-06,http://app.toronto.ca/AIC/index.do?folderRsn=qnCe5gbKBx%2Fmazc9morh6g%3D%3D,-79.490938,43.686284
11 331945 NNY 24 OZ,1200 SHEPPARD AVE E,17,052,Bayview Village,Built,built,1478,124192,3562,2011-12-30,,-79.368548,43.769239
18 250648 NNY 23 OZ,241 FINCH AVE E,18,152,East Willowdale,Built,built,8,1327.98,,2018-10-31,http://app.toronto.ca/AIC/index.do?folderRsn=SKSxyAlQGjeJL%2FUeh250ZA%3D%3D,-79.39844,43.78135
26 100746 STE 13 OZ,93 ONTARIO ST,13,073,Moss Park,Under Review,proposed,98,7738,78,2026-01-05,http://app.toronto.ca/AIC/index.do?folderRsn=L7WO3FxokGpbMFYRa9aw8Q%3D%3D,-79.366875,43.652311
21 227683 NNY 18 OZ,31 FINCH AVE E,18,151,Yonge-Doris,Built,built,379,24150.3,,2021-10-19,http://app.toronto.ca/AIC/index.do?folderRsn=yeOSgNONXG0U5tYgSyet%2Bw%3D%3D,-79.413051,43.777469
16 216502 NNY 15 OZ,3450 DUFFERIN ST,8,031,Yorkdale-Glen Park,Built,built,759,63134,2234.6,2016-09-01,http://app.toronto.ca/AIC/index.do?folderRsn=UrWVsVgw7ULW%2B9nQJh%2B7oA%3D%3D,-79.459187,43.72407
24 208060 NNY 15 OZ,17 GLENAVY AVE,15,099,Mount Pleasant East,Under Review,proposed,339,27471,,2024-09-04,http://app.toronto.ca/AIC/index.do?folderRsn=Xz03dao28ooCEoEVh9GgCA%3D%3D,-79.378707,43.710302
19 156707 WET 03 OZ,933 THE QUEENSWAY,3,016,Stonegate-Queensway,Active,active,210,13936.56,617.07,2019-05-21,http://app.toronto.ca/AIC/index.do?folderRsn=dzZ5FxwTSIA9KoMCMwzc7A%3D%3D,-79.512304,43.621956
18 135986 WET 12 SA,2175 KEELE ST,5,112,Beechborough-Greenbrook,Built,built,380,28877,,2018-03-28,http://app.toronto.ca/AIC/index.do?folderRsn=BEF7l4xRsy%2FQ8hoalkNu0A%3D%3D,-79.472436,43.695699
24 217174 WET 02 OZ,4686 DUNDAS ST W,2,015,Kingsway South,Under Review,proposed,10,2008.92,,2024-09-24,http://app.toronto.ca/AIC/index.do?folderRsn=TemmApWvLdmvU8A1cZH8%2FA%3D%3D,-79.525248,43.651317
25 222465 STE 04 OZ,26 MOUNTVIEW AVE,4,087,High Park-Swansea,Under Review,proposed,873,61378.04,,2025-09-09,http://app.toronto.ca/AIC/index.do?folderRsn=zrNmDcBh%2Bo7UEDdzl2tVYw%3D%3D,-79.462643,43.653145
24 119348 STE 12 OZ,29 PLEASANT BLVD,12,098,Rosedale-Moore Park,Active,active,370,27922.6,,2024-02-27,http://app.toronto.ca/AIC/index.do?folderRsn=M290SXTrR1dfE2kvXL0kTA%3D%3D,-79.392561,43.685244
20 155716 STE 12 OZ,32 RAGLAN AVE,12,094,Wychwood,Active,active,333,27997,,2020-06-12,http://app.toronto.ca/AIC/index.do?folderRsn=cNYTjXkrjdvkODqseH5SJw%3D%3D,-79.420468,43.681912
25 150999 NNY 06 OZ,1220 WILSON AVE,6,154,Oakdale-Beverley Heights,Active,active,0,,3268,2025-04-29,http://app.toronto.ca/AIC/index.do?folderRsn=VmniuJpr5R1eoSevxH1hjw%3D%3D,-79.490647,43.723135
20 183826 NNY 18 SA,160 FINCH AVE W,18,037,Willowdale West,Built,built,0,,6038,2020-08-21,http://app.toronto.ca/AIC/index.do?folderRsn=0QqE4JMmEVbNoSwiKwzWDw%3D%3D,-79.430045,43.775021
22 213850 ESC 21 OZ,1260 KENNEDY RD,21,126,Dorset Park,Under Review,proposed,272,19021.49,676.37,2022-10-06,http://app.toronto.ca/AIC/index.do?folderRsn=XHRE8ANHDd6rn%2BIpb7HE9Q%3D%3D,-79.278644,43.75498
21 220609 STE 12 OZ,2345 YONGE ST,12,173,North Toronto,Under Review,proposed,1370,80416,510,2021-10-01,http://app.toronto.ca/AIC/index.do?folderRsn=NmXho3vDTsKOh%2BA3NkVYzQ%3D%3D,-79.398135,43.706962
21 148097 STE 11 OZ,287 CHRISTIE ST,11,172,Dovercourt Village,Active,active,65,4952,70,2021-04-30,http://app.toronto.ca/AIC/index.do?folderRsn=pU9qmwt7cYgp4TOHmJO%2BIg%3D%3D,-79.421426,43.66931
25 102375 STE 11 OZ,262 ST GEORGE ST,11,095,Annex,Under Review,proposed,121,8757,,2025-01-08,http://app.toronto.ca/AIC/index.do?folderRsn=LFfhbLMn7QwrJGBjy3KRQw%3D%3D,-79.402913,43.671222
25 124765 ESC 24 SA,2863 ELLESMERE RD,24,135,Morningside,Under Review,proposed,0,,46577,2025-03-04,http://app.toronto.ca/AIC/index.do?folderRsn=G6Vy6sJUUh99qJ5c6rxTWw%3D%3D,-79.204834,43.780584
19 235027 STE 11 SA,10 ELM AVE,11,098,Rosedale-Moore Park,Active,active,0,,2586.1,2019-10-10,http://app.toronto.ca/AIC/index.do?folderRsn=6grJAjNxCm%2Bpi8s5SxjnyQ%3D%3D,-79.379486,43.672977
24 222002 NNY 15 SA,318 LAWRENCE AVE E,15,041,Bridle Path-Sunnybrook-York Mills,Active,active,0,,3160,2024-10-04,http://app.toronto.ca/AIC/index.do?folderRsn=urnnbfzaWK69p0blsjiTxA%3D%3D,-79.383462,43.725975
19 155827 NNY 17 SA,1001 SHEPPARD AVE E,17,052,Bayview Village,Built,built,990,80246.56,1995,2019-05-17,http://app.toronto.ca/AIC/index.do?folderRsn=FtYnljatXvpImr1NwOJExg%3D%3D,-79.372983,43.766027
15 146478 STE 27 OZ,363 YONGE ST,13,170,Yonge-Bay Corridor,Active,active,1407,96085,7503,2015-04-24,http://app.toronto.ca/AIC/index.do?folderRsn=oTHWl1QlFkuxvzxzzrOOdQ%3D%3D,-79.381675,43.656314
18 224884 WET 07 SA,50 MARMORA ST,7,154,Oakdale-Beverley Heights,Active,active,0,,16465,2018-09-13,http://app.toronto.ca/AIC/index.do?folderRsn=tIqkJKl0s22AIkMftLt6ig%3D%3D,-79.526139,43.717495
19 124407 STE 13 OZ,33 SHERBOURNE ST,13,166,St Lawrence-East Bayfront-The Islands,Built,built,484,28673.5,1494.1,2019-03-12,http://app.toronto.ca/AIC/index.do?folderRsn=5VA7mlfRqdQ%2BP5sR8hbzRg%3D%3D,-79.367937,43.648841
19 264619 WET 01 OZ,2630 KIPLING AVE,1,002,Mount Olive-Silverstone-Jamestown,Under Review,proposed,107,9714.4,540.8,2019-12-24,http://app.toronto.ca/AIC/index.do?folderRsn=PkBJdELZRYV%2BiS9mcYj%2BVQ%3D%3D,-79.586447,43.748624
12 142290 WET 06 OZ,0 LAKE SHORE BLVD W,3,018,New Toronto,Active,active,540,35200,1620,2012-03-23,,-79.517332,43.603522
21 151444 STE 09 OZ,221 STERLING RD,9,083,Dufferin Grove,Under Review,proposed,851,54331.2,464.5,2021-05-07,http://app.toronto.ca/AIC/index.do?folderRsn=DFKGLd3CrXISfdqOPN52vA%3D%3D,-79.445845,43.656086
21 211651 ESC 23 OZ,1 GLEN WATFORD DR,23,128,Agincourt South-Malvern West,Under Review,proposed,372,27557,1091,2021-09-13,http://app.toronto.ca/AIC/index.do?folderRsn=vuiMpkDZOtK2DJZF%2BGddVg%3D%3D,-79.276031,43.784126
17 268378 STE 18 SA,1103 DUFFERIN ST,9,171,Junction-Wallace Emerson,Built,built,8,564.5,,2017-11-28,http://app.toronto.ca/AIC/index.do?folderRsn=gVxD2AeZd7E8KuIBhzpHRA%3D%3D,-79.436362,43.660564
23 146691 STE 10 SA,205 QUEEN ST W,10,164,Wellington Place,Active,active,0,,12418,2023-05-16,http://app.toronto.ca/AIC/index.do?folderRsn=hNKRCqquMb%2BA%2FprsneWoRA%3D%3D,-79.387757,43.648367
22 162536 WET 02 OZ,419 BURNHAMTHORPE RD,2,158,Islington,Active,active,18,2977.7,,2022-06-15,http://app.toronto.ca/AIC/index.do?folderRsn=9zpclri3viCIcmNW4qjtUg%3D%3D,-79.559039,43.644886
25 126138 ESC 24 OZ,3585 LAWRENCE AVE E,24,141,Golfdale-Cedarbrae-Woburn,Under Review,proposed,661,58747,2557,2025-03-07,http://app.toronto.ca/AIC/index.do?folderRsn=z4AanJSZOwm310ZLdFTjew%3D%3D,-79.224338,43.757472
16 260867 NNY 23 OZ,240 FINCH AVE W,18,037,Willowdale West,Active,active,41,2446.9,,2016-12-06,http://app.toronto.ca/AIC/index.do?folderRsn=2bX03BWIDXPmoC6FiniTpw%3D%3D,-79.437235,43.773243
14 223583 STE 30 OZ,763 QUEEN ST E,14,070,South Riverdale,Built,built,28,2911,155,2014-09-17,http://app.toronto.ca/AIC/index.do?folderRsn=NNyqIoCb0MLzKVdfTRTiAQ%3D%3D,-79.347997,43.657059
25 213384 WET 03 OZ,4975 DUNDAS ST W,3,159,Etobicoke City Centre,Under Review,proposed,563,35030,561,2025-08-20,http://app.toronto.ca/AIC/index.do?folderRsn=xrzCSO4KM8bfsS2R0y%2BLkA%3D%3D,-79.530002,43.645249
23 140846 NNY 08 SA,1100 CALEDONIA RD,8,031,Yorkdale-Glen Park,Under Review,proposed,0,,56735.54,2023-05-03,http://app.toronto.ca/AIC/index.do?folderRsn=ZMKuGpY%2FR7E0Pz8zZpx%2FDQ%3D%3D,-79.467962,43.713114
19 210963 WET 02 OZ,63 WIDDICOMBE HILL BLVD,2,010,Princess-Rosethorn,Active,active,405,35188.7,,2019-08-23,http://app.toronto.ca/AIC/index.do?folderRsn=AB87%2BuNG5W54D%2B6Qp9HyTA%3D%3D,-79.555205,43.675962
21 157561 WET 01 SA,1983 KIPLING AVE,1,001,West Humber-Clairville,Built,built,0,,11609,2021-05-19,http://app.toronto.ca/AIC/index.do?folderRsn=7ggdKAC3OgASnQZxgL86pQ%3D%3D,-79.565335,43.706616
25 237855 WET 07 SA,4650 JANE ST,7,024,Black Creek,Under Review,proposed,0,,286.8,2025-10-09,http://app.toronto.ca/AIC/index.do?folderRsn=kKLNIQp0t%2FJbhkAM02uRDw%3D%3D,-79.521267,43.767086
20 233616 STE 11 OZ,374 DUPONT ST,11,095,Annex,Active,active,257,17187,814,2020-12-23,http://app.toronto.ca/AIC/index.do?folderRsn=CNhsXSnNCHDM3h%2Bis7u4WQ%3D%3D,-79.410701,43.672352
24 173697 WET 01 SA,160 DISCO RD,1,,,Active,active,0,,1456.45,2024-07-03,http://app.toronto.ca/AIC/index.do?folderRsn=MdleZz4v76ylOLlkoqCN9g%3D%3D,-79.608876,43.699477
20 220898 STE 11 OZ,717 CHURCH ST,11,167,Church-Wellesley,Active,active,302,17633,,2020-11-20,http://app.toronto.ca/AIC/index.do?folderRsn=Aa6GskA5FLik94yS5n4tPw%3D%3D,-79.385669,43.670374
15 238678 WET 17 OZ,386-394 SYMINGTON AVE,9,171,Junction-Wallace Emerson,Built,built,398,35108,,2015-10-16,http://app.toronto.ca/AIC/index.do?folderRsn=UafBN8qE6TRjZPdafw3xSg%3D%3D,-79.45256,43.664087
18 147401 ESC 36 OZ,1496 KINGSTON RD,20,122,Birchcliffe-Cliffside,Built,built,194,14701,398,2018-04-23,http://app.toronto.ca/AIC/index.do?folderRsn=n2150m70hDfzpjI7sTBxmA%3D%3D,-79.26991,43.686892
23 114992 WET 03 SA,721 ROYAL YORK RD,3,016,Stonegate-Queensway,Under Review,proposed,0,,13304,2023-02-17,http://app.toronto.ca/AIC/index.do?folderRsn=5y5UHgeSBtjD%2BX%2BJ4VizgQ%3D%3D,-79.504666,43.632439
25 251661 NNY 08 OZ,3 LEILA LANE,8,032,Englemount-Lawrence,Active,active,1740,161410,2094,2025-11-10,http://app.toronto.ca/AIC/index.do?folderRsn=C3SRxoS3QJY6KM%2FX68gI4A%3D%3D,-79.440996,43.717621
24 126134 ESC 21 OZ,123 BELLAMY RD N,21,123,Cliffcrest,Active,active,978,74381,,2024-03-15,http://app.toronto.ca/AIC/index.do?folderRsn=bWXdn8%2F5V5IbE%2F6mi%2BR5EA%3D%3D,-79.231859,43.73944
24 173671 WET 01 SA,25 BETHRIDGE RD,1,001,West Humber-Clairville,Under Review,proposed,0,,20052,2024-07-03,http://app.toronto.ca/AIC/index.do?folderRsn=O5f%2FrCjdMqIeCokby6NdlA%3D%3D,-79.570611,43.705774
23 164435 NNY 08 OZ,3140 DUFFERIN ST,8,031,Yorkdale-Glen Park,Active,active,1186,76274,1420,2023-06-21,http://app.toronto.ca/AIC/index.do?folderRsn=n6zBDhduOp%2FZ9QSL%2FGvERQ%3D%3D,-79.456494,43.714734
26 112878 NNY 15 OZ,2450 BAYVIEW AVE,15,041,Bridle Path-Sunnybrook-York Mills,Under Review,proposed,141,14454.06,,2026-02-04,http://app.toronto.ca/AIC/index.do?folderRsn=uqelcXtEaAj%2F9WSZoE2CMA%3D%3D,-79.383575,43.73918
22 207881 WET 02 OZ,630 THE EAST MALL,2,011,Eringate-Centennial-West Deane,Under Review,proposed,816,52261.1,,2022-09-23,http://app.toronto.ca/AIC/index.do?folderRsn=l4UTK%2Fq2jg3viwRcp9uYFw%3D%3D,-79.567468,43.654568
22 176958 STE 12 SA,191 EGLINTON AVE E,12,174,South Eglinton-Davisville,Under Review,proposed,139,11243,237,2022-07-14,http://app.toronto.ca/AIC/index.do?folderRsn=ixrXvYro1LfOCSi%2FY5uX%2FQ%3D%3D,-79.392113,43.70575
23 138754 STE 13 OZ,576 SHERBOURNE ST,13,074,North St.James Town,Active,active,716,43807,2991,2023-04-27,http://app.toronto.ca/AIC/index.do?folderRsn=DkQq%2BtQA23WysT7ENrbXNg%3D%3D,-79.37658,43.668554
23 151265 ESC 23 SA,120 NASHDENE RD,23,130,Milliken,Under Review,proposed,0,,1177.11,2023-05-26,http://app.toronto.ca/AIC/index.do?folderRsn=O7kWtJbFtph6tHV9Lvv3fA%3D%3D,-79.250612,43.817935
18 161483 STE 22 OZ,206 RUSSELL HILL RD,12,096,Casa Loma,Active,active,4,1664,,2018-05-18,http://app.toronto.ca/AIC/index.do?folderRsn=%2BQXu5jq6Tn26%2FU7x9yv7ug%3D%3D,-79.40728,43.680129
21 178622 STE 13 OZ,294 SHERBOURNE ST,13,073,Moss Park,Active,active,173,13348,,2021-07-02,http://app.toronto.ca/AIC/index.do?folderRsn=NED14e2BFFdV8k6LHipr4A%3D%3D,-79.372353,43.658339
17 269557 ESC 39 SA,3101 KENNEDY RD,22,148,East L'Amoreaux,Built,built,0,,4877.08,2017-11-30,http://app.toronto.ca/AIC/index.do?folderRsn=e4G7%2Bwn5NXRZAle%2B74042w%3D%3D,-79.301312,43.808968
24 170605 ESC 23 OZ,4610 FINCH AVE E,23,129,Agincourt North,Active,active,0,,39950,2024-06-26,http://app.toronto.ca/AIC/index.do?folderRsn=iQVZHbAOw1FqMKwgcGfskg%3D%3D,-79.277206,43.804235
22 241809 STE 14 SA,1 SUNLIGHT PARK RD,14,166,St Lawrence-East Bayfront-The Islands,Under Review,proposed,0,,13831,2022-12-22,http://app.toronto.ca/AIC/index.do?folderRsn=SHTZBk3hYphJwfbYKlqsJQ%3D%3D,-79.350576,43.653691
22 207468 WET 07 OZ,33 WALSH AVE,7,023,Pelmo Park-Humberlea,Active,active,2452,166767,766,2022-09-22,http://app.toronto.ca/AIC/index.do?folderRsn=ak%2FM1j35jgMNqXpnsxI9QA%3D%3D,-79.536038,43.714319
17 278899 WET 11 OZ,1695 WESTON RD,5,113,Weston,Active,active,996,70101,453,2017-12-22,http://app.toronto.ca/AIC/index.do?folderRsn=xK2zpc66wFKL8yqvrA37iA%3D%3D,-79.509523,43.695584
24 252610 NNY 16 SA,770 DON MILLS RD,16,044,Flemingdon Park,Under Review,proposed,0,,5232,2024-12-20,http://app.toronto.ca/AIC/index.do?folderRsn=dumBsJAsgFoKvuYKR52vkA%3D%3D,-79.339997,43.713539
22 223328 NNY 06 OZ,25 CEDARCROFT BLVD,6,035,Westminster-Branson,Under Review,proposed,316,21054.1,,2022-10-28,http://app.toronto.ca/AIC/index.do?folderRsn=lbhIMBgp0wYh%2BIMgIz%2FxRg%3D%3D,-79.447603,43.781175
16 167524 ESC 44 OZ,4569 KINGSTON RD,25,136,West Hill,Built,built,101,7385,180,2016-06-03,http://app.toronto.ca/AIC/index.do?folderRsn=3964641,-79.184643,43.770845
22 140023 WET 07 OZ,4001 STEELES AVE W,7,024,Black Creek,Under Review,proposed,1384,95305,,2022-04-29,http://app.toronto.ca/AIC/index.do?folderRsn=DhRyGT4ki6RjajLIUMCg6A%3D%3D,-79.523225,43.771188
24 246714 NNY 08 SA,2 A FLEMINGTON RD,8,032,Englemount-Lawrence,Under Review,proposed,0,,8261,2024-12-04,http://app.toronto.ca/AIC/index.do?folderRsn=%2Fj%2Bzxt7noBtwYPYu9nvOvw%3D%3D,-79.441658,43.717984
25 191175 STE 11 OZ,444 YONGE ST,11,170,Yonge-Bay Corridor,Under Review,proposed,2342,172428,24639,2025-07-09,http://app.toronto.ca/AIC/index.do?folderRsn=CEnqsL7HMbWmaM16PoCY3g%3D%3D,-79.384041,43.65772
25 120999 NNY 08 OZ,2704 YONGE ST,8,103,Lawrence Park South,Active,active,202,20852,,2025-02-24,http://app.toronto.ca/AIC/index.do?folderRsn=onU2rCg2EfM2qfTNMifePg%3D%3D,-79.401072,43.715112
25 240145 STE 09 OZ,1423 DUFFERIN ST,9,171,Junction-Wallace Emerson,Active,active,60,3838,123,2025-10-15,http://app.toronto.ca/AIC/index.do?folderRsn=R7x6mNCvH7Z8ZXpfcG1CAA%3D%3D,-79.440145,43.669221
22 135661 NNY 17 OZ,1800 SHEPPARD AVE E,17,047,Don Valley Village,Active,active,6200,396895,38230,2022-04-19,http://app.toronto.ca/AIC/index.do?folderRsn=ugB1Imm9%2BeKR0x2mRM50Cw%3D%3D,-79.344698,43.775749
24 253098 NNY 16 OZ,45 GRENOBLE DR,16,044,Flemingdon Park,Active,active,405,28493.5,,2024-12-23,http://app.toronto.ca/AIC/index.do?folderRsn=%2FmT8PhYjpzf%2FEe9%2BgINvjQ%3D%3D,-79.331128,43.714041
26 101193 NNY 17 OZ,41 TALARA DR,17,040,St.Andrew-Windfields,Under Review,proposed,369,30285,,2026-01-06,http://app.toronto.ca/AIC/index.do?folderRsn=ualxThzAeq64ycQAad0czg%3D%3D,-79.377382,43.764091
25 165357 STE 04 OZ,3316 DUNDAS ST W,4,090,Junction Area,Active,active,191,13253,381,2025-05-26,http://app.toronto.ca/AIC/index.do?folderRsn=afoDxDhugTHBK0Tic0Qg2w%3D%3D,-79.480048,43.663837
21 149986 NNY 18 OZ,52 FINCH AVE W,18,037,Willowdale West,Under Review,proposed,2,179.7,229.9,2021-05-04,http://app.toronto.ca/AIC/index.do?folderRsn=YjyjbNsQoBFkXwhO2pw8eg%3D%3D,-79.420357,43.776995
24 113800 WET 03 OZ,464 ROYAL YORK RD,3,160,Mimico-Queensway,Active,active,198,16709,,2024-02-09,http://app.toronto.ca/AIC/index.do?folderRsn=gecAZ24X82Jy%2F8Wgrrvn5w%3D%3D,-79.501233,43.619757
23 167792 STE 10 OZ,333 LAKE SHORE BLVD E,10,166,St Lawrence-East Bayfront-The Islands,Active,active,1886,119405,9530,2023-06-29,http://app.toronto.ca/AIC/index.do?folderRsn=i3UI3x2KerVbU%2F%2FriKHF3Q%3D%3D,-79.362099,43.644872
25 124531 STE 04 OZ,3459 DUNDAS ST W,4,089,Runnymede-Bloor West Village,Active,active,45,2454.7,64.3,2025-03-04,http://app.toronto.ca/AIC/index.do?folderRsn=U%2FSQSNdkerp08AQYNdFkQg%3D%3D,-79.487319,43.663436
21 188402 NNY 15 OZ,93 YORK RD,15,041,Bridle Path-Sunnybrook-York Mills,Active,active,6,1494.77,,2021-07-22,http://app.toronto.ca/AIC/index.do?folderRsn=LmVTyEyDIPci7FLWUvBguQ%3D%3D,-79.384353,43.743782
22 241048 ESC 20 SA,743 WARDEN AVE,20,120,Clairlea-Birchmount,Under Review,proposed,0,,17653,2022-12-19,http://app.toronto.ca/AIC/index.do?folderRsn=u4FzSzTln5rdYClNPX2DMA%3D%3D,-79.281753,43.715269
23 223597 STE 11 OZ,173 LOWTHER AVE,11,095,Annex,Active,active,64,6432.5,,2023-11-08,http://app.toronto.ca/AIC/index.do?folderRsn=zMVjr0EBy8e40pxTl%2BsAXA%3D%3D,-79.407169,43.666141
22 155555 STE 11 OZ,240 MC CAUL ST,11,078,Kensington-Chinatown,Under Review,proposed,0,,20719,2022-06-01,http://app.toronto.ca/AIC/index.do?folderRsn=qovZwBqtstwf%2Fa3W23%2BLsA%3D%3D,-79.39358,43.656202
19 218252 STE 10 SA,55 LAKE SHORE BLVD E,10,166,St Lawrence-East Bayfront-The Islands,Under Review,proposed,2570,171950,1753,2019-09-09,http://app.toronto.ca/AIC/index.do?folderRsn=z8D4hudWRgoR6BstCZPnzw%3D%3D,-79.373259,43.642659
21 246686 NNY 18 OZ,6464 YONGE ST,18,036,Newtonbrook West,Under Review,proposed,8324,639606,29514,2021-12-09,http://app.toronto.ca/AIC/index.do?folderRsn=F4tqtpEi3vfFFqMfcza34A%3D%3D,-79.422583,43.793861
25 110294 ESC 25 OZ,251 STAINES RD,25,144,Morningside Heights,Active,active,0,,4578,2025-01-29,http://app.toronto.ca/AIC/index.do?folderRsn=hg3o14krONlHf69mXP%2F1vA%3D%3D,-79.221683,43.825839
20 151705 NNY 15 OZ,241 REDPATH AVE,15,173,North Toronto,Active,active,350,26266,,2020-06-03,http://app.toronto.ca/AIC/index.do?folderRsn=ijOfW7Q5zBCxZf36xVNJwA%3D%3D,-79.394069,43.709499
17 279303 STE 20 OZ,300 BLOOR ST W,11,079,University,Active,active,339,24298,4656,2017-12-27,http://app.toronto.ca/AIC/index.do?folderRsn=vc%2FQbzC4qhTxDaC0VzcCsA%3D%3D,-79.402218,43.665404
23 120557 STE 11 OZ,19 BLOOR ST W,11,169,Bay-Cloverhill,Active,active,1290,74386,791,2023-03-06,http://app.toronto.ca/AIC/index.do?folderRsn=tb6Dkl40%2FVW80fknpAAz9w%3D%3D,-79.38765,43.667847
24 232020 NNY 06 OZ,1377 SHEPPARD AVE W,6,155,Downsview,Under Review,proposed,9250,755000,25000,2024-10-28,http://app.toronto.ca/AIC/index.do?folderRsn=OC8Z4PYUztmBz5qMKwkIFA%3D%3D,-79.482673,43.746537
22 192672 WET 03 SA,450 KIPLING AVE,3,160,Mimico-Queensway,Built,built,0,,17888,2022-08-18,http://app.toronto.ca/AIC/index.do?folderRsn=WraTSTlRTx0WLWrADiHB1A%3D%3D,-79.52202,43.607053
24 254930 ESC 20 OZ,507 VICTORIA PARK AVE,20,062,East End-Danforth,Under Review,proposed,510,41283.5,954.5,2024-12-31,http://app.toronto.ca/AIC/index.do?folderRsn=bRJT%2FgKiZRJwAqjmKyxHMA%3D%3D,-79.287084,43.688
21 164108 ESC 22 OZ,2240 BIRCHMOUNT RD,22,118,Tam O'Shanter-Sullivan,Under Review,proposed,172,13431.3,376.7,2021-06-01,http://app.toronto.ca/AIC/index.do?folderRsn=eAw41IXSwWrlSiCiKbUomQ%3D%3D,-79.297988,43.777973
22 203142 NNY 17 OZ,5 FAIRVIEW MALL DR,17,047,Don Valley Village,Under Review,proposed,1302,81659,9182,2022-09-13,http://app.toronto.ca/AIC/index.do?folderRsn=uYJC%2FSwS1Z7h3vZdm6Cdlw%3D%3D,-79.348104,43.776544
20 174472 ESC 23 SA,2255 MARKHAM RD,23,145,Malvern West,Active,active,0,,4443,2020-07-29,http://app.toronto.ca/AIC/index.do?folderRsn=aqgIMOx%2BWw7%2Bi5G%2FDyXZ2A%3D%3D,-79.242333,43.807529
24 235666 NNY 18 OZ,3398 BAYVIEW AVE,18,050,Newtonbrook East,Under Review,proposed,50,11415,,2024-11-06,http://app.toronto.ca/AIC/index.do?folderRsn=31bnnWTmhlWSizZOC3IZWw%3D%3D,-79.39531,43.794763
20 211336 ESC 20 SB,3585 ST CLAIR AVE E,20,120,Clairlea-Birchmount,Under Review,proposed,7655,501565,24365,2020-10-27,http://app.toronto.ca/AIC/index.do?folderRsn=bd3D6%2F%2FqmInqLSSc4EjgRQ%3D%3D,-79.25892,43.714501
25 188115 WET 05 OZ,1151 WESTON RD,5,115,Mount Dennis,Under Review,proposed,509,32421,269,2025-07-04,http://app.toronto.ca/AIC/index.do?folderRsn=uzaXCz2vqUaK7nhf8%2BHPyA%3D%3D,-79.489532,43.685387
21 186731 WET 03 SA,1386 THE QUEENSWAY,3,159,Etobicoke City Centre,Built,built,0,,3452,2021-07-20,http://app.toronto.ca/AIC/index.do?folderRsn=HsJ6snvavWAxlC56IB3nyg%3D%3D,-79.529908,43.618984
09 165755 NNY 23 OZ,5220 YONGE ST,18,037,Willowdale West,Built,built,308,20849.81,18065.04,2009-09-03,http://app.toronto.ca/AIC/index.do?folderRsn=pJglfvKXpNHF3QmC9AZcZA%3D%3D,-79.414099,43.769393
25 271066 NNY 15 OZ,545 EGLINTON AVE E,15,099,Mount Pleasant East,Under Review,proposed,383,25906.1,249.6,2025-12-31,http://app.toronto.ca/AIC/index.do?folderRsn=MdX8NJ7TDc3N1Q7XyTaQbw%3D%3D,-79.379258,43.708465
19 244276 NNY 15 OZ,2 SANDFIELD RD,15,042,Banbury-Don Mills,Under Review,proposed,7,2066.61,,2019-11-01,http://app.toronto.ca/AIC/index.do?folderRsn=7w2XNxFk6SJTBJf59rtoKA%3D%3D,-79.375347,43.748187
23 140448 WET 03 OZ,5359 DUNDAS ST W,3,159,Etobicoke City Centre,Active,active,571,36902,823,2023-05-02,http://app.toronto.ca/AIC/index.do?folderRsn=hv2sUylZ5mrVgIbKDqHnjQ%3D%3D,-79.540113,43.63377
19 243559 STE 12 SA,133 VAUGHAN RD,12,094,Wychwood,Active,active,153,10647,40,2019-10-31,http://app.toronto.ca/AIC/index.do?folderRsn=hcBADD%2BpNBBy1UiBwmGs2g%3D%3D,-79.421554,43.682863
23 168385 NNY 08 SA,130-150 BRIDGELAND AVE,8,031,Yorkdale-Glen Park,Under Review,proposed,0,,7585.92,2023-06-30,http://app.toronto.ca/AIC/index.do?folderRsn=6Oj9AsB4%2BrK8XaR7zUZIuw%3D%3D,-79.463872,43.723724
16 198194 STE 20 OZ,666 SPADINA AVE,11,079,University,Built,built,118,9662.5,620.7,2016-07-28,http://app.toronto.ca/AIC/index.do?folderRsn=cscong5zEkKvDk3RLMfQuw%3D%3D,-79.403254,43.662004
25 217120 STE 04 OZ,1730 BLOOR ST W,4,087,High Park-Swansea,Under Review,proposed,200,14115,454,2025-08-27,http://app.toronto.ca/AIC/index.do?folderRsn=7ik2dyGUxRPF1TIyiqSJwg%3D%3D,-79.459454,43.653188
24 222084 ESC 25 SA,958 MILNER AVE,25,144,Morningside Heights,Active,active,0,,2350.61,2024-10-04,http://app.toronto.ca/AIC/index.do?folderRsn=IDW%2BU%2BZJiBgH%2FnMzx5rEaA%3D%3D,-79.189766,43.799512
10 186660 ESC 44 OZ,4334 LAWRENCE AVE E,25,136,West Hill,Built,built,23,5249,,2010-06-01,,-79.174671,43.769576
25 144345 WET 07 SA,3001 FINCH AVE W,7,022,Humbermede,Under Review,proposed,18,1002,2988,2025-04-14,http://app.toronto.ca/AIC/index.do?folderRsn=Sg%2FrLmfC8tj48B%2BrojVmug%3D%3D,-79.562794,43.745081
19 124138 STE 19 OZ,10 DAWES RD,19,062,East End-Danforth,Active,active,638,40396,2559,2019-03-11,http://app.toronto.ca/AIC/index.do?folderRsn=qv7YHdz8DEjD6%2BHSLq%2FSpw%3D%3D,-79.297383,43.685965
19 130379 STE 13 SA,603 SHERBOURNE ST,13,074,North St.James Town,Built,built,501,38227,317,2019-03-25,http://app.toronto.ca/AIC/index.do?folderRsn=XCqfwQQ6is3cdMgnTFpPZA%3D%3D,-79.376387,43.669395
20 169050 WET 03 OZ,250 THE EAST MALL,3,159,Etobicoke City Centre,Under Review,proposed,5536,392141,19359,2020-07-17,http://app.toronto.ca/AIC/index.do?folderRsn=bTCF0C8mxXa0AzpVlaVGoQ%3D%3D,-79.554665,43.630433
25 243191 WET 02 SA,4209 BLOOR ST W,2,012,Markland Wood,Under Review,proposed,28,1824,,2025-10-22,http://app.toronto.ca/AIC/index.do?folderRsn=Ipvx7W0%2BBigkboeQt8tEog%3D%3D,-79.564241,43.632967
23 181130 ESC 24 SA,140 GRANGEWAY AVE,24,142,Woburn North,Under Review,proposed,0,,20826.19,2023-07-28,http://app.toronto.ca/AIC/index.do?folderRsn=%2FjbkIUGLdTBoSkC1xQc%2FJw%3D%3D,-79.251306,43.774094
20 228956 WET 02 SA,300-304 THE EAST MALL,2,159,Etobicoke City Centre,Built,built,494,34628,1315,2020-12-14,http://app.toronto.ca/AIC/index.do?folderRsn=wOgeU5xm7bk3%2BsRj%2FaUJDg%3D%3D,-79.557725,43.635488
19 232278 STE 11 OZ,17 ST ANDREW ST,11,078,Kensington-Chinatown,Active,active,72,2544,275,2019-10-04,http://app.toronto.ca/AIC/index.do?folderRsn=c1a78F%2BzysDUou%2Bij9BvsA%3D%3D,-79.399847,43.65202
24 180616 STE 04 SA,40 WABASH AVE,4,086,Roncesvalles,Under Review,proposed,0,,6036,2024-07-15,http://app.toronto.ca/AIC/index.do?folderRsn=0SARmwI2Sy4sZ0DgDdmKgw%3D%3D,-79.442496,43.646347
21 240661 ESC 21 OZ,36 ELLESMERE RD,21,119,Wexford/Maryvale,Active,active,187,14330.9,202,2021-11-23,http://app.toronto.ca/AIC/index.do?folderRsn=bX%2FMhKcTUjTyYceNVVm1Yw%3D%3D,-79.314234,43.756374
25 216777 NNY 06 OZ,1 VINCI CRES,6,033,Clanton Park,Under Review,proposed,299,23373.4,,2025-08-27,http://app.toronto.ca/AIC/index.do?folderRsn=uSCY7iqoqu5rDym%2FuFxb5Q%3D%3D,-79.446372,43.733702
19 182800 STE 10 OZ,471 RICHMOND ST W,10,164,Wellington Place,Active,active,0,,13495.92,2019-07-04,http://app.toronto.ca/AIC/index.do?folderRsn=%2BuIuP2K%2F0muHbgb%2BytKaSQ%3D%3D,-79.398082,43.64546
20 151703 NNY 16 OZ,57 MOBILE DR,16,043,Victoria Village,Built,built,0,,8472,2020-06-03,http://app.toronto.ca/AIC/index.do?folderRsn=JxhbIvLE%2BjGmU4gi7CNj%2Fw%3D%3D,-79.319544,43.721837
23 138247 STE 10 SA,663 KING ST W,10,162,West Queen West,Active,active,0,,1726,2023-04-26,http://app.toronto.ca/AIC/index.do?folderRsn=4sBbBOdrHr5FjdawJzxqGA%3D%3D,-79.402489,43.64179
18 258039 ESC 42 SA,1730 NEILSON RD,23,144,Morningside Heights,Built,built,0,,30996,2018-11-19,http://app.toronto.ca/AIC/index.do?folderRsn=Ic08PvIvqg8Lk2nd2pEWPQ%3D%3D,-79.231887,43.820732
25 184214 STE 04 SA,2440 DUNDAS ST W,4,088,High Park North,Under Review,proposed,406,27927,3499.2,2025-06-26,http://app.toronto.ca/AIC/index.do?folderRsn=EaVRaQdkWKpBjN4XKExbHg%3D%3D,-79.453151,43.657122
17 145887 NNY 34 OZ,71 CURLEW DR,16,043,Victoria Village,Built,built,222,18562,,2017-04-19,http://app.toronto.ca/AIC/index.do?folderRsn=uNbhECjiIZUtmK0FcKEYvg%3D%3D,-79.315819,43.741121
25 215767 STE 13 OZ,77 HOWARD ST,13,074,North St.James Town,Under Review,proposed,460,29080,420,2025-08-25,http://app.toronto.ca/AIC/index.do?folderRsn=oHCxGjjokig%2FAQEGNYWN1A%3D%3D,-79.373006,43.668867
21 203868 STE 12 OZ,61 BROWNLOW AVE,12,174,South Eglinton-Davisville,Active,active,1408,96624,929,2021-08-25,http://app.toronto.ca/AIC/index.do?folderRsn=pbDsZfOxsz6DMKSkNV4lHg%3D%3D,-79.391014,43.705167
18 153780 NNY 15 OZ,2788 BATHURST ST,8,032,Englemount-Lawrence,Built,built,126,22356,3729,2018-05-04,http://app.toronto.ca/AIC/index.do?folderRsn=UCmnraJCc4JmFeTAfxsbdg%3D%3D,-79.4293,43.709941
22 154014 STE 11 OZ,1086 YONGE ST,11,095,Annex,Active,active,24,7095,1326,2022-05-30,http://app.toronto.ca/AIC/index.do?folderRsn=egBT02F%2F5aAIT6owPSPTrw%3D%3D,-79.390495,43.675865
23 230561 NNY 18 OZ,461 SHEPPARD AVE E,18,153,Avondale,Active,active,508,29677.43,372.57,2023-11-28,http://app.toronto.ca/AIC/index.do?folderRsn=l6Q1xeMCrQxpee9JzO71GQ%3D%3D,-79.388668,43.764179
16 268010 NNY 15 OZ,3019 DUFFERIN ST,8,031,Yorkdale-Glen Park,Active,active,329,26176,349,2016-12-16,http://app.toronto.ca/AIC/index.do?folderRsn=cjanvW%2FzfD2KNT0XmfrFDw%3D%3D,-79.454046,43.71075
25 198242 NNY 15 OZ,235 WICKSTEED AVE,15,055,Thorncliffe Park,Active,active,0,,768,2025-07-22,http://app.toronto.ca/AIC/index.do?folderRsn=C2vNTczb4UdVqyayVkdBTg%3D%3D,-79.346199,43.711198
19 231689 STE 13 OZ,111 RIVER ST,13,072,Regent Park,Active,active,516,31720,,2019-10-03,http://app.toronto.ca/AIC/index.do?folderRsn=4cuw59zJUicc%2BHUMxlqRSw%3D%3D,-79.357918,43.658694
25 193910 NNY 15 OZ,245 EGLINTON AVE E,15,174,South Eglinton-Davisville,Under Review,proposed,1202,79939.35,2802.79,2025-07-15,http://app.toronto.ca/AIC/index.do?folderRsn=ry9wpSc%2Fp9o6myJz9ZSW5w%3D%3D,-79.389747,43.706263
11 330487 NNY 23 OZ,4917-4975 YONGE ST,18,,,Built,built,478,37215.3,8518.75,2011-12-23,,,
20 219677 STE 09 SA,1921 DAVENPORT RD,9,091,Weston-Pelham Park,Under Review,proposed,36,2134.47,109.14,2020-11-18,http://app.toronto.ca/AIC/index.do?folderRsn=CvvYi4n9WzPuha6B8joGXw%3D%3D,-79.455742,43.668181
25 101365 NNY 15 OZ,20 BRENTCLIFFE RD,15,055,Thorncliffe Park,Under Review,proposed,383,26890.5,1815.7,2025-01-06,http://app.toronto.ca/AIC/index.do?folderRsn=ggrX1wP8W8i%2B8mjyBoPR0w%3D%3D,-79.360593,43.710765
20 151103 WET 03 OZ,3100 BLOOR ST W,3,016,Stonegate-Queensway,Active,active,354,37646.43,485.5,2020-06-01,http://app.toronto.ca/AIC/index.do?folderRsn=58SBTqodHZInkW09SW%2BVeg%3D%3D,-79.515353,43.644866
20 220123 STE 12 OZ,175 ST CLAIR AVE W,12,096,Casa Loma,Active,active,298,27805,,2020-11-19,http://app.toronto.ca/AIC/index.do?folderRsn=LNs9hZgGfG7vP6Q%2Bzo08MA%3D%3D,-79.402625,43.684123
21 212462 STE 12 OZ,40 RAGLAN AVE,12,094,Wychwood,Active,active,355,25528,264,2021-09-14,http://app.toronto.ca/AIC/index.do?folderRsn=ae7bjnZd4ECu8oHvXBxIaQ%3D%3D,-79.420591,43.682205
18 162912 ESC 35 SA,743 WARDEN AVE,20,120,Clairlea-Birchmount,Built,built,206,12637.6,1615.9,2018-05-22,http://app.toronto.ca/AIC/index.do?folderRsn=nvH6YNTV9qJHrALKuBCRFg%3D%3D,-79.281753,43.715269
22 219197 ESC 25 OZ,3351-3359 ELLESMERE RD,25,134,Highland Creek,Active,active,51,7247.8,131.1,2022-10-19,http://app.toronto.ca/AIC/index.do?folderRsn=aB3AOhBz6wMnrrI%2FmWBA0g%3D%3D,-79.184249,43.785458
22 170531 NNY 08 OZ,34 MONTGOMERY AVE,8,100,Yonge-Eglinton,Under Review,proposed,314,23827.2,,2022-06-30,http://app.toronto.ca/AIC/index.do?folderRsn=Airq5oJm6FIXtjBXTyLtSA%3D%3D,-79.400149,43.707588
25 150456 NNY 08 OZ,2204 EGLINTON AVE W,8,109,Caledonia-Fairbank,Active,active,36,,2440.43,2025-04-28,http://app.toronto.ca/AIC/index.do?folderRsn=oLxA6F49cgxcRLw4mJUuTA%3D%3D,-79.461825,43.691419
25 104550 WET 02 SA,38 DIXINGTON CRES,2,006,Kingsview Village-The Westway,Active,active,15,216.26,,2025-01-14,http://app.toronto.ca/AIC/index.do?folderRsn=fweUzQRj34Q0mxUQqldIiA%3D%3D,-79.540903,43.694534
19 244188 STE 13 OZ,49 ONTARIO ST,13,073,Moss Park,Active,active,1226,70854,317,2019-11-01,http://app.toronto.ca/AIC/index.do?folderRsn=DqNCAMD69Pbbc9PN8NNIQw%3D%3D,-79.366281,43.651127
15 188751 STE 19 OZ,605 BLOOR ST W,11,080,Palmerston-Little Italy,Built,built,890,60358,9993,2015-07-10,http://app.toronto.ca/DevelopmentApplications/associatedApplicationsList.do?action=init&folderRsn=3785237&isCofASearch=false,-79.411707,43.661902
23 214176 ESC 22 OZ,2771 VICTORIA PARK AVE,22,046,Pleasant View,Active,active,62,8131.4,575.8,2023-10-13,http://app.toronto.ca/AIC/index.do?folderRsn=ocxi7tWW1QA9W5QoehANQw%3D%3D,-79.325247,43.77867
15 183193 ESC 35 OZ,95 PIDGEON ST,20,120,Clairlea-Birchmount,Active,active,26,4525.68,,2015-06-30,,-79.277382,43.71583
25 232356 WET 03 SA,160 SILVERHILL DR,3,159,Etobicoke City Centre,Under Review,proposed,0,,7940,2025-09-29,http://app.toronto.ca/AIC/index.do?folderRsn=AWHLQpVi03Pjs8dNHDsAhw%3D%3D,-79.551475,43.631868
24 254928 WET 01 SA,172 BELFIELD RD,1,001,West Humber-Clairville,Under Review,proposed,0,,5398,2024-12-31,http://app.toronto.ca/AIC/index.do?folderRsn=hIThQ5Rs8xRmo8f9ceNOyA%3D%3D,-79.57937,43.699773
24 240290 STE 09 SA,259 GEARY AVE,9,171,Junction-Wallace Emerson,Active,active,0,,22734,2024-11-18,http://app.toronto.ca/AIC/index.do?folderRsn=qiUcGQqHYOMUQXyCmUzMDg%3D%3D,-79.440987,43.667066
25 258479 STE 13 OZ,329 QUEEN ST E,13,073,Moss Park,Under Review,proposed,545,37723,470,2025-11-25,http://app.toronto.ca/AIC/index.do?folderRsn=S4vsXTzFLE5dr%2F2bAYsQNw%3D%3D,-79.365477,43.653288
20 168036 WET 03 SA,5365 DUNDAS ST W,3,,,Active,active,797,55202.23,,2020-07-15,http://app.toronto.ca/AIC/index.do?folderRsn=rESVHDgdiYmld9qloWXImA%3D%3D,,
25 232204 ESC 24 OZ,60 GUILDWOOD PKWY,24,140,Guildwood,Under Review,proposed,0,,28612,2025-09-29,http://app.toronto.ca/AIC/index.do?folderRsn=0fdjguyxVQP6o%2BQ%2BRxyswg%3D%3D,-79.203359,43.744916
25 191902 STE 09 SA,976 COLLEGE ST,9,084,Little Portugal,Active,active,19,1224.95,,2025-07-10,http://app.toronto.ca/AIC/index.do?folderRsn=ygjoFgonECMrXCPbTL7S3g%3D%3D,-79.428166,43.651443
24 204279 STE 09 OZ,1901 EGLINTON AVE W,9,109,Caledonia-Fairbank,Under Review,proposed,446,32326.7,909.8,2024-08-27,http://app.toronto.ca/AIC/index.do?folderRsn=qc5SqOx4rjZdFqJRhBTfZw%3D%3D,-79.452221,43.693087
16 261959 STE 28 SA,591 DUNDAS ST E,13,072,Regent Park,Built,built,213,24155,466,2016-12-08,http://app.toronto.ca/AIC/index.do?folderRsn=ZqDSNMF5MT1UEiiNBPzIBQ%3D%3D,-79.360906,43.658399
19 262835 STE 14 SA,405 EASTERN AVE,14,070,South Riverdale,Built,built,0,,7555,2019-12-18,http://app.toronto.ca/AIC/index.do?folderRsn=a%2BweZ85KZMhtLHJvltMgIg%3D%3D,-79.345801,43.654268
24 215137 NNY 16 OZ,1 DEAUVILLE LANE,16,044,Flemingdon Park,Under Review,proposed,1779,113317,,2024-09-19,http://app.toronto.ca/AIC/index.do?folderRsn=1e8g9AMhoSUIf4rbB3p8xw%3D%3D,-79.330284,43.715057
16 129328 WET 05 OZ,4195 DUNDAS ST W,3,015,Kingsway South,Active,active,625,54617,1970,2016-03-17,http://app.toronto.ca/AIC/index.do?folderRsn=QWgjV9510Law30%2FRMwYeKQ%3D%3D,-79.511339,43.658121
19 248099 NNY 17 OZ,680 SHEPPARD AVE E,17,052,Bayview Village,Under Review,proposed,742,56911.49,69.66,2019-11-12,http://app.toronto.ca/AIC/index.do?folderRsn=%2BWpO0cxYE15%2F0UwoUM%2BdRA%3D%3D,-79.379876,43.767094
24 230000 WET 03 OZ,1230 THE QUEENSWAY,3,159,Etobicoke City Centre,Active,active,175,13115.6,225,2024-10-23,http://app.toronto.ca/AIC/index.do?folderRsn=SNlQlQ01tmt3FtMxoMucFA%3D%3D,-79.524357,43.619877
25 269654 STE 09 OZ,1439 BLOOR ST W,9,086,Roncesvalles,Under Review,proposed,377,23428.41,993.56,2025-12-24,http://app.toronto.ca/AIC/index.do?folderRsn=JDGi4c4B5Iy5kwgp9tMgwg%3D%3D,-79.449423,43.654805
24 253913 STE 04 OZ,1464 KING ST W,4,085,South Parkdale,Under Review,proposed,80,3899.9,4115.2,2024-12-27,http://app.toronto.ca/AIC/index.do?folderRsn=d%2BsHIMhI3SEn0qzeVONBdg%3D%3D,-79.438174,43.635045
08 223121 WET 06 OZ,2157 LAKE SHORE BLVD W,3,161,Humber Bay Shores,Built,built,516,39505,3356,2008-11-19,,-79.479638,43.623296
22 137816 ESC 23 SA,2250 MARKHAM RD,23,129,Agincourt North,Active,active,0,2116.3,19096.3,2022-04-25,http://app.toronto.ca/AIC/index.do?folderRsn=Cjxy1HrHx26Ik6JlXgV7ig%3D%3D,-79.245315,43.808755
18 148195 STE 28 OZ,240 WELLESLEY ST E,13,074,North St.James Town,Under Review,proposed,1115,73890,4432,2018-04-24,http://app.toronto.ca/AIC/index.do?folderRsn=icRxtrCgnBgKN8UVV%2Brtcw%3D%3D,-79.373006,43.668867
24 216386 STE 09 SA,1319 BLOOR ST W,9,083,Dufferin Grove,Under Review,proposed,0,,1022.88,2024-09-23,http://app.toronto.ca/AIC/index.do?folderRsn=1fRhCZUhkZz7Hwl%2BsfJZDQ%3D%3D,-79.44405,43.653237
22 136063 STE 13 OZ,591 DUNDAS ST E,13,072,Regent Park,Active,active,3432,311901,14983,2022-04-20,http://app.toronto.ca/AIC/index.do?folderRsn=Qc09fsk2cToGJIlfeP7DDw%3D%3D,-79.360906,43.658399
18 171536 STE 22 OZ,2100 YONGE ST,12,100,Yonge-Eglinton,Built,built,83,7357,298,2018-06-04,http://app.toronto.ca/AIC/index.do?folderRsn=biqHi6KrLaVS8g%2FyufDaWg%3D%3D,-79.398059,43.700641
18 154389 ESC 36 OZ,80 DALE AVE,24,140,Guildwood,Active,active,285,15703.96,,2018-05-07,http://app.toronto.ca/AIC/index.do?folderRsn=Tt5vSXTTd8AyWM6qWhxhOg%3D%3D,-79.20595,43.75076
25 259679 STE 13 OZ,65 ADELAIDE ST E,13,168,Downtown Yonge East,Under Review,proposed,369,24874,,2025-11-28,http://app.toronto.ca/AIC/index.do?folderRsn=uETZVr%2FQRRnG%2FUIAbCnnEg%3D%3D,-79.375542,43.648869
25 125960 ESC 25 OZ,62 ORCHARD PARK DR,25,136,West Hill,Active,active,47,2347.1,,2025-03-07,http://app.toronto.ca/AIC/index.do?folderRsn=WPoO4UcjTK4PGHYR4Bsv%2Bg%3D%3D,-79.179815,43.77219
19 260968 WET 03 OZ,801 THE QUEENSWAY,3,016,Stonegate-Queensway,Built,built,206,14428,327,2019-12-13,http://app.toronto.ca/AIC/index.do?folderRsn=YNk2wG%2FBYUQLGQKYUAtEgg%3D%3D,-79.506871,43.623226
25 269621 STE 04 OZ,2279 BLOOR ST W,4,087,High Park-Swansea,Under Review,proposed,60,5429,116,2025-12-24,http://app.toronto.ca/AIC/index.do?folderRsn=ZinVFKonbI8mX3ywJlMD1A%3D%3D,-79.47881,43.64839
21 182017 WET 05 OZ,43 JUNCTION RD,5,090,Junction Area,Under Review,proposed,1968,122937.22,3878.65,2021-07-09,http://app.toronto.ca/AIC/index.do?folderRsn=NOiPftWh4Yv5Dy1fWoqfVg%3D%3D,-79.464785,43.665991
15 106475 ESC 36 OZ,168 CLONMORE DR,20,122,Birchcliffe-Cliffside,Built,built,121,11943.4,,2015-01-20,http://app.toronto.ca/AIC/index.do?folderRsn=40tMJRD7TJdjQcYHgWWfjw%3D%3D,-79.277136,43.688752
14 133253 ESC 44 SA,61 ORCHARD PARK DR,25,136,West Hill,Built,built,14,1813.52,82.03,2014-03-25,,-79.180671,43.773169
23 232536 NNY 18 OZ,7 NIPIGON AVE,18,050,Newtonbrook East,Under Review,proposed,603,37259.21,266.27,2023-12-04,http://app.toronto.ca/AIC/index.do?folderRsn=Pbf3z4k8GdIfVjgdJ%2FaSuQ%3D%3D,-79.418971,43.795227
23 235666 ESC 22 SA,2075 MCNICOLL AVE,22,130,Milliken,Active,active,0,,13439.1,2023-12-14,http://app.toronto.ca/AIC/index.do?folderRsn=xSGb8oOoo2PBKsaPsqovfw%3D%3D,-79.298153,43.810635
21 235446 STE 13 OZ,49 YONGE ST,13,166,St Lawrence-East Bayfront-The Islands,Under Review,proposed,247,19892,51,2021-11-08,http://app.toronto.ca/AIC/index.do?folderRsn=nJzZUrLdaQxV5hxfU7e0Xw%3D%3D,-79.377362,43.646081
19 237544 ESC 25 OZ,1625 MILITARY TRL,25,136,West Hill,Built,built,539,35087.71,,2019-10-17,http://app.toronto.ca/AIC/index.do?folderRsn=tMuJ%2FFOxken%2FsvcTyu6k1Q%3D%3D,-79.171883,43.779192
21 235897 STE 13 OZ,66 WELLESLEY ST E,13,167,Church-Wellesley,Active,active,410,31293,852,2021-11-09,http://app.toronto.ca/AIC/index.do?folderRsn=ed4gtXCDHP1n9L8SXFmD9A%3D%3D,-79.38201,43.663911
17 190823 NNY 16 OZ,2440 YONGE ST,8,100,Yonge-Eglinton,Active,active,636,46219.01,6166.12,2017-06-30,http://app.toronto.ca/AIC/index.do?folderRsn=7%2FZis9jPPDE50JMhP4RM3w%3D%3D,-79.399792,43.708532
21 235108 STE 13 OZ,225 QUEEN ST E,13,073,Moss Park,Active,active,355,28060,455,2021-11-07,http://app.toronto.ca/AIC/index.do?folderRsn=qwHBZVghwPJQAf2d0FkPwA%3D%3D,-79.370022,43.652266
25 187440 NNY 15 OZ,299 ROEHAMPTON AVE,15,099,Mount Pleasant East,Under Review,proposed,1301,98495.45,,2025-07-03,http://app.toronto.ca/AIC/index.do?folderRsn=uuNm4znfsu0OqOu1EYWcig%3D%3D,-79.389441,43.707696
25 144000 WET 07 SA,28 ARROW RD,7,154,Oakdale-Beverley Heights,Active,active,0,,4076,2025-04-14,http://app.toronto.ca/AIC/index.do?folderRsn=Wt2GJNJYmAjx4RCo5xFhxw%3D%3D,-79.530175,43.735188
25 148717 STE 10 SA,55 JOHN ST,10,164,Wellington Place,Under Review,proposed,0,,186,2025-04-24,http://app.toronto.ca/AIC/index.do?folderRsn=VTJukOq7qZHuY1BuWn%2BILA%3D%3D,-79.389134,43.644163
24 226540 STE 10 OZ,14 GRANGE AVE,10,078,Kensington-Chinatown,Under Review,proposed,22,2007,,2024-10-15,http://app.toronto.ca/AIC/index.do?folderRsn=2X1BQsoz%2Bk5fv5qx99Ex5Q%3D%3D,-79.394501,43.650744
20 185654 NNY 08 SA,1886 EGLINTON AVE W,8,109,Caledonia-Fairbank,Active,active,194,12996,1202.3,2020-08-26,http://app.toronto.ca/AIC/index.do?folderRsn=Fk9itMHMXzehyxUVeTl%2BLw%3D%3D,-79.452582,43.693533
22 230897 ESC 22 OZ,2575 PHARMACY AVE,22,147,L'Amoreaux West,Active,active,321,23801.91,2119.09,2022-11-18,http://app.toronto.ca/AIC/index.do?folderRsn=FzqCTs8D8s6NTijtOzIeNA%3D%3D,-79.324194,43.792341
24 185488 NNY 18 OZ,2810 BAYVIEW AVE,18,153,Avondale,Under Review,proposed,475,31257,,2024-07-22,http://app.toronto.ca/AIC/index.do?folderRsn=rzOIu88fpBrv%2F4i1e7P1UA%3D%3D,-79.38833,43.763022
20 160786 STE 12 OZ,63 MONTCLAIR AVE,12,101,Forest Hill South,Built,built,421,34519,,2020-06-26,http://app.toronto.ca/AIC/index.do?folderRsn=YGesyqEi99th71TSsPkE1Q%3D%3D,-79.413765,43.685375
25 269670 STE 04 OZ,34-50 SOUTHPORT ST,4,087,High Park-Swansea,Under Review,proposed,397,25988.6,,2025-12-24,http://app.toronto.ca/AIC/index.do?folderRsn=FYahY6CiqOFs8D5%2BmpGSLQ%3D%3D,-79.47295,43.636342
26 115225 STE 09 OZ,1173 BLOOR ST W,9,083,Dufferin Grove,Under Review,proposed,66,10620,6991,2026-02-09,http://app.toronto.ca/AIC/index.do?folderRsn=Yj5mtoUt90rLVWOIp5FeHg%3D%3D,-79.438621,43.657053
23 124689 NNY 18 OZ,6355 YONGE ST,18,036,Newtonbrook West,Active,active,594,36997,204,2023-03-20,http://app.toronto.ca/AIC/index.do?folderRsn=IwMrWKrRalRZDTXA9qAqkA%3D%3D,-79.419582,43.794699
21 126531 STE 11 OZ,208 BLOOR ST W,11,079,University,Active,active,426,27668,221,2021-03-12,http://app.toronto.ca/AIC/index.do?folderRsn=M0I%2FR9wd3B1WpCo%2FFoXSsw%3D%3D,-79.396247,43.666659
17 209531 STE 20 OZ,445 ADELAIDE ST W,10,164,Wellington Place,Under Review,proposed,0,,8342,2017-08-01,http://app.toronto.ca/AIC/index.do?folderRsn=HnlDbcpvwkUVszYsod1ebQ%3D%3D,-79.399231,43.643857
20 210382 NNY 17 SA,2901 BAYVIEW AVE,17,152,East Willowdale,Active,active,471,32312.8,7541.1,2020-10-23,http://app.toronto.ca/AIC/index.do?folderRsn=IWoykYRKw7wSU8z5rpnaIg%3D%3D,-79.388692,43.767214
20 217261 STE 13 SA,365 PARLIAMENT ST,13,073,Moss Park,Built,built,643,45184.54,2626.31,2020-11-10,http://app.toronto.ca/AIC/index.do?folderRsn=W5htOh0DBYvfILys4U%2BApw%3D%3D,-79.366668,43.659058
24 241983 WET 01 SA,1870 ALBION RD,1,001,West Humber-Clairville,Under Review,proposed,0,,100430,2024-11-22,http://app.toronto.ca/AIC/index.do?folderRsn=97PhUJ0kkyHMd2tca%2FW3xg%3D%3D,-79.618855,43.74496
19 127586 STE 13 OZ,27 GROSVENOR ST,13,170,Yonge-Bay Corridor,Active,active,767,50432,645,2019-03-19,http://app.toronto.ca/AIC/index.do?folderRsn=DLCiWme30G2QEASGUeopVA%3D%3D,-79.385467,43.660478
19 115511 STE 13 OZ,1075 BAY ST,13,169,Bay-Cloverhill,Active,active,738,49393,705,2019-02-14,http://app.toronto.ca/AIC/index.do?folderRsn=rPB0nELBJA2KW8BdFVLlhw%3D%3D,-79.388223,43.665167
24 171220 NNY 08 OZ,259 VIEWMOUNT AVE,8,031,Yorkdale-Glen Park,Under Review,proposed,1033,58127,196,2024-06-27,http://app.toronto.ca/AIC/index.do?folderRsn=Qx5HL60JwMlAnqEOlhutgg%3D%3D,-79.442032,43.705302
21 239141 NNY 16 OZ,7-11 ROCHEFORT DR,16,044,Flemingdon Park,Under Review,proposed,1368,107096,199,2021-11-18,http://app.toronto.ca/AIC/index.do?folderRsn=Sre6gtmGaPWeR6syXL14tg%3D%3D,-79.33693,43.716094
25 214214 STE 11 OZ,333 COLLEGE ST,11,078,Kensington-Chinatown,Active,active,553,17649,60,2025-08-21,http://app.toronto.ca/AIC/index.do?folderRsn=v%2BIOEv9k6dU2ODWBmPTxXA%3D%3D,-79.402645,43.655309
25 124181 ESC 20 OZ,5 BELLAMY RD S,20,139,Scarborough Village,Under Review,proposed,110,13601.59,,2025-03-03,http://app.toronto.ca/AIC/index.do?folderRsn=20aE5A7WCRgYZSIiIOE2eQ%3D%3D,-79.224997,43.731407
24 119171 NNY 18 OZ,172 DREWRY AVE,18,036,Newtonbrook West,Active,active,45,6097.17,,2024-02-26,http://app.toronto.ca/AIC/index.do?folderRsn=HmNzGHU3XT%2FtuJtDQL74xw%3D%3D,-79.426108,43.783641
16 236387 NNY 26 OZ,844 DON MILLS RD,16,042,Banbury-Don Mills,Active,active,4974,376408,85545,2016-10-12,http://app.toronto.ca/AIC/index.do?folderRsn=kAXzg3UO8DVy6GO1hYPgew%3D%3D,-79.341874,43.720648
26 104032 WET 07 SA,700 FENMAR DR,7,021,Humber Summit,Under Review,proposed,0,,12341,2026-01-13,http://app.toronto.ca/AIC/index.do?folderRsn=LCF7ZXFwfEGH41UIyN%2FXXQ%3D%3D,-79.560587,43.763372
23 205666 ESC 21 OZ,2157-2183 LAWRENCE AVE E,21,119,Wexford/Maryvale,Active,active,571,39664,559,2023-09-22,http://app.toronto.ca/AIC/index.do?folderRsn=mZeiEquEDWqy18ytBRB7qg%3D%3D,-79.284286,43.745241
24 240637 STE 12 OZ,135 ST CLAIR AVE W,12,096,Casa Loma,Active,active,544,46009,920,2024-11-19,http://app.toronto.ca/AIC/index.do?folderRsn=FD1mfkabYUhTclN2UeO%2Bdg%3D%3D,-79.401157,43.684263
16 111311 STE 27 OZ,349 GEORGE ST,13,073,Moss Park,Active,active,70,3673,44169,2016-02-01,http://app.toronto.ca/DevelopmentApplications/associatedApplicationsList.do?action=init&folderRsn=3895725&isCofASearch=false,-79.374505,43.658146
19 146963 STE 11 SA,89 AVENUE RD,11,095,Annex,Built,built,60,8471.09,,2019-04-30,http://app.toronto.ca/AIC/index.do?folderRsn=xVfzuORg3zMJY74jObY3DA%3D%3D,-79.395472,43.670355
15 268318 WET 04 OZ,4000 EGLINTON AVE W,2,009,Edenbridge-Humber Valley,Built,built,1367,95683,2665,2015-12-22,http://app.toronto.ca/AIC/index.do?folderRsn=OA1dqGEQm%2Bp61QU2UqfarQ%3D%3D,-79.522998,43.681611
21 101581 NNY 08 OZ,36 EGLINTON AVE W,8,100,Yonge-Eglinton,Active,active,613,38817,2784.5,2021-01-07,http://app.toronto.ca/AIC/index.do?folderRsn=u7RJXMff%2Foavp5A9O6OjOg%3D%3D,-79.399975,43.704652
22 236199 ESC 20 SA,130 MIDLAND AVE,20,122,Birchcliffe-Cliffside,Under Review,proposed,299,,7475.42,2022-12-05,http://app.toronto.ca/AIC/index.do?folderRsn=%2BLGGLgbz7bYEI3bfsZaEAw%3D%3D,-79.247978,43.706338
15 218429 STE 20 OZ,234 SIMCOE ST,10,078,Kensington-Chinatown,Built,built,899,61198,7105,2015-09-04,http://app.toronto.ca/DevelopmentApplications/associatedApplicationsList.do?action=init&folderRsn=3819690&isCofASearch=false,-79.38991,43.651665
17 190839 STE 20 OZ,400 KING ST W,10,164,Wellington Place,Built,built,612,38575,3491,2017-06-30,http://app.toronto.ca/AIC/index.do?folderRsn=9HOr7m1lVal0EtqK7ZXfzw%3D%3D,-79.39339,43.644103
23 154398 STE 10 SA,1 JEFFERSON AVE,10,163,Fort York-Liberty Village,Under Review,proposed,0,,22472,2023-06-01,http://app.toronto.ca/AIC/index.do?folderRsn=6j4WAj5FOzrBH4AhM4s3uQ%3D%3D,-79.420675,43.633811
19 114193 ESC 20 OZ,777 VICTORIA PARK AVE,20,061,Taylor-Massey,Active,active,705,47579.73,1761.05,2019-02-11,http://app.toronto.ca/AIC/index.do?folderRsn=QHj7Yz3cMVRTrCSpQX%2BgpA%3D%3D,-79.28943,43.69256
21 247607 ESC 20 SA,3089 DANFORTH AVE,20,122,Birchcliffe-Cliffside,Under Review,proposed,39,3229,174,2021-12-12,http://app.toronto.ca/AIC/index.do?folderRsn=2hnh7ZqnG%2FzMk1FlXYsuBQ%3D%3D,-79.286735,43.689432
17 137298 NNY 34 SA,275 DUNCAN MILL RD,16,040,St.Andrew-Windfields,Built,built,0,,2358,2017-03-31,http://app.toronto.ca/DevelopmentApplications/associatedApplicationsList.do?action=init&folderRsn=4131093&isCofASearch=false,-79.351613,43.758918
25 189462 NNY 08 OZ,605 LAWRENCE AVE W,8,032,Englemount-Lawrence,Under Review,proposed,266,18442,82,2025-07-07,http://app.toronto.ca/AIC/index.do?folderRsn=%2BHOBV2XnYFB1WoN53o34Kw%3D%3D,-79.438876,43.715073
25 198723 NNY 08 OZ,351 MARLEE AVE,8,108,Briar Hill-Belgravia,Under Review,proposed,840,57669,778,2025-07-23,http://app.toronto.ca/AIC/index.do?folderRsn=hx%2BGuZnA%2FkgM4UJPusA3RQ%3D%3D,-79.442801,43.704847
20 230695 NNY 17 OZ,10 RUDDINGTON DR,17,049,Bayview Woods-Steeles,Active,active,244,19864,,2020-12-18,http://app.toronto.ca/AIC/index.do?folderRsn=z6%2FrvmD5SElPIDRzgju9bg%3D%3D,-79.391543,43.786811
19 134851 STE 12 OZ,1485 YONGE ST,12,097,Yonge-St.Clair,Under Review,proposed,1361,105253,20524,2019-04-03,http://app.toronto.ca/AIC/index.do?folderRsn=NMDWidCsFoewutf9BlSGzw%3D%3D,-79.394446,43.687077
19 249299 ESC 20 SA,1 THORA AVE,20,122,Birchcliffe-Cliffside,Active,active,0,,11952.04,2019-11-14,http://app.toronto.ca/AIC/index.do?folderRsn=Fyv4eT9KKQ6X6M0GFVYnkQ%3D%3D,-79.2865,43.688036
26 127597 ESC 22 OZ,1020 MCNICOLL AVE,22,048,Hillcrest Village,Under Review,proposed,0,,31896,2026-03-10,http://app.toronto.ca/AIC/index.do?folderRsn=hifQ7mj9ugPRDAUPmtAjSg%3D%3D,-79.336212,43.803773
22 221903 NNY 15 OZ,1779-1781 BAYVIEW AVE,15,099,Mount Pleasant East,Under Review,proposed,436,28905.31,,2022-10-25,http://app.toronto.ca/AIC/index.do?folderRsn=he11ZWTd3YHWI5lGxFMOiw%3D%3D,-79.376858,43.708485
25 150448 NNY 18 OZ,68 SHEPPARD AVE W,18,038,Lansing-Westgate,Active,active,0,,2740.8,2025-04-28,http://app.toronto.ca/AIC/index.do?folderRsn=jljCRGnmte5u8DOkqi6GrQ%3D%3D,-79.414882,43.758957
21 235816 WET 07 OZ,11 CATFORD RD,7,027,York University Heights,Active,active,1094,74703,881,2021-11-09,http://app.toronto.ca/AIC/index.do?folderRsn=kTGRnpn727m7iBpFi%2BTR4w%3D%3D,-79.491113,43.755712
25 216160 WET 02 OZ,32 RICHVIEW RD,2,009,Edenbridge-Humber Valley,Under Review,proposed,374,32553,,2025-08-26,http://app.toronto.ca/AIC/index.do?folderRsn=zrOMg%2F%2B%2BLDqwJa9j1vclGw%3D%3D,-79.514655,43.683325
19 114197 WET 03 OZ,3741 BLOOR ST W,3,,,Active,active,2730,221434,22737,2019-02-11,,,
22 140740 STE 14 OZ,1400 GERRARD ST E,14,065,Greenwood-Coxwell,Active,active,24,1384.1,124.1,2022-05-02,http://app.toronto.ca/AIC/index.do?folderRsn=lqaqoaH4Px3mm5lwAXHGEg%3D%3D,-79.323798,43.670091
20 152435 STE 10 OZ,1 YONGE ST,10,166,St Lawrence-East Bayfront-The Islands,Active,active,2406,199490,20843,2020-06-04,http://app.toronto.ca/AIC/index.do?folderRsn=DDeZ8xFNXtvEzFOxseMMNA%3D%3D,-79.374812,43.641599
21 234418 STE 04 OZ,403 KEELE ST,4,090,Junction Area,Active,active,281,16185,272,2021-11-04,http://app.toronto.ca/AIC/index.do?folderRsn=nkXckX3N2Mklq6pZyFBgsQ%3D%3D,-79.464795,43.664439
24 121126 STE 04 OZ,1938 BLOOR ST W,4,087,High Park-Swansea,Active,active,137,12670.6,300,2024-03-01,http://app.toronto.ca/AIC/index.do?folderRsn=ShD04eyUtlngTGFxV7%2FwFA%3D%3D,-79.466883,43.651523
24 253875 NNY 16 SA,155 BERMONDSEY RD,16,043,Victoria Village,Active,active,0,,1459,2024-12-27,http://app.toronto.ca/AIC/index.do?folderRsn=gMRvg2D2yHxY1qXJtGVCUg%3D%3D,-79.314805,43.720956
24 119153 STE 13 OZ,137 ISABELLA ST,13,074,North St.James Town,Under Review,proposed,809,47520,,2024-02-26,http://app.toronto.ca/AIC/index.do?folderRsn=psDhgZay4VwaQMa2RPS2Gw%3D%3D,-79.376796,43.667267
26 133464 STE 09 OZ,1280 COLLEGE ST,9,084,Little Portugal,Under Review,proposed,76,5122.8,,2026-03-23,http://app.toronto.ca/AIC/index.do?folderRsn=VepSN7qxIbjdembHqq1vcg%3D%3D,-79.44018,43.649317
21 153650 STE 13 SA,261 QUEEN ST E,13,073,Moss Park,Active,active,795,60745,15031,2021-05-12,http://app.toronto.ca/AIC/index.do?folderRsn=9F1HGuAIjzw%2BNnsuVnk2wQ%3D%3D,-79.368092,43.651863
23 138421 STE 13 OZ,23 TORONTO ST,13,168,Downtown Yonge East,Active,active,840,57186,6280,2023-04-26,http://app.toronto.ca/AIC/index.do?folderRsn=VzfZgih6qkq5fmtTFPtROA%3D%3D,-79.376263,43.648601
24 117636 NNY 06 SA,4362 BATHURST ST,6,033,Clanton Park,Active,active,0,,615.3,2024-02-21,http://app.toronto.ca/AIC/index.do?folderRsn=SLEvSa36uFPKlOSPGdLuIA%3D%3D,-79.438755,43.752573
24 252687 WET 03 OZ,2-4 MENDOTA RD,3,160,Mimico-Queensway,Under Review,proposed,0,,10751.01,2024-12-20,http://app.toronto.ca/AIC/index.do?folderRsn=OLPaOGVEjSr%2FA%2BGSDnXQWQ%3D%3D,-79.495306,43.622755
25 147499 ESC 20 OZ,3130 DANFORTH AVE,20,121,Oakridge,Active,active,445,29006,806,2025-04-22,http://app.toronto.ca/AIC/index.do?folderRsn=ZUj01QDoNoMg2by546Z3rg%3D%3D,-79.286465,43.689993
21 251886 STE 11 OZ,1233 YONGE ST,11,097,Yonge-St.Clair,Active,active,730,46003,332,2021-12-29,http://app.toronto.ca/AIC/index.do?folderRsn=KSMhl3mooqK4eAEO%2ByX%2BhA%3D%3D,-79.391886,43.681898
25 266399 STE 12 OZ,390 SPADINA RD,12,101,Forest Hill South,Active,active,54,8846,585,2025-12-15,http://app.toronto.ca/AIC/index.do?folderRsn=TM2eefpPWPQc8vT3CwEY7Q%3D%3D,-79.412974,43.686
25 230280 ESC 25 OZ,3307 ELLESMERE RD,25,134,Highland Creek,Active,active,180,17903.63,146.04,2025-09-24,http://app.toronto.ca/AIC/index.do?folderRsn=22ZLUbXRbau62v2kSaPrSw%3D%3D,-79.18656,43.784784
21 250500 ESC 25 OZ,4630 KINGSTON RD,25,136,West Hill,Active,active,566,33228.5,1087.2,2021-12-21,http://app.toronto.ca/AIC/index.do?folderRsn=VVTr4EI4t96uIF1HSju%2FEw%3D%3D,-79.179498,43.773351
16 270250 ESC 35 OZ,599 KENNEDY RD,20,124,Kennedy Park,Active,active,269,19260,,2016-12-22,http://app.toronto.ca/AIC/index.do?folderRsn=vIuiBTe3NguSzdRR%2FTTYgw%3D%3D,-79.264589,43.722551
20 191099 STE 12 OZ,1913 YONGE ST,12,174,South Eglinton-Davisville,Active,active,1014,72941,5783,2020-09-08,http://app.toronto.ca/AIC/index.do?folderRsn=hfe%2F1WBpqAwabLaoUNocRg%3D%3D,-79.39628,43.697326
25 250881 STE 04 OZ,21 WINDERMERE AVE,4,087,High Park-Swansea,Active,active,639,72089,1430,2025-11-07,http://app.toronto.ca/AIC/index.do?folderRsn=8zUuZu0KchkE1SYWMv%2Fj1A%3D%3D,-79.470112,43.636284
25 140561 NNY 16 OZ,250 FERRAND DR,16,044,Flemingdon Park,Active,active,331,23855.95,,2025-04-07,http://app.toronto.ca/AIC/index.do?folderRsn=gVMBwtpZ9Zl9JmdGw5HyJA%3D%3D,-79.331391,43.717906
25 199458 STE 12 OZ,77 DAVISVILLE AVE,12,174,South Eglinton-Davisville,Active,active,400,29298,,2025-07-24,http://app.toronto.ca/AIC/index.do?folderRsn=kIDx71rQUzYWqgx0qmCNFw%3D%3D,-79.393947,43.696451
19 236107 ESC 23 OZ,3250 MARKHAM RD,23,130,Milliken,Active,active,0,,34483,2019-10-15,http://app.toronto.ca/AIC/index.do?folderRsn=ZVD2u98knwnAZxPeiDR5fQ%3D%3D,-79.251814,43.830246
22 179831 STE 11 OZ,38 WALMER RD,11,095,Annex,Active,active,211,17567,1435,2022-07-21,http://app.toronto.ca/AIC/index.do?folderRsn=zF17%2FeoI%2BIcJltfaou2WvQ%3D%3D,-79.406942,43.666576
18 118403 STE 29 OZ,954 BROADVIEW AVE,14,067,Playter Estates-Danforth,Active,active,309,19666,,2018-02-16,http://app.toronto.ca/AIC/index.do?folderRsn=yDn%2FBTJL6greEx9yERQV0g%3D%3D,-79.358141,43.679623
19 244078 STE 11 OZ,287 DAVENPORT RD,11,095,Annex,Active,active,63,12364,256,2019-11-01,http://app.toronto.ca/AIC/index.do?folderRsn=C%2BeSd1r4ioqOFatYV9CT9Q%3D%3D,-79.399596,43.672168
22 143097 ESC 21 OZ,1925 VICTORIA PARK AVE,21,149,Parkwoods-O'Connor Hills,Active,active,185,16426.45,1384.06,2022-05-06,http://app.toronto.ca/AIC/index.do?folderRsn=dfQsn3TL1UPOi0D6FLFQAA%3D%3D,-79.311588,43.746675
25 187032 ESC 20 SA,27 PARKCREST DR,20,139,Scarborough Village,Under Review,proposed,144,14595,,2025-07-02,http://app.toronto.ca/AIC/index.do?folderRsn=Oc9Knh%2BoR3Lqho5l1AKCIw%3D%3D,-79.218462,43.734126
26 118047 STE 04 OZ,1497 QUEEN ST W,4,085,South Parkdale,Under Review,proposed,141,6305,2036,2026-02-17,http://app.toronto.ca/AIC/index.do?folderRsn=vLhnTmtDcV3AmXwwKYb4sw%3D%3D,-79.441104,43.637617
24 242044 NNY 16 SA,825 DON MILLS RD,16,044,Flemingdon Park,Under Review,proposed,0,,5324.7,2024-11-22,http://app.toronto.ca/AIC/index.do?folderRsn=qddurfO%2Byd72gQCJ7%2B%2BJdA%3D%3D,-79.339011,43.719396
24 245745 NNY 17 OZ,2135 SHEPPARD AVE E,17,053,Henry Farm,Active,active,463,31383.1,,2024-12-02,http://app.toronto.ca/AIC/index.do?folderRsn=%2B7TJAL7iT%2BjIDfAnuG3T5A%3D%3D,-79.332251,43.772675
24 248249 NNY 08 SA,1451 AVENUE RD,8,103,Lawrence Park South,Under Review,proposed,0,,5615,2024-12-09,http://app.toronto.ca/AIC/index.do?folderRsn=m7HSze5T9C%2BEBfja0cq2cw%3D%3D,-79.413919,43.718368
21 179621 STE 12 OZ,758 MOUNT PLEASANT RD,12,174,South Eglinton-Davisville,Active,active,618,42094,65,2021-07-05,http://app.toronto.ca/AIC/index.do?folderRsn=Sr4JlWhqApZTi2bPCF1uNA%3D%3D,-79.390461,43.705341
19 122810 STE 19 OZ,985 WOODBINE AVE,19,064,Woodbine Corridor,Active,active,601,41520.4,3487.6,2019-03-07,http://app.toronto.ca/AIC/index.do?folderRsn=dn%2B6RH0CD%2B4XXAMv0SQHnw%3D%3D,-79.312706,43.684369
25 155953 STE 09 OZ,2343 EGLINTON AVE W,9,109,Caledonia-Fairbank,Under Review,proposed,646,46212,878,2025-05-07,http://app.toronto.ca/AIC/index.do?folderRsn=hjvdkN1wz52oYSCj2sLVlw%3D%3D,-79.462861,43.690647
18 268779 STE 12 OZ,145 BALMORAL AVE,12,096,Casa Loma,Active,active,64,5355,8369,2018-12-14,http://app.toronto.ca/AIC/index.do?folderRsn=TFUnhuHtR8DSLBePW9GIYw%3D%3D,-79.399772,43.682366
24 144833 STE 14 SA,190 CHERRY ST,14,070,South Riverdale,Built,built,0,,5846,2024-05-06,http://app.toronto.ca/AIC/index.do?folderRsn=NPRR0VXyDsLaeX4cNusIog%3D%3D,-79.350773,43.640588
22 202882 ESC 20 OZ,2941 EGLINTON AVE E,20,123,Cliffcrest,Active,active,528,44734,500,2022-09-13,http://app.toronto.ca/AIC/index.do?folderRsn=gZrlflqdNNCSEEY0oMO8EQ%3D%3D,-79.234631,43.737512
23 143181 STE 13 OZ,20 FRONT ST W,13,166,St Lawrence-East Bayfront-The Islands,Under Review,proposed,480,34518,625,2023-05-08,http://app.toronto.ca/AIC/index.do?folderRsn=dta7ru7jbjxwhpFv0%2BVo8w%3D%3D,-79.37837,43.644424
20 153410 STE 10 OZ,200 QUEENS QUAY  W,10,165,Harbourfront-CityPlace,Active,active,1024,59080,329,2020-06-08,http://app.toronto.ca/AIC/index.do?folderRsn=D7CHrsoz9t%2BHvcPj1aAkQg%3D%3D,-79.381943,43.638491
26 132226 ESC 24 OZ,4129 LAWRENCE AVE E,24,136,West Hill,Under Review,proposed,259,18172.8,124,2026-03-20,http://app.toronto.ca/AIC/index.do?folderRsn=RXabdINBq6ZK6a2mQW0XeA%3D%3D,-79.19247,43.764631
10 321208 STE 22 OZ,101 ST CLAIR AVE W,12,097,Yonge-St.Clair,Built,built,240,24710.7,,2010-12-30,,-79.399055,43.684766
15 170321 NNY 34 OZ,1648-1682 VICTORIA PARK AVE,16,043,Victoria Village,Built,built,147,15333,,2015-06-08,http://app.toronto.ca/AIC/index.do?folderRsn=9OabWvRlqnKBa6UXcI%2F8Dw%3D%3D,-79.306207,43.729271
22 150580 STE 11 OZ,191 COLLEGE ST,11,078,Kensington-Chinatown,Active,active,706,36703,1355,2022-05-24,http://app.toronto.ca/AIC/index.do?folderRsn=B5iRHQ%2BtV5%2F0Dod6NNajjQ%3D%3D,-79.395265,43.656629
17 228459 STE 28 SA,215 LAKE SHORE BLVD E,10,166,St Lawrence-East Bayfront-The Islands,Active,active,1261,92615,735,2017-09-06,http://app.toronto.ca/AIC/index.do?folderRsn=CsSVZgbyLYF7CG%2B%2FZZiWnw%3D%3D,-79.367189,43.643668
21 121792 NNY 08 OZ,3180 DUFFERIN ST,8,031,Yorkdale-Glen Park,Active,active,1250,80345,1678,2021-03-01,http://app.toronto.ca/AIC/index.do?folderRsn=8LByCxEUqU7Db2urnc8yYw%3D%3D,-79.456059,43.715795
17 223999 STE 22 OZ,265 BALLIOL ST,12,099,Mount Pleasant East,Active,active,233,17952,150.5,2017-08-28,http://app.toronto.ca/AIC/index.do?folderRsn=%2BDywPD%2B9ztN6QeAby8rNlg%3D%3D,-79.388215,43.696843
25 257615 WET 07 SA,100 CLAYSON RD,7,154,Oakdale-Beverley Heights,Under Review,proposed,0,,5626.8,2025-11-24,http://app.toronto.ca/AIC/index.do?folderRsn=WRu7hDW2C0idXVZHScEVJA%3D%3D,-79.526387,43.720859
24 221616 ESC 20 OZ,1911-1921 EGLINTON AVE E,20,120,Clairlea-Birchmount,Under Review,proposed,2243,146872,38233,2024-10-03,http://app.toronto.ca/AIC/index.do?folderRsn=ljK2jnNvmqtBSeuJyGjd%2Fg%3D%3D,-79.289017,43.724851
21 215481 NNY 16 SA,1123 LESLIE ST,16,042,Banbury-Don Mills,Under Review,proposed,0,,3990,2021-09-21,http://app.toronto.ca/AIC/index.do?folderRsn=mddIfheJqSBob8%2FDZyBikw%3D%3D,-79.347714,43.720891
19 265929 STE 13 OZ,75 ONTARIO ST,13,073,Moss Park,Under Review,proposed,380,22862,277,2019-12-31,http://app.toronto.ca/AIC/index.do?folderRsn=Z5jY%2Fpy7Q6e6q5XH3p61eg%3D%3D,-79.366604,43.651856
22 123730 STE 14 OZ,1233 QUEEN ST E,14,070,South Riverdale,Active,active,149,10023.9,363.1,2022-03-17,http://app.toronto.ca/AIC/index.do?folderRsn=wdqsT0eH14vayzZ%2BPrZnRg%3D%3D,-79.329782,43.661169
20 220233 STE 13 OZ,471 QUEEN ST E,13,073,Moss Park,Under Review,proposed,151,8856,176,2020-11-19,http://app.toronto.ca/AIC/index.do?folderRsn=7j1%2FiyPgWpqVQjiyijQcoQ%3D%3D,-79.35955,43.654618
16 188179 STE 28 OZ,31 PARLIAMENT ST,10,166,St Lawrence-East Bayfront-The Islands,Active,active,427,30389.5,134.12,2016-07-11,http://app.toronto.ca/AIC/index.do?folderRsn=L50CScxz8TYILdssqgU9DQ%3D%3D,-79.361442,43.646904
17 168095 STE 27 OZ,5 SCRIVENER SQ,11,095,Annex,Built,built,120,20172,3266,2017-05-29,http://app.toronto.ca/AIC/index.do?folderRsn=Jcc%2FmUYM9XHSM4LU3wc9lQ%3D%3D,-79.390765,43.678477
26 106480 ESC 22 SA,3550 PHARMACY AVE,22,116,Steeles,Under Review,proposed,0,,23397.52,2026-01-19,http://app.toronto.ca/AIC/index.do?folderRsn=AoJd9LazYTR%2BkszSxEQBqQ%3D%3D,-79.337847,43.81363
24 120678 NNY 15 OZ,1802 BAYVIEW AVE,15,099,Mount Pleasant East,Under Review,proposed,441,28928,332,2024-02-29,http://app.toronto.ca/AIC/index.do?folderRsn=7LI%2Bn5Vh2m00dAO1mOivhw%3D%3D,-79.37811,43.710235
21 235167 STE 13 OZ,10 HUNTLEY ST,13,074,North St.James Town,Under Review,proposed,335,24633,,2021-11-07,http://app.toronto.ca/AIC/index.do?folderRsn=n9MpjutyjiNjxysTdg8OwQ%3D%3D,-79.378417,43.666604
21 105906 STE 04 OZ,2 TEMPLE AVE,4,085,South Parkdale,Active,active,269,19409,,2021-01-18,http://app.toronto.ca/AIC/index.do?folderRsn=nivIDOlVmhadwvOah%2FRtmg%3D%3D,-79.426792,43.634502
25 249512 NNY 15 OZ,39 WILKET RD,15,041,Bridle Path-Sunnybrook-York Mills,Under Review,proposed,53,11884.4,,2025-11-05,http://app.toronto.ca/AIC/index.do?folderRsn=uXwN9t7zwyKJhsM0VXJPRg%3D%3D,-79.383197,43.742322
22 138557 STE 13 OZ,88 ISABELLA ST,13,167,Church-Wellesley,Active,active,508,35428,,2022-04-26,http://app.toronto.ca/AIC/index.do?folderRsn=5QMDRsOlQd01IPtF0vG5rg%3D%3D,-79.381548,43.666735
25 186202 STE 12 SA,542 ST CLAIR AVE W,12,094,Wychwood,Active,active,0,,1807,2025-06-30,http://app.toronto.ca/AIC/index.do?folderRsn=BwdcL2ktzRdqDGMOBHkDaw%3D%3D,-79.421124,43.680937
21 214507 STE 10 SA,545 LAKE SHORE BLVD W,10,163,Fort York-Liberty Village,Active,active,462,28219,804,2021-09-17,http://app.toronto.ca/AIC/index.do?folderRsn=ocZYEMy8RVmscAfOJK4jAg%3D%3D,-79.39894,43.634492
22 113864 NNY 17 OZ,23 GREENBRIAR RD,17,040,St.Andrew-Windfields,Active,active,303,22131.1,,2022-02-14,http://app.toronto.ca/AIC/index.do?folderRsn=H05CADKVUDQJiJEj256ztw%3D%3D,-79.379352,43.76465
21 214505 STE 10 SA,545 LAKE SHORE BLVD W,10,163,Fort York-Liberty Village,Active,active,0,,2165,2021-09-17,http://app.toronto.ca/AIC/index.do?folderRsn=zr3eHK1Qho1nU2nWMz6qrQ%3D%3D,-79.39894,43.634492
22 236510 STE 09 OZ,450 DUFFERIN ST,9,086,Roncesvalles,Active,active,175,12388.4,364.1,2022-12-06,http://app.toronto.ca/AIC/index.do?folderRsn=5k7UJu5Z2aSZJq2doYA9sQ%3D%3D,-79.430337,43.643241
25 174756 NNY 18 OZ,41 HENDON AVE,18,037,Willowdale West,Active,active,355,25827.6,131.8,2025-06-10,http://app.toronto.ca/AIC/index.do?folderRsn=E%2Fuq5OHBKtzyz9AZvyfqdw%3D%3D,-79.419668,43.778658
15 261823 NNY 26 OZ,25 ST DENNIS DR,16,044,Flemingdon Park,Built,built,552,45723.2,,2015-12-07,http://app.toronto.ca/AIC/index.do?folderRsn=cFuf8cp1tWcrkqV1Fe0Ofg%3D%3D,-79.333201,43.715189
22 136287 WET 02 SA,250 WINCOTT DR,2,010,Princess-Rosethorn,Active,active,313,24279,1529,2022-04-20,http://app.toronto.ca/AIC/index.do?folderRsn=UTdxpFpwHJHJmTtrDHusMQ%3D%3D,-79.546211,43.676793
22 124809 ESC 25 SA,51 BEECHGROVE DR,25,136,West Hill,Active,active,0,,7236,2022-03-21,http://app.toronto.ca/AIC/index.do?folderRsn=cFWEP2iGFg%2BdFjDCXDl40w%3D%3D,-79.150281,43.764136
16 118645 STE 22 OZ,65 BROADWAY AVE,12,173,North Toronto,Built,built,778,59754.3,777.1,2016-02-19,http://app.toronto.ca/AIC/index.do?folderRsn=pR4UlF7kbGk%2Ff15P%2FrAuRA%3D%3D,-79.395479,43.707929
18 174573 STE 27 OZ,139 CHURCH ST,13,168,Downtown Yonge East,Active,active,433,32100,280,2018-06-08,http://app.toronto.ca/AIC/index.do?folderRsn=DluPcCLT6izx4GZ%2FAvXXtw%3D%3D,-79.375976,43.651699
20 120382 STE 13 OZ,231 RICHMOND ST E,13,073,Moss Park,Active,active,516,30341,3234,2020-02-28,http://app.toronto.ca/AIC/index.do?folderRsn=ZtCLbN8g8jwqKES8ngz6yw%3D%3D,-79.371114,43.650696
25 256557 STE 13 OZ,405 SHERBOURNE ST,13,073,Moss Park,Active,active,300,24308,388,2025-11-20,http://app.toronto.ca/AIC/index.do?folderRsn=plfBcg7FZ8Dyhc2R%2BveAeQ%3D%3D,-79.373555,43.662609
25 210128 STE 13 OZ,164 ISABELLA ST,13,074,North St.James Town,Under Review,proposed,658,44737.4,,2025-08-14,http://app.toronto.ca/AIC/index.do?folderRsn=%2FfelwHv6cpgvItn5LeIKXA%3D%3D,-79.37669,43.667737
18 270843 STE 11 OZ,316 DUPONT ST,11,095,Annex,Built,built,126,12042,2767,2018-12-20,http://app.toronto.ca/AIC/index.do?folderRsn=nUsN2F82VJ5Zz5Otz3mGcg%3D%3D,-79.409021,43.672725
23 167863 STE 10 SA,259 LAKE SHORE BLVD E,10,166,St Lawrence-East Bayfront-The Islands,Under Review,proposed,396,31690,2522,2023-06-29,http://app.toronto.ca/AIC/index.do?folderRsn=h0K%2F8wMYzTeRBBL23HdwpA%3D%3D,-79.364414,43.644614
24 205842 WET 01 SA,90 BELFIELD RD,1,001,West Humber-Clairville,Active,active,0,,12301,2024-08-29,http://app.toronto.ca/AIC/index.do?folderRsn=kEiIOG%2BJhy9FAiKGEsDihA%3D%3D,-79.572763,43.702554
14 145467 NNY 24 OZ,25 BALLYCONNOR CRT,17,049,Bayview Woods-Steeles,Built,built,30,12279.45,,2014-04-22,,-79.385502,43.797882
22 236511 ESC 20 OZ,2257 KINGSTON RD,20,122,Birchcliffe-Cliffside,Active,active,252,22027.2,1110.2,2022-12-06,http://app.toronto.ca/AIC/index.do?folderRsn=NpsNTHlGpchVYN0AN13nog%3D%3D,-79.25118,43.70373
21 146032 STE 10 OZ,150 QUEENS WHARF RD,10,165,Harbourfront-CityPlace,Active,active,272,23131.28,388.59,2021-04-26,http://app.toronto.ca/AIC/index.do?folderRsn=duIgNzWj0SCrZPvHAg8f7w%3D%3D,-79.399955,43.639842
24 226394 STE 11 OZ,44 PRICE ST,11,098,Rosedale-Moore Park,Active,active,0,,4641,2024-10-15,http://app.toronto.ca/AIC/index.do?folderRsn=I20Ryne%2B%2FJ2caahdHdgyyw%3D%3D,-79.388953,43.678553
20 228056 NNY 06 OZ,3374 KEELE ST,6,027,York University Heights,Under Review,proposed,299,23253.59,,2020-12-10,http://app.toronto.ca/AIC/index.do?folderRsn=NaHbBESFU0%2Forvl9eQXMzw%3D%3D,-79.487504,43.744956
13 173059 NNY 34 OZ,40 MOCCASIN TRL,16,042,Banbury-Don Mills,Active,active,294,26511,,2013-05-23,http://app.toronto.ca/AIC/index.do?folderRsn=CWy3kkarmv7tLwx2VdQYkQ%3D%3D,-79.337244,43.72848
20 119614 NNY 08 OZ,722 MARLEE AVE,8,031,Yorkdale-Glen Park,Built,built,28,2216,,2020-02-26,http://app.toronto.ca/AIC/index.do?folderRsn=HDbJ7AMc0XRPUgO64vsVBw%3D%3D,-79.445194,43.709288
23 112047 STE 10 OZ,100 BEVERLEY ST,10,078,Kensington-Chinatown,Active,active,12,844,,2023-02-09,http://app.toronto.ca/AIC/index.do?folderRsn=M4OLF%2B8bjtlKfypMXpgYeA%3D%3D,-79.394009,43.651005
24 219941 NNY 08 OZ,262 VIEWMOUNT AVE,8,031,Yorkdale-Glen Park,Under Review,proposed,397,30135.22,,2024-09-30,http://app.toronto.ca/AIC/index.do?folderRsn=%2BeEQSNWEyiEduUqvUkPhmw%3D%3D,-79.442191,43.705666
25 269493 ESC 23 OZ,4433 SHEPPARD AVE E,23,128,Agincourt South-Malvern West,Under Review,proposed,647,39814,1813,2025-12-23,http://app.toronto.ca/AIC/index.do?folderRsn=OgU2EwQM0VfEuR2KEdpBKA%3D%3D,-79.26735,43.785464
20 176082 WET 03 OZ,1325 THE QUEENSWAY,3,159,Etobicoke City Centre,Active,active,1184,77527,1333,2020-08-04,http://app.toronto.ca/AIC/index.do?folderRsn=f%2Byh5iSWBSsmCPcwIwbhuQ%3D%3D,-79.528635,43.61814
26 125774 ESC 20 OZ,47 LUCY AVE,20,122,Birchcliffe-Cliffside,Under Review,proposed,147,10960.95,,2026-03-06,http://app.toronto.ca/AIC/index.do?folderRsn=2CwM5G%2F3oR4LwPyxEw289Q%3D%3D,-79.284493,43.688794
09 143729 ESC 40 OZ,2002 PHARMACY AVE,22,118,Tam O'Shanter-Sullivan,Active,active,158,10800.3,144.44,2009-06-01,,-79.318807,43.774609
26 134340 STE 10 SA,156 JOHN ST,10,164,Wellington Place,Under Review,proposed,0,,,2026-03-25,http://app.toronto.ca/AIC/index.do?folderRsn=T%2BefnY7GcuhpX1Fx9hYIIQ%3D%3D,-79.391479,43.647495
26 138158 NNY 06 OZ,4646 DUFFERIN ST,6,027,York University Heights,Under Review,proposed,617,83049.2,11953.3,2026-04-02,http://app.toronto.ca/AIC/index.do?folderRsn=6NCybEYqB4jBBl1xseShDQ%3D%3D,-79.469457,43.772194
26 131356 STE 11 SA,150 COLLEGE ST,11,078,Kensington-Chinatown,Under Review,proposed,0,,25387,2026-03-18,http://app.toronto.ca/AIC/index.do?folderRsn=LuaoXKFOuWUoVKld5nKuwA%3D%3D,-79.392567,43.65802
26 146635 WET 01 SA,330 QUEENS PLATE DR,1,001,West Humber-Clairville,Under Review,proposed,0,,465,2026-04-20,http://app.toronto.ca/AIC/index.do?folderRsn=5xYUqXKoO4QXzAnmk1POSQ%3D%3D,-79.596238,43.719586
26 148240 STE 11 OZ,2 BLOOR ST E,11,167,Church-Wellesley,Under Review,proposed,0,,,2026-04-22,http://app.toronto.ca/AIC/index.do?folderRsn=y%2F11cyvEu0Ud9yNaaVyRkg%3D%3D,-79.385067,43.668884
23 134151 WET 05 SA,150 SYMES RD,5,090,Junction Area,Under Review,proposed,0,,4167,2023-04-14,http://app.toronto.ca/AIC/index.do?folderRsn=rwz6aevtAZfP7u1qzeRwtw%3D%3D,-79.479275,43.671138
26 150475 NNY 16 OZ,39 WYNFORD DR,16,042,Banbury-Don Mills,Under Review,proposed,1245,103023.9,464.5,2026-04-27,http://app.toronto.ca/AIC/index.do?folderRsn=a8Hvy8souWikOdc%2Fjm1uVw%3D%3D,-79.335557,43.721355
26 151476 ESC 20 OZ,2347 EGLINTON AVE E,20,125,Ionview,Under Review,proposed,375,25852,447,2026-04-28,http://app.toronto.ca/AIC/index.do?folderRsn=bIljHGPNsTm%2F8CzBs7gFrQ%3D%3D,-79.270492,43.729418
26 114386 NNY 18 OZ,11 JOHNSTON AVE,18,038,Lansing-Westgate,Under Review,proposed,524,37521.9,89.6,2026-02-06,http://app.toronto.ca/AIC/index.do?folderRsn=5PzRPshrYA7Sxgn87hh4%2Fg%3D%3D,-79.411302,43.756762
26 141014 STE 13 OZ,4 GILEAD PL,13,166,St Lawrence-East Bayfront-The Islands,Under Review,proposed,297,14258,,2026-04-09,http://app.toronto.ca/AIC/index.do?folderRsn=VVZ7giE0g6ZqGOPCGeICWw%3D%3D,-79.361179,43.651554
26 122451 STE 13 OZ,500 DUNDAS ST E,13,072,Regent Park,Under Review,proposed,413,27905,246,2026-02-27,http://app.toronto.ca/AIC/index.do?folderRsn=9OeVhFuD5G0FTMkwBab0Ig%3D%3D,-79.364419,43.658093
26 153706 NNY 15 SA,2472 BAYVIEW AVE,15,041,Bridle Path-Sunnybrook-York Mills,Under Review,proposed,60,6179,,2026-05-01,http://app.toronto.ca/AIC/index.do?folderRsn=QF%2FJ6rgUaGv%2Bj9AvQk9nVA%3D%3D,-79.384176,43.741051
26 101832 STE 11 OZ,55 ELM ST,11,170,Yonge-Bay Corridor,Under Review,proposed,0,,10379,2026-01-07,http://app.toronto.ca/AIC/index.do?folderRsn=tNlY14gleZw6mYxzbaHabg%3D%3D,-79.384767,43.655077
26 157132 STE 12 SA,200 LONSDALE RD,12,096,Casa Loma,Under Review,proposed,0,,13209,2026-05-08,http://app.toronto.ca/AIC/index.do?folderRsn=c2qV32wqF92V38fZXCcDrQ%3D%3D,-79.403644,43.689398
26 158478 ESC 24 OZ,930 PROGRESS AVE,24,142,Woburn North,Under Review,proposed,784,51436.94,5366.88,2026-05-11,http://app.toronto.ca/AIC/index.do?folderRsn=VFDHqe4x76Wv8agOw4uwUQ%3D%3D,-79.233583,43.780459
26 165494 WET 03 OZ,286 ROYAL YORK RD,3,160,Mimico-Queensway,Under Review,proposed,467,39654.5,3526.6,2026-05-22,http://app.toronto.ca/AIC/index.do?folderRsn=RfBPFNWwcem4k8Pr999CnQ%3D%3D,-79.498435,43.612912
26 145877 STE 12 OZ,732 MOUNT PLEASANT RD,12,174,South Eglinton-Davisville,Under Review,proposed,396,27520,65,2026-04-17,http://app.toronto.ca/AIC/index.do?folderRsn=poJ6WZdpmPGzWdAQDSra9g%3D%3D,-79.390168,43.704995
26 165289 NNY 08 OZ,491 GLENCAIRN AVE,8,032,Englemount-Lawrence,Under Review,proposed,225,18937,362,2026-05-22,http://app.toronto.ca/AIC/index.do?folderRsn=MFBP27BLqSbC%2FN1R8Q%2F1zw%3D%3D,-79.427655,43.70989
26 143612 STE 04 OZ,78 SPRINGHURST AVE,4,085,South Parkdale,Under Review,proposed,54,2707.6,,2026-04-14,http://app.toronto.ca/AIC/index.do?folderRsn=uc%2BrvCIcrs2ZkoLwGOjwTw%3D%3D,-79.433316,43.631897
21 219614 NNY 15 OZ,586 EGLINTON AVE E,15,099,Mount Pleasant East,Active,active,249,16989,4672,2021-09-29,http://app.toronto.ca/AIC/index.do?folderRsn=iATbPGe4vrH1cD8pLz%2FhdQ%3D%3D,-79.379836,43.708907
24 105045 ESC 22 OZ,2930 FINCH AVE E,22,147,L'Amoreaux West,Under Review,proposed,959,78356,2202,2024-01-15,http://app.toronto.ca/AIC/index.do?folderRsn=faTfstcoWBOQZSUCeN3ZMw%3D%3D,-79.330566,43.792151
25 231367 ESC 21 SA,20 ELLESMERE RD,21,150,Fenside-Parkwoods,Under Review,proposed,0,,288.1,2025-09-26,http://app.toronto.ca/AIC/index.do?folderRsn=cFGlXMpDp4RqYlZqU8oYXg%3D%3D,-79.315038,43.756438
26 146061 STE 10 OZ,701 FLEET ST,10,163,Fort York-Liberty Village,Under Review,proposed,0,,5659,2026-04-17,http://app.toronto.ca/AIC/index.do?folderRsn=gACH68yoCH41LbgF6Ud8iQ%3D%3D,-79.407507,43.633943
26 141806 STE 13 OZ,90 ISABELLA ST   1,13,167,Church-Wellesley,Under Review,proposed,818,50066,,2026-04-10,http://app.toronto.ca/AIC/index.do?folderRsn=3PeSQn8u%2F0XlNBmfzi15%2FA%3D%3D,-79.38084,43.666878
26 137976 STE 10 SA,1117-1125 DUNDAS ST W,10,081,Trinity-Bellwoods,Under Review,proposed,74,5947.1,197.2,2026-04-01,http://app.toronto.ca/AIC/index.do?folderRsn=PVK44O%2BH%2Fqsw%2BXng0hoYuw%3D%3D,-79.419912,43.647349
26 115551 ESC 24 OZ,0 CORPORATE DR   S/S,24,142,Woburn North,Under Review,proposed,2424,158567,1637,2026-02-10,http://app.toronto.ca/AIC/index.do?folderRsn=oDpTaPnPjRZ8QjWYTJESFw%3D%3D,-79.249918,43.777435
05 104781 STE 22 OZ,70 RUSSELL HILL RD,12,,,Built,built,21,6522,,2005-01-26,,,
